simID,time,cellID,cellType,x,y
0,0,1,A,5.138587963,6.3919021
0,0,2,A,2.882622516,7.958544772
0,0,3,A,8.585201841,7.519884824
0,0,4,A,7.081224876,8.083876186
0,0,5,A,9.58785315,6.955893462
0,0,6,A,5.577247911,3.634610998
0,0,7,A,8.459870427,3.00795393
0,0,8,A,9.023861789,4.073270946
0,0,9,A,6.705230635,9.901181685
0,0,10,A,6.329236393,3.571945291
0,0,11,A,7.331887703,9.462521737
0,0,12,A,9.337190323,7.331887703
0,0,13,A,6.078573566,9.337190323
0,0,14,A,4.699928015,3.947939533
0,0,15,A,3.697276705,3.885273826
0,0,16,A,9.775850271,6.642564928
0,0,17,A,6.329236393,4.762593722
0,0,18,A,6.3919021,7.958544772
0,0,19,A,4.574596601,7.018559169
0,0,20,A,9.086527496,4.574596601
0,0,21,A,5.953242152,3.822608119
0,0,22,A,4.449265187,9.963847392
0,0,23,A,6.579899221,5.639913618
0,0,24,A,6.767896341,10.21451022
0,0,25,A,3.697276705,5.577247911
0,0,26,A,5.075922256,6.329236393
0,0,27,A,5.013256549,4.449265187
0,0,28,A,6.266570687,4.825259429
0,0,29,A,9.086527496,7.269221996
0,0,30,A,7.833213358,3.133285343
0,0,31,A,7.081224876,2.255965447
0,0,32,A,9.963847392,5.075922256
0,0,33,A,8.146541893,5.075922256
0,0,34,A,8.021210479,5.013256549
0,0,35,A,6.767896341,3.070619636
0,0,36,A,7.20655629,7.833213358
0,0,37,A,2.945288223,7.20655629
0,0,38,A,7.39455341,7.331887703
0,0,39,A,4.574596601,5.702579325
0,0,40,A,6.893227755,8.459870427
0,0,41,A,3.947939533,3.509279584
0,0,42,A,3.133285343,7.143890583
0,0,43,A,3.634610998,8.271873306
0,0,44,A,4.950590842,9.086527496
0,0,45,A,7.20655629,6.20390498
0,0,46,A,5.20125367,10.27717593
0,0,47,A,8.146541893,6.830562048
0,0,48,A,4.323933774,6.329236393
0,0,49,A,9.462521737,5.765245032
0,0,50,A,6.266570687,8.710533254
0,0,51,B,7.20655629,3.634610998
0,0,52,B,4.950590842,8.898530375
0,0,53,B,8.334539013,3.133285343
0,0,54,B,8.271873306,8.898530375
0,0,55,B,3.258616757,6.454567807
0,0,56,B,6.893227755,3.885273826
0,0,57,B,7.519884824,2.443962568
0,0,58,B,3.634610998,3.446613878
0,0,59,B,7.081224876,3.321282464
0,0,60,B,4.950590842,3.133285343
0,0,61,B,2.945288223,7.895879065
0,0,62,B,8.146541893,8.334539013
0,0,63,B,5.451916497,7.833213358
0,0,64,B,4.19860236,7.018559169
0,0,65,B,5.38925079,10.15184451
0,0,66,B,4.887925136,7.39455341
0,0,67,B,8.334539013,4.699928015
0,0,68,B,5.765245032,5.953242152
0,0,69,B,8.334539013,5.326585084
0,0,70,B,9.149193202,5.953242152
0,0,71,B,2.694625395,4.950590842
0,0,72,B,9.023861789,8.961196082
0,0,73,B,7.770547651,5.890576445
0,0,74,B,5.38925079,6.3919021
0,0,75,B,6.517233514,4.950590842
0,0,76,B,8.271873306,9.838515978
0,0,77,B,2.945288223,6.078573566
0,0,78,B,9.775850271,5.326585084
0,0,79,B,5.702579325,7.833213358
0,0,80,B,3.759942412,4.825259429
0,0,81,B,7.143890583,8.710533254
0,0,82,B,5.765245032,4.511930894
0,0,83,B,2.443962568,7.269221996
0,0,84,B,5.451916497,5.38925079
0,0,85,B,7.770547651,8.773198961
0,0,86,B,6.454567807,7.457219117
0,0,87,B,5.827910739,3.885273826
0,0,88,B,5.013256549,9.58785315
0,0,89,B,5.138587963,3.885273826
0,0,90,B,4.574596601,7.770547651
0,0,91,B,10.0265131,4.887925136
0,0,92,B,8.209207599,7.018559169
0,0,93,B,5.702579325,8.835864668
0,0,94,B,9.838515978,4.135936653
0,0,95,B,4.762593722,3.822608119
0,0,96,B,5.451916497,4.135936653
0,0,97,B,8.083876186,8.39720472
0,0,98,B,4.887925136,6.830562048
0,0,99,B,8.459870427,3.509279584
0,0,100,B,7.770547651,6.3919021
0,250,1,A,4.640380005,6.150904133
0,250,2,A,2.234237137,7.839511418
0,250,3,A,8.825838155,7.654302765
0,250,4,A,7.470828335,8.320613302
0,250,5,A,10.39369006,7.642067204
0,250,6,A,5.778339358,2.796885852
0,250,7,A,9.240685134,2.041335401
0,250,8,A,9.980140475,3.445047235
0,250,9,A,6.791902609,10.30866467
0,250,10,A,6.734536986,2.964306174
0,250,11,A,7.476860605,10.40749566
0,250,12,A,9.63855254,7.993813915
0,250,13,A,6.03492581,10.27624062
0,250,14,A,3.842347816,3.828874689
0,250,15,A,2.954466534,3.760891893
0,250,16,A,10.70617101,6.829626738
0,250,17,A,6.499913847,4.384080256
0,250,18,A,6.61170443,8.143707767
0,250,19,A,3.998894981,6.812205427
0,250,20,A,9.868746673,4.202381197
0,250,21,A,6.312629981,3.639937583
0,250,22,A,3.707668506,10.45730047
0,250,23,A,6.785355446,5.839757987
0,250,24,A,6.752466089,11.15040208
0,250,25,A,3.059395928,5.529858918
0,250,26,A,4.361969675,5.347785422
0,250,27,A,3.600601469,4.541846684
0,250,28,A,6.316955174,5.191491676
0,250,29,A,9.619341891,7.058153919
0,250,30,A,7.168956865,2.234659107
0,250,31,A,6.73625016,1.576982513
0,250,32,A,10.89098652,5.845457136
0,250,33,A,8.353652054,4.988816924
0,250,34,A,8.059313748,4.33904912
0,250,35,A,6.052880626,2.065461698
0,250,36,A,8.128907324,7.83982632
0,250,37,A,2.381296861,6.984234736
0,250,38,A,7.101480456,7.38917302
0,250,39,A,3.747722599,5.444396612
0,250,40,A,6.731052685,8.915535141
0,250,41,A,3.464563351,3.012677475
0,250,42,A,3.162738226,7.297421564
0,250,43,A,3.53591251,9.500121161
0,250,44,A,4.318526073,9.840742678
0,250,45,A,7.068943657,6.615483266
0,250,46,A,4.55987016,10.73651556
0,250,47,A,7.956351472,6.919234024
0,250,48,A,3.224150618,6.412268455
0,250,49,A,10.14804659,6.170673165
0,250,50,A,6.563839166,9.500939907
0,250,51,B,8.310532746,3.483090931
0,250,52,B,4.593805687,8.944191316
0,250,53,B,8.5193871,2.391058855
0,250,54,B,9.248959502,9.74436153
0,250,55,B,2.093974595,6.278477171
0,250,56,B,7.335334317,3.801301778
0,250,57,B,8.002724095,1.745866593
0,250,58,B,2.541126063,2.819640315
0,250,59,B,7.764534275,2.867114336
0,250,60,B,4.919100538,2.254705835
0,250,61,B,2.764497658,8.735286209
0,250,62,B,9.095927352,8.681080372
0,250,63,B,5.276701934,7.706634866
0,250,64,B,3.384888156,7.947264945
0,250,65,B,5.454435722,10.88871765
0,250,66,B,4.446116157,8.058369037
0,250,67,B,9.014820468,4.020581869
0,250,68,B,6.098838595,6.393149179
0,250,69,B,9.253012507,5.001409301
0,250,70,B,9.388519521,5.934347969
0,250,71,B,1.898865389,4.875329013
0,250,72,B,9.841035202,9.072041954
0,250,73,B,7.68312899,5.797831199
0,250,74,B,5.420896972,6.540733154
0,250,75,B,7.293784434,4.899261645
0,250,76,B,8.583635198,10.56418486
0,250,77,B,1.903588935,5.658177995
0,250,78,B,10.08886548,5.187467214
0,250,79,B,5.617353963,8.378405008
0,250,80,B,2.579633823,4.716847756
0,250,81,B,7.725428342,9.323717196
0,250,82,B,5.496409149,4.718727727
0,250,83,B,1.448793731,6.865168483
0,250,84,B,5.402543516,5.521861554
0,250,85,B,8.274100007,9.956849193
0,250,86,B,6.084526808,7.413666451
0,250,87,B,5.407200264,3.866694546
0,250,88,B,5.207551731,9.944323402
0,250,89,B,4.945264257,3.22164399
0,250,90,B,3.687563521,8.64724089
0,250,91,B,10.73221083,4.640411339
0,250,92,B,8.81831827,6.605278832
0,250,93,B,5.503929034,9.157339744
0,250,94,B,10.89029216,3.708928118
0,250,95,B,4.29275997,2.898845618
0,250,96,B,4.687081545,4.39098608
0,250,97,B,8.408541228,8.954898022
0,250,98,B,4.663139192,7.166338003
0,250,99,B,9.218505272,2.991496269
0,250,100,B,8.446083971,5.913449428
0,500,1,A,4.544995714,5.966468081
0,500,2,A,2.430868241,7.70975256
0,500,3,A,8.705179905,7.521459337
0,500,4,A,7.636398953,8.343986107
0,500,5,A,10.29033572,7.64897618
0,500,6,A,5.747698634,3.028633613
0,500,7,A,9.3724203,1.900548005
0,500,8,A,10.06575829,3.404836739
0,500,9,A,6.926127251,10.17409084
0,500,10,A,6.795469253,3.02926027
0,500,11,A,7.447819261,10.70142276
0,500,12,A,9.47254825,7.967004642
0,500,13,A,6.019041144,10.06505251
0,500,14,A,3.963919288,4.003712012
0,500,15,A,2.942468266,3.91002678
0,500,16,A,10.81817936,6.937314183
0,500,17,A,6.468040934,4.398819293
0,500,18,A,6.745311238,8.087693386
0,500,19,A,3.878975765,6.757819445
0,500,20,A,9.969200741,4.125859756
0,500,21,A,6.489033946,3.674717051
0,500,22,A,3.548445651,10.57389805
0,500,23,A,6.800495168,5.914313456
0,500,24,A,6.537489095,11.00099649
0,500,25,A,2.96722122,5.325018441
0,500,26,A,4.360906541,5.062762458
0,500,27,A,3.405772049,4.67560998
0,500,28,A,6.438507752,5.248174224
0,500,29,A,9.469134698,7.115234407
0,500,30,A,7.011912806,2.326859984
0,500,31,A,6.735930502,1.619813575
0,500,32,A,10.7079633,6.01496315
0,500,33,A,8.376106217,4.999715718
0,500,34,A,8.248333905,4.315026973
0,500,35,A,5.998588191,2.193614644
0,500,36,A,8.203224441,7.899028098
0,500,37,A,2.357994035,6.877482602
0,500,38,A,7.106604487,7.403326609
0,500,39,A,3.733175653,5.766189741
0,500,40,A,6.787420331,8.833660345
0,500,41,A,3.495037378,3.271909483
0,500,42,A,3.154591684,7.317474591
0,500,43,A,3.549272271,9.657761628
0,500,44,A,4.33089663,10.0119544
0,500,45,A,6.955893462,6.673897781
0,500,46,A,4.419185648,10.80920778
0,500,47,A,7.865018567,6.851975453
0,500,48,A,3.00795393,6.230851234
0,500,49,A,9.97650713,6.466278066
0,500,50,A,6.698371704,9.44973918
0,500,51,B,8.339839097,3.317541228
0,500,52,B,4.784840048,8.99785552
0,500,53,B,8.619354651,2.304844699
0,500,54,B,9.260668884,9.751287833
0,500,55,B,1.99396611,6.173674287
0,500,56,B,7.518004853,3.871174042
0,500,57,B,7.896512051,1.790720048
0,500,58,B,2.639555532,2.782927073
0,500,59,B,7.779050034,2.809250105
0,500,60,B,4.912051433,2.349964007
0,500,61,B,3.002000687,8.741239451
0,500,62,B,9.253012507,8.737345448
0,500,63,B,5.248489127,7.477058008
0,500,64,B,3.657284018,8.004205713
0,500,65,B,5.372017721,10.72962233
0,500,66,B,4.555606993,8.156353193
0,500,67,B,9.072186091,3.893379837
0,500,68,B,6.009393107,6.39283278
0,500,69,B,9.315257326,4.88259855
0,500,70,B,9.454688523,5.763678389
0,500,71,B,1.554736187,4.878838608
0,500,72,B,9.978332933,9.267911654
0,500,73,B,7.675609105,5.72294568
0,500,74,B,5.177006135,6.500228748
0,500,75,B,7.317787919,4.838105899
0,500,76,B,8.542060123,10.62671831
0,500,77,B,1.7761519,5.579118529
0,500,78,B,10.13893348,5.13827306
0,500,79,B,5.614036734,8.224484314
0,500,80,B,2.281658387,4.595589613
0,500,81,B,7.751338563,9.41245215
0,500,82,B,5.659122704,4.798492669
0,500,83,B,1.380212194,6.807689065
0,500,84,B,5.413498325,5.567800819
0,500,85,B,8.313755411,9.990929054
0,500,86,B,6.039094171,7.356014
0,500,87,B,5.372017721,3.880260569
0,500,88,B,5.16724414,9.779629107
0,500,89,B,4.787346676,3.29214291
0,500,90,B,3.868126493,8.836799979
0,500,91,B,10.81996223,4.698978534
0,500,92,B,8.859677637,6.455821121
0,500,93,B,5.723259008,9.011955304
0,500,94,B,10.98539288,3.810956706
0,500,95,B,4.176042706,2.690238796
0,500,96,B,4.811786302,4.401952579
0,500,97,B,8.457036301,9.017563728
0,500,98,B,4.410532113,7.203722164
0,500,99,B,9.26731806,2.942154937
0,500,100,B,8.439401726,5.861920268
0,750,1,A,4.322359258,5.967097887
0,750,2,A,2.445215882,7.632683096
0,750,3,A,8.583942229,7.491228648
0,750,4,A,7.599555296,8.549302894
0,750,5,A,10.19226389,7.688142247
0,750,6,A,5.758246831,3.072528236
0,750,7,A,9.435086007,1.956354779
0,750,8,A,10.16570024,3.338602132
0,750,9,A,7.098771274,10.00928003
0,750,10,A,6.802535676,3.282864292
0,750,11,A,7.394236917,10.71836782
0,750,12,A,9.359233537,7.949097678
0,750,13,A,6.170822576,9.884958586
0,750,14,A,3.971752501,4.103977143
0,750,15,A,2.802007335,4.057525794
0,750,16,A,10.8424206,6.946180278
0,750,17,A,6.481514061,4.582116486
0,750,18,A,6.602053767,8.041782553
0,750,19,A,3.890970708,6.711876997
0,750,20,A,10.03533038,4.089645905
0,750,21,A,6.316389924,3.864594142
0,750,22,A,3.610241001,10.68861744
0,750,23,A,6.760968472,6.042989521
0,750,24,A,6.431381496,10.75280864
0,750,25,A,2.696192038,5.303398772
0,750,26,A,4.311022749,5.017035386
0,750,27,A,3.348406426,4.742952231
0,750,28,A,6.353744268,5.387699659
0,750,29,A,9.26539243,7.071777782
0,750,30,A,7.01666021,2.493652042
0,750,31,A,6.559219538,1.862424808
0,750,32,A,10.59239388,6.153205588
0,750,33,A,8.318714337,4.989519539
0,750,34,A,8.247819802,4.335960525
0,750,35,A,5.881535124,2.341078572
0,750,36,A,8.069317488,7.930376856
0,750,37,A,2.408243115,6.79390261
0,750,38,A,7.165933797,7.548226098
0,750,39,A,3.557459751,5.62668769
0,750,40,A,6.475456374,8.848207914
0,750,41,A,3.445047235,3.436587365
0,750,42,A,3.269583256,7.34536083
0,750,43,A,3.433321152,9.825223253
0,750,44,A,4.292443469,9.981167059
0,750,45,A,7.113025385,6.657529875
0,750,46,A,4.415739034,10.85276044
0,750,47,A,7.858849329,6.884049448
0,750,48,A,2.990094203,6.297590211
0,750,49,A,9.927501282,6.696144107
0,750,50,A,7.107231144,9.2864311
0,750,51,B,8.46770364,3.358255231
0,750,52,B,4.613567812,9.001726143
0,750,53,B,8.621234622,2.326464367
0,750,54,B,9.344396879,9.862955604
0,750,55,B,1.736060512,6.048657777
0,750,56,B,7.527367297,3.890262141
0,750,57,B,7.88835918,1.970209824
0,750,58,B,2.720631664,2.966594563
0,750,59,B,7.765534395,2.966907892
0,750,60,B,4.898578306,2.341504137
0,750,61,B,2.973347494,8.830876352
0,750,62,B,9.366161406,8.75336007
0,750,63,B,5.24605965,7.404579923
0,750,64,B,3.538250665,8.075688704
0,750,65,B,5.339744882,10.53441865
0,750,66,B,4.613762668,8.179754717
0,750,67,B,9.140375918,3.949199145
0,750,68,B,5.905302886,6.391275443
0,750,69,B,9.369776491,4.843119155
0,750,70,B,9.606842758,5.700996857
0,750,71,B,1.293106861,4.751627223
0,750,72,B,10.04249285,9.330923752
0,750,73,B,7.720163163,5.719269187
0,750,74,B,5.030802947,6.485587332
0,750,75,B,7.270788639,4.898891634
0,750,76,B,8.657629542,10.75425404
0,750,77,B,1.758086406,5.416197044
0,750,78,B,10.25461627,5.212220169
0,750,79,B,5.654084255,8.152839953
0,750,80,B,2.058521235,4.507522252
0,750,81,B,8.059749889,9.498867847
0,750,82,B,5.610942537,4.756295661
0,750,83,B,1.484550596,6.773222927
0,750,84,B,5.311784641,5.613461762
0,750,85,B,8.412005163,10.11090712
0,750,86,B,6.107399791,7.199349733
0,750,87,B,5.254741066,3.792224746
0,750,88,B,5.168354174,9.717571164
0,750,89,B,4.631622394,3.300289452
0,750,90,B,3.787653881,8.874282838
0,750,91,B,10.84868717,4.769173621
0,750,92,B,8.837117982,6.327669751
0,750,93,B,5.597927594,9.036708259
0,750,94,B,11.00952292,3.892444528
0,750,95,B,4.131842914,2.670062957
0,750,96,B,4.853145668,4.532297249
0,750,97,B,8.643191,8.957766613
0,750,98,B,4.404863858,7.348577568
0,750,99,B,9.302724184,2.965967906
0,750,100,B,8.562015529,5.743312034
0,1000,1,A,4.359517819,5.943165255
0,1000,2,A,2.515130657,7.535315076
0,1000,3,A,8.534502451,7.078075843
0,1000,4,A,7.697855431,8.338612284
0,1000,5,A,10.02430878,7.840456129
0,1000,6,A,5.819723259,3.179890994
0,1000,7,A,9.329002842,1.950509489
0,1000,8,A,10.27310266,3.240130373
0,1000,9,A,7.153337676,9.795059359
0,1000,10,A,6.861268245,3.382381528
0,1000,11,A,7.246662342,10.55791829
0,1000,12,A,9.106051485,8.053960398
0,1000,13,A,6.238229412,9.688622126
0,1000,14,A,3.875146035,4.111250163
0,1000,15,A,2.659395421,4.283715485
0,1000,16,A,10.76077795,7.193263565
0,1000,17,A,6.520366799,4.68394826
0,1000,18,A,6.757504544,8.022155189
0,1000,19,A,3.942271278,6.65799518
0,1000,20,A,10.18192405,3.952012803
0,1000,21,A,6.240748637,3.957386624
0,1000,22,A,3.609669423,10.74420691
0,1000,23,A,6.815446704,6.037006364
0,1000,24,A,6.339576235,10.56199156
0,1000,25,A,2.614188816,5.352773737
0,1000,26,A,4.339364023,5.050730012
0,1000,27,A,3.431960702,4.751370013
0,1000,28,A,6.433888124,5.434683428
0,1000,29,A,9.31941945,7.165090924
0,1000,30,A,6.747427641,2.599209771
0,1000,31,A,6.446734594,1.843938425
0,1000,32,A,10.5008925,6.261244101
0,1000,33,A,8.393131449,4.88698515
0,1000,34,A,8.362425253,4.188889175
0,1000,35,A,5.751527166,2.318631154
0,1000,36,A,8.284469427,8.029083052
0,1000,37,A,2.448056307,6.782381883
0,1000,38,A,7.197469762,7.392046782
0,1000,39,A,3.51434348,5.633900242
0,1000,40,A,6.371748308,8.818230099
0,1000,41,A,3.29540558,3.577868915
0,1000,42,A,3.367968415,7.185249949
0,1000,43,A,3.311205566,9.918816253
0,1000,44,A,4.221361547,9.923317331
0,1000,45,A,7.136719877,6.579275685
0,1000,46,A,4.395101863,10.82825626
0,1000,47,A,7.875410365,6.788679943
0,1000,48,A,2.830923308,6.185105268
0,1000,49,A,9.908074913,6.7531699
0,1000,50,A,7.273630642,8.993946001
0,1000,51,B,8.546975759,3.256423457
0,1000,52,B,4.578337837,9.047868056
0,1000,53,B,8.45705047,2.30233807
0,1000,54,B,9.36773592,9.959123845
0,1000,55,B,1.675681002,6.09486665
0,1000,56,B,7.556985416,3.873426577
0,1000,57,B,7.578497526,1.998443686
0,1000,58,B,2.835309907,2.851602991
0,1000,59,B,7.711679869,2.956049001
0,1000,60,B,4.884443707,2.545240478
0,1000,61,B,3.064951382,8.891917413
0,1000,62,B,9.590385096,8.832066744
0,1000,63,B,5.290371233,7.359284267
0,1000,64,B,3.518992769,8.058809903
0,1000,65,B,5.284702978,10.52343011
0,1000,66,B,4.766023188,8.164624533
0,1000,67,B,9.240853492,3.821984579
0,1000,68,B,5.865011331,6.251293972
0,1000,69,B,9.401736001,4.712774485
0,1000,70,B,9.743890761,5.609207422
0,1000,71,B,1.161195548,4.751000566
0,1000,72,B,10.11017182,9.39546943
0,1000,73,B,7.780524283,5.614972043
0,1000,74,B,4.996336808,6.518486828
0,1000,75,B,7.382272191,4.774874941
0,1000,76,B,8.797516997,10.73984214
0,1000,77,B,1.69449331,5.329734114
0,1000,78,B,10.25900287,5.05148263
0,1000,79,B,5.801098545,8.08699388
0,1000,80,B,1.955862841,4.35353466
0,1000,81,B,8.103302555,9.426175627
0,1000,82,B,5.606242492,4.730793214
0,1000,83,B,1.430711089,6.879821662
0,1000,84,B,5.27613919,5.561894813
0,1000,85,B,8.361351206,10.14560912
0,1000,86,B,6.128013345,7.124996402
0,1000,87,B,5.195018276,3.708500414
0,1000,88,B,5.243754669,9.757236695
0,1000,89,B,4.385024965,3.274361909
0,1000,90,B,3.854098424,8.885934255
0,1000,91,B,10.88910655,4.715594442
0,1000,92,B,9.060705446,6.146592625
0,1000,93,B,5.439696684,8.943023027
0,1000,94,B,11.20897405,3.959590945
0,1000,95,B,3.841502302,2.708796032
0,1000,96,B,4.799122475,4.440762805
0,1000,97,B,8.799151425,9.071652305
0,1000,98,B,4.354175433,7.454413191
0,1000,99,B,9.327477138,2.83906985
0,1000,100,B,8.602748239,5.732972193
0,1250,1,A,4.406339178,5.959822051
0,1250,2,A,2.497228419,7.592890372
0,1250,3,A,8.44404575,7.152435904
0,1250,4,A,7.831646716,8.492143266
0,1250,5,A,9.87862203,7.829140087
0,1250,6,A,5.898763925,3.157217975
0,1250,7,A,9.255194896,1.909277556
0,1250,8,A,10.31790864,3.291516253
0,1250,9,A,7.300397396,9.780888719
0,1250,10,A,6.852192853,3.495601283
0,1250,11,A,7.250327816,10.5325623
0,1250,12,A,9.037961573,8.111762425
0,1250,13,A,6.280670471,9.551193712
0,1250,14,A,3.978019072,4.136876639
0,1250,15,A,2.60814672,4.245288312
0,1250,16,A,10.65254036,7.34826266
0,1250,17,A,6.565413679,4.647969012
0,1250,18,A,6.765713952,7.965403703
0,1250,19,A,3.779151498,6.623355839
0,1250,20,A,10.25470489,4.011871213
0,1250,21,A,6.165801711,4.026665295
0,1250,22,A,3.564738735,10.5898778
0,1250,23,A,6.779176169,6.013087902
0,1250,24,A,6.322377463,10.33329447
0,1250,25,A,2.617859904,5.275825861
0,1250,26,A,4.306299203,5.044117048
0,1250,27,A,3.348718197,4.832741901
0,1250,28,A,6.49761092,5.402543516
0,1250,29,A,9.155459773,7.071511691
0,1250,30,A,6.823004376,2.667858636
0,1250,31,A,6.596356884,1.857183676
0,1250,32,A,10.51029236,6.426054911
0,1250,33,A,8.390241864,4.760694761
0,1250,34,A,8.613543115,4.130268398
0,1250,35,A,5.849217079,2.284165015
0,1250,36,A,8.124406247,7.892449597
0,1250,37,A,2.260688993,6.81135296
0,1250,38,A,7.132924084,7.404579923
0,1250,39,A,3.564738735,5.700699354
0,1250,40,A,6.374131228,8.667509035
0,1250,41,A,3.23310961,3.737899199
0,1250,42,A,3.252603381,7.176172916
0,1250,43,A,3.198470275,9.896143237
0,1250,44,A,4.240067728,9.961976776
0,1250,45,A,7.118510971,6.568619394
0,1250,46,A,4.302520367,10.86635953
0,1250,47,A,7.871439439,6.655724726
0,1250,48,A,2.741390848,6.177716326
0,1250,49,A,9.822455923,6.782066982
0,1250,50,A,7.270481608,8.994890705
0,1250,51,B,8.458295913,3.328840137
0,1250,52,B,4.622535867,9.173632828
0,1250,53,B,8.512822949,2.39226336
0,1250,54,B,9.372637594,9.942009345
0,1250,55,B,1.677415386,6.030466559
0,1250,56,B,7.558737562,3.962665974
0,1250,57,B,7.660181184,1.990025905
0,1250,58,B,3.183792032,2.765085344
0,1250,59,B,7.705699555,2.939988138
0,1250,60,B,4.903278234,2.636659616
0,1250,61,B,3.136387606,8.905355353
0,1250,62,B,9.73648739,8.760917742
0,1250,63,B,5.216920097,7.377633669
0,1250,64,B,3.467712382,8.089229535
0,1250,65,B,5.296343424,10.55870395
0,1250,66,B,4.669535147,8.195734472
0,1250,67,B,9.377096841,3.785195756
0,1250,68,B,5.761798418,6.354302676
0,1250,69,B,9.533060017,4.772040813
0,1250,70,B,9.817939179,5.701332246
0,1250,71,B,1.09445657,4.879465265
0,1250,72,B,10.02336407,9.536523952
0,1250,73,B,7.86659308,5.634560266
0,1250,74,B,4.858158925,6.612798717
0,1250,75,B,7.438010029,4.880997269
0,1250,76,B,8.923283329,10.78758811
0,1250,77,B,1.677874301,5.333164983
0,1250,78,B,10.37211447,5.073728956
0,1250,79,B,5.691557718,8.054905102
0,1250,80,B,1.813545557,4.319860503
0,1250,81,B,8.224247369,9.489154662
0,1250,82,B,5.555834504,4.875014111
0,1250,83,B,1.385573418,6.803795288
0,1250,84,B,5.34996781,5.657060951
0,1250,85,B,8.394071435,10.24803637
0,1250,86,B,6.112556462,7.094942744
0,1250,87,B,5.29305893,3.724849616
0,1250,88,B,5.255731897,9.779629107
0,1250,89,B,4.464853672,3.382701092
0,1250,90,B,3.944160696,8.861056915
0,1250,91,B,11.0620639,4.866932124
0,1250,92,B,8.861686718,6.173044481
0,1250,93,B,5.52178876,8.94020307
0,1250,94,B,11.21872038,4.051447068
0,1250,95,B,3.930619865,2.78909631
0,1250,96,B,4.846565769,4.452711801
0,1250,97,B,8.853499237,9.053147773
0,1250,98,B,4.226943635,7.470759948
0,1250,99,B,9.34847015,2.853169634
0,1250,100,B,8.840251268,5.467269595
0,1500,1,A,4.28740502,6.027874175
0,1500,2,A,2.60376012,7.576910617
0,1500,3,A,8.422584331,7.048012051
0,1500,4,A,8.091358659,8.6463087
0,1500,5,A,9.719797526,7.875410365
0,1500,6,A,5.953242152,3.115425617
0,1500,7,A,9.314004011,1.940130285
0,1500,8,A,10.38684091,3.265196656
0,1500,9,A,7.395180067,9.648638886
0,1500,10,A,6.823042164,3.622391185
0,1500,11,A,7.240227414,10.38536001
0,1500,12,A,8.88255062,8.138708679
0,1500,13,A,6.305110096,9.317137297
0,1500,14,A,3.933213091,4.313593932
0,1500,15,A,2.602965107,4.415282292
0,1500,16,A,10.48271944,7.489491956
0,1500,17,A,6.643194737,4.574596601
0,1500,18,A,7.110219459,8.039604888
0,1500,19,A,3.821658638,6.703015183
0,1500,20,A,10.31164206,3.999012084
0,1500,21,A,6.05632724,4.049144649
0,1500,22,A,3.425515373,10.63333128
0,1500,23,A,7.114751029,5.841070537
0,1500,24,A,6.304796768,10.1264649
0,1500,25,A,2.492286869,5.367738682
0,1500,26,A,4.286587544,5.18574549
0,1500,27,A,3.303511592,4.865477718
0,1500,28,A,6.424337112,5.365003256
0,1500,29,A,9.060521227,7.082791518
0,1500,30,A,6.888841156,2.725331592
0,1500,31,A,6.589925734,1.899710904
0,1500,32,A,10.47175295,6.571752679
0,1500,33,A,8.326626678,4.690116717
0,1500,34,A,8.784220568,4.227258537
0,1500,35,A,5.865069298,2.329022955
0,1500,36,A,7.921386214,7.671353189
0,1500,37,A,2.222900627,6.829302436
0,1500,38,A,6.950225205,7.301027205
0,1500,39,A,3.430007465,5.782164772
0,1500,40,A,6.374582433,8.429954639
0,1500,41,A,3.159737199,3.731601137
0,1500,42,A,3.298609444,7.227654793
0,1500,43,A,3.285202208,9.805600659
0,1500,44,A,4.201436487,10.03533038
0,1500,45,A,6.836828619,6.521620114
0,1500,46,A,4.249241315,10.8699682
0,1500,47,A,7.776215909,6.556911296
0,1500,48,A,2.653058193,6.208943428
0,1500,49,A,9.741697461,6.787322711
0,1500,50,A,7.196843105,8.904796946
0,1500,51,B,8.51873821,3.28900013
0,1500,52,B,4.68292325,9.321445169
0,1500,53,B,8.490416024,2.336580628
0,1500,54,B,9.249017468,10.07185914
0,1500,55,B,1.427838131,6.093926664
0,1500,56,B,7.671716663,3.974751726
0,1500,57,B,7.688575843,2.053409627
0,1500,58,B,3.325982392,2.828103351
0,1500,59,B,7.682753616,3.030910673
0,1500,60,B,4.951530828,2.734731448
0,1500,61,B,3.069674927,8.866725166
0,1500,62,B,9.831903016,8.763122065
0,1500,63,B,5.195613756,7.257628841
0,1500,64,B,3.511483906,8.156618789
0,1500,65,B,5.240733065,10.65411015
0,1500,66,B,4.682204381,8.298142263
0,1500,67,B,9.375923401,3.695072384
0,1500,68,B,5.872626972,6.325457557
0,1500,69,B,9.734177576,4.69679473
0,1500,70,B,9.933767852,5.708219238
0,1500,71,B,0.9425175507,4.802471899
0,1500,72,B,9.883547116,9.668783235
0,1500,73,B,8.089176269,5.569141899
0,1500,74,B,4.920197975,6.536973212
0,1500,75,B,7.45155086,4.963816771
0,1500,76,B,9.16651287,10.82038369
0,1500,77,B,1.495159679,5.43050309
0,1500,78,B,10.52720894,5.092612118
0,1500,79,B,5.543238382,8.004520615
0,1500,80,B,1.740298387,4.527831148
0,1500,81,B,8.303048706,9.590687276
0,1500,82,B,5.545442703,4.882256881
0,1500,83,B,1.331880098,6.829314969
0,1500,84,B,5.325640374,5.673293341
0,1500,85,B,8.288248263,10.48942058
0,1500,86,B,6.088020658,7.255051356
0,1500,87,B,5.247229515,3.729081913
0,1500,88,B,5.356351294,9.897108414
0,1500,89,B,4.388173996,3.566906843
0,1500,90,B,3.949514048,8.958361956
0,1500,91,B,11.1839487,4.794239904
0,1500,92,B,8.93999574,6.110685844
0,1500,93,B,5.461993395,8.906717856
0,1500,94,B,11.31116009,4.016558482
0,1500,95,B,4.043355157,2.820901518
0,1500,96,B,4.829668071,4.544680812
0,1500,97,B,8.980525802,9.087462806
0,1500,98,B,4.242468355,7.522704781
0,1500,99,B,9.378017984,2.837996937
0,1500,100,B,9.065005942,5.324686123
0,1750,1,A,4.259378649,6.055585643
0,1750,2,A,2.657836572,7.596891935
0,1750,3,A,8.337045641,6.967799946
0,1750,4,A,8.202001043,8.736539523
0,1750,5,A,9.59004645,7.979851112
0,1750,6,A,6.031338109,3.202564014
0,1750,7,A,9.258231532,1.984622936
0,1750,8,A,10.50957438,3.307741633
0,1750,9,A,7.466305645,9.565920153
0,1750,10,A,6.912751745,3.800250002
0,1750,11,A,7.123421882,10.37511078
0,1750,12,A,8.835548175,8.084192679
0,1750,13,A,6.207386408,9.089375934
0,1750,14,A,4.052172442,4.277957929
0,1750,15,A,2.566160696,4.372813025
0,1750,16,A,10.40597127,7.682689697
0,1750,17,A,6.716510462,4.725307626
0,1750,18,A,7.349792192,8.185746549
0,1750,19,A,3.743336,6.611545403
0,1750,20,A,10.37101703,4.019107622
0,1750,21,A,6.08449719,4.087924122
0,1750,22,A,3.487659916,10.7051827
0,1750,23,A,7.344358492,5.900553075
0,1750,24,A,6.414148426,9.956014178
0,1750,25,A,2.405423158,5.293685587
0,1750,26,A,4.266621419,5.173227298
0,1750,27,A,3.306317519,4.880442663
0,1750,28,A,6.598698933,5.504555691
0,1750,29,A,9.04370068,7.085948423
0,1750,30,A,6.830562048,2.857115369
0,1750,31,A,6.656490639,2.070500274
0,1750,32,A,10.49055266,6.693950807
0,1750,33,A,8.449742633,4.647390099
0,1750,34,A,8.723825979,4.028645367
0,1750,35,A,5.792680764,2.396885345
0,1750,36,A,7.913198732,7.745985213
0,1750,37,A,2.232228437,6.846070225
0,1750,38,A,6.844102879,7.255996067
0,1750,39,A,3.376390497,5.690927912
0,1750,40,A,6.448237938,8.131983195
0,1750,41,A,3.308686342,3.871103189
0,1750,42,A,3.233424513,7.067369143
0,1750,43,A,3.281176411,9.939094437
0,1750,44,A,4.240484466,9.989669442
0,1750,45,A,6.710611024,6.456466766
0,1750,46,A,4.395101863,10.79897028
0,1750,47,A,7.714528307,6.661554536
0,1750,48,A,2.538748385,6.149426752
0,1750,49,A,9.772109034,6.912869243
0,1750,50,A,7.063142235,8.949348835
0,1750,51,B,8.481490096,3.262376699
0,1750,52,B,4.54140239,9.20689529
0,1750,53,B,8.451764417,2.380361552
0,1750,54,B,9.334384397,10.17023892
0,1750,55,B,1.349192669,6.168812184
0,1750,56,B,7.693155503,3.890913739
0,1750,57,B,7.696602117,1.862424808
0,1750,58,B,3.336559178,2.88854614
0,1750,59,B,7.637028756,2.801377529
0,1750,60,B,4.852616031,2.621144287
0,1750,61,B,3.035526841,8.996288878
0,1750,62,B,9.803597775,8.820899721
0,1750,63,B,5.123396277,7.199909927
0,1750,64,B,3.445990338,8.145294814
0,1750,65,B,5.48214719,10.44407454
0,1750,66,B,4.649543527,8.134890483
0,1750,67,B,9.493697136,3.694127674
0,1750,68,B,5.773432511,6.306563377
0,1750,69,B,9.667977962,4.662827422
0,1750,70,B,9.935021166,5.759918447
0,1750,71,B,0.8419137717,4.906724848
0,1750,72,B,10.11100268,9.641789305
0,1750,73,B,8.219547441,5.589154395
0,1750,74,B,4.882571783,6.375842045
0,1750,75,B,7.600590659,4.927170326
0,1750,76,B,9.074118445,10.85450702
0,1750,77,B,1.43149996,5.462677275
0,1750,78,B,10.47143962,5.096601939
0,1750,79,B,5.574427954,8.093276042
0,1750,80,B,1.669615969,4.544995714
0,1750,81,B,8.40785789,9.621692632
0,1750,82,B,5.67423805,4.889814554
0,1750,83,B,1.397445263,6.923620623
0,1750,84,B,5.375395056,5.542293673
0,1750,85,B,8.150301835,10.42632031
0,1750,86,B,5.957918698,7.239292109
0,1750,87,B,5.268932633,3.675030379
0,1750,88,B,5.351024709,9.765510429
0,1750,89,B,4.45643589,3.502108882
0,1750,90,B,3.857387586,8.91670343
0,1750,91,B,11.15481072,4.676940092
0,1750,92,B,8.993161922,6.144404207
0,1750,93,B,5.318125213,8.907616902
0,1750,94,B,11.42035033,3.865334737
0,1750,95,B,4.014991839,2.763244344
0,1750,96,B,4.91217267,4.510356379
0,1750,97,B,9.124563399,9.25831259
0,1750,98,B,4.198915689,7.497011841
0,1750,99,B,9.429162381,2.856433862
0,1750,100,B,9.112220435,5.354784652
0,2000,1,A,4.231338177,5.91551802
0,2000,2,A,2.72345162,7.558424234
0,2000,3,A,8.332032385,6.790142667
0,2000,4,A,8.154688434,8.652567475
0,2000,5,A,9.492914605,7.971391242
0,2000,6,A,5.905467306,3.310424544
0,2000,7,A,9.375923401,1.968458963
0,2000,8,A,10.55635165,3.257050114
0,2000,9,A,7.609135981,9.455558881
0,2000,10,A,6.91464116,3.867324352
0,2000,11,A,7.195849584,10.22679144
0,2000,12,A,8.767818571,8.162999555
0,2000,13,A,6.217311076,9.063456539
0,2000,14,A,4.003398683,4.308894004
0,2000,15,A,2.452869369,4.360515278
0,2000,16,A,10.22485006,7.743601397
0,2000,17,A,6.750349944,4.845939112
0,2000,18,A,7.365582327,8.051126266
0,2000,19,A,3.746155956,6.609038775
0,2000,20,A,10.5602628,3.958227932
0,2000,21,A,6.15540991,4.222849895
0,2000,22,A,3.527003219,10.733876
0,2000,23,A,7.260719614,5.649675612
0,2000,24,A,6.475874147,9.817836295
0,2000,25,A,2.285251431,5.3076909
0,2000,26,A,4.137511168,5.111506301
0,2000,27,A,3.174438942,4.88356036
0,2000,28,A,6.341395414,5.640848927
0,2000,29,A,8.98575852,7.096655128
0,2000,30,A,6.784816082,2.982574318
0,2000,31,A,6.646721325,2.114647884
0,2000,32,A,10.4636064,6.789202682
0,2000,33,A,8.415469098,4.698983306
0,2000,34,A,8.800458544,4.172282763
0,2000,35,A,5.905135145,2.469598539
0,2000,36,A,7.903712278,7.536804565
0,2000,37,A,2.189206001,6.836545207
0,2000,38,A,6.905823876,7.22702499
0,2000,39,A,3.272787394,5.786028633
0,2000,40,A,6.453627822,8.121788938
0,2000,41,A,3.239848855,3.92471823
0,2000,42,A,3.245075926,7.042806705
0,2000,43,A,3.279193556,9.859404545
0,2000,44,A,4.122463526,9.975440547
0,2000,45,A,6.662931282,6.459581064
0,2000,46,A,4.426705533,10.72680237
0,2000,47,A,7.627176109,6.476722353
0,2000,48,A,2.439868828,6.097467749
0,2000,49,A,9.700964751,6.834321991
0,2000,50,A,7.114604598,8.85759298
0,2000,51,B,8.597734982,3.283056383
0,2000,52,B,4.6328314,9.30490799
0,2000,53,B,8.43467818,2.362402678
0,2000,54,B,9.279537873,10.17377751
0,2000,55,B,1.32034462,6.156204218
0,2000,56,B,7.773353577,3.795795926
0,2000,57,B,7.570703284,1.963837252
0,2000,58,B,3.388356814,3.002600577
0,2000,59,B,7.680935691,2.912388727
0,2000,60,B,4.945210453,2.82913512
0,2000,61,B,2.911448741,8.836804654
0,2000,62,B,9.918017247,8.847711914
0,2000,63,B,5.089148184,7.436750417
0,2000,64,B,3.46407298,8.135006414
0,2000,65,B,5.410451129,10.54623316
0,2000,66,B,4.502577804,8.322691767
0,2000,67,B,9.516146123,3.60312226
0,2000,68,B,5.687071145,6.255493415
0,2000,69,B,9.811256395,4.482164684
0,2000,70,B,10.00270013,5.854856992
0,2000,71,B,0.6864886481,5.020184416
0,2000,72,B,9.916611937,9.685473093
0,2000,73,B,8.282785248,5.602189486
0,2000,74,B,4.850766576,6.609815008
0,2000,75,B,7.640468834,4.846464491
0,2000,76,B,8.980622451,10.97589856
0,2000,77,B,1.108029464,5.549500409
0,2000,78,B,10.41911375,5.119161594
0,2000,79,B,5.579146872,8.1025493
0,2000,80,B,1.551916231,4.642275565
0,2000,81,B,8.453257465,9.779629107
0,2000,82,B,5.610479725,4.919574483
0,2000,83,B,1.270948708,6.901730138
0,2000,84,B,5.09002204,5.677199713
0,2000,85,B,8.132442108,10.55791829
0,2000,86,B,5.964521979,7.168956865
0,2000,87,B,5.24967717,3.76342384
0,2000,88,B,5.372644378,9.826922822
0,2000,89,B,4.281321093,3.539985781
0,2000,90,B,3.77316834,8.926871649
0,2000,91,B,11.13538278,4.854712311
0,2000,92,B,9.028538336,6.03554935
0,2000,93,B,5.359469069,8.87495318
0,2000,94,B,11.47821615,4.072011334
0,2000,95,B,4.134377805,2.562435048
0,2000,96,B,4.899951887,4.556872967
0,2000,97,B,9.021041832,9.175199471
0,2000,98,B,4.187580753,7.470445047
0,2000,99,B,9.427115612,2.799277126
0,2000,100,B,9.308389415,5.199038215
0,2250,1,A,4.254655103,5.818463647
0,2250,2,A,2.719817639,7.413762498
0,2250,3,A,8.339865598,6.631911758
0,2250,4,A,8.231453925,8.734659551
0,2250,5,A,9.376983047,8.002410767
0,2250,6,A,5.99596877,3.562133994
0,2250,7,A,9.286060094,1.944195761
0,2250,8,A,10.69166027,3.274521759
0,2250,9,A,7.703228552,9.520534051
0,2250,10,A,6.954652556,3.803994543
0,2250,11,A,7.01127982,10.18191139
0,2250,12,A,8.728797632,8.269983885
0,2250,13,A,6.35190941,8.837754089
0,2250,14,A,3.853940972,4.166016192
0,2250,15,A,2.338470046,4.496185742
0,2250,16,A,10.17640695,7.761415466
0,2250,17,A,6.8361739,4.84334207
0,2250,18,A,7.317717063,8.051441174
0,2250,19,A,3.803935004,6.386838204
0,2250,20,A,10.62810388,3.962665974
0,2250,21,A,6.171784869,4.452729121
0,2250,22,A,3.748662585,10.80137456
0,2250,23,A,7.243399946,5.73406963
0,2250,24,A,6.509439272,9.658001331
0,2250,25,A,2.171164093,5.39953919
0,2250,26,A,4.16867247,5.027286185
0,2250,27,A,3.200004056,4.800629623
0,2250,28,A,6.363245925,5.607478604
0,2250,29,A,8.915054169,7.103984064
0,2250,30,A,6.81135296,2.928598361
0,2250,31,A,6.511280272,2.09710788
0,2250,32,A,10.39284248,6.857062473
0,2250,33,A,8.381696543,4.60276452
0,2250,34,A,8.885057248,4.120583555
0,2250,35,A,5.889323131,2.741938004
0,2250,36,A,8.01841844,7.551527904
0,2250,37,A,2.122174163,6.873488058
0,2250,38,A,6.992866229,7.230369258
0,2250,39,A,3.165709391,5.605618953
0,2250,40,A,6.3940954,7.882405938
0,2250,41,A,2.970853337,3.87155596
0,2250,42,A,3.249121953,6.819484775
0,2250,43,A,3.284309697,9.992360288
0,2250,44,A,4.104290471,9.938781109
0,2250,45,A,6.710898892,6.509675842
0,2250,46,A,4.620257544,10.67143454
0,2250,47,A,7.706001973,6.419161683
0,2250,48,A,2.409953038,6.14501811
0,2250,49,A,9.633059753,6.869845031
0,2250,50,A,7.258568826,8.83116474
0,2250,51,B,8.711463934,3.210531685
0,2250,52,B,4.576812056,9.277373054
0,2250,53,B,8.475770678,2.308966293
0,2250,54,B,9.323019683,10.18648385
0,2250,55,B,1.244854267,6.283177099
0,2250,56,B,7.807833747,3.778115467
0,2250,57,B,7.523002518,2.107563077
0,2250,58,B,3.45883369,2.999807388
0,2250,59,B,7.798259123,2.934896422
0,2250,60,B,4.989009015,2.897737862
0,2250,61,B,2.965964725,8.863539373
0,2250,62,B,10.0089667,8.766305733
0,2250,63,B,4.871235274,7.608372581
0,2250,64,B,3.384261499,7.99520421
0,2250,65,B,5.634587033,10.27936923
0,2250,66,B,4.453696096,8.371252256
0,2250,67,B,9.609159491,3.476693417
0,2250,68,B,5.770884945,6.299470183
0,2250,69,B,9.789323398,4.359966555
0,2250,70,B,10.07016085,5.853475853
0,2250,71,B,0.6974693174,4.92333126
0,2250,72,B,10.03215301,9.64143233
0,2250,73,B,8.325139157,5.505809005
0,2250,74,B,4.856119927,6.68854077
0,2250,75,B,7.622428706,4.801838912
0,2250,76,B,8.833030543,10.91800363
0,2250,77,B,1.275042448,5.466402038
0,2250,78,B,10.3055172,5.076237159
0,2250,79,B,5.54121513,8.078549601
0,2250,80,B,1.44605866,4.494523753
0,2250,81,B,8.497469851,9.92781461
0,2250,82,B,5.55237057,5.119378877
0,2250,83,B,1.277753763,7.122897571
0,2250,84,B,5.043172339,5.710766804
0,2250,85,B,7.980066325,10.60253121
0,2250,86,B,5.759918447,7.135744041
0,2250,87,B,5.272106856,3.89188679
0,2250,88,B,5.401719987,9.679293928
0,2250,89,B,4.280381107,3.454133762
0,2250,90,B,3.731116187,8.90605026
0,2250,91,B,10.99417341,4.92546094
0,2250,92,B,9.15827973,6.017161173
0,2250,93,B,5.420583644,8.892200506
0,2250,94,B,11.55053037,4.259677567
0,2250,95,B,4.189470172,2.49371725
0,2250,96,B,4.8249461,4.446131902
0,2250,97,B,9.14069082,9.231382899
0,2250,98,B,4.084806425,7.412636051
0,2250,99,B,9.624249901,2.722160327
0,2250,100,B,9.272644645,5.185273915
0,2500,1,A,4.178133662,5.911045144
0,2500,2,A,2.567100682,7.530224666
0,2500,3,A,8.264315634,6.480704759
0,2500,4,A,8.284406448,8.739672808
0,2500,5,A,9.354423392,8.051916675
0,2500,6,A,6.0648557,3.428531236
0,2500,7,A,9.208709876,1.842812646
0,2500,8,A,10.60031576,3.147844043
0,2500,9,A,7.798295155,9.395491257
0,2500,10,A,6.923927622,3.913125251
0,2500,11,A,7.157746315,10.07343365
0,2500,12,A,8.763172448,8.293806304
0,2500,13,A,6.233984519,8.767559048
0,2500,14,A,3.74734629,4.270715158
0,2500,15,A,2.254705835,4.329916932
0,2500,16,A,10.10609855,7.879585981
0,2500,17,A,6.907569159,4.848018616
0,2500,18,A,7.417426393,7.977344484
0,2500,19,A,3.68231176,6.486368316
0,2500,20,A,10.64568769,3.816372725
0,2500,21,A,6.135599359,4.446131902
0,2500,22,A,3.809134992,10.8731268
0,2500,23,A,7.342176103,5.73749753
0,2500,24,A,6.616113069,9.52203841
0,2500,25,A,2.169367108,5.257621316
0,2500,26,A,4.122960421,5.04617187
0,2500,27,A,3.040552757,4.880012799
0,2500,28,A,6.362616116,5.534421096
0,2500,29,A,8.821451555,7.091564717
0,2500,30,A,6.846541804,2.972234477
0,2500,31,A,6.529139998,2.108387707
0,2500,32,A,10.27341598,7.054278622
0,2500,33,A,8.462063727,4.673608418
0,2500,34,A,8.932996514,4.220222029
0,2500,35,A,5.84044388,2.605326763
0,2500,36,A,7.979537784,7.546204421
0,2500,37,A,2.114259075,6.785216009
0,2500,38,A,6.761629771,7.162376966
0,2500,39,A,3.223662519,5.623223756
0,2500,40,A,6.449579492,7.915832327
0,2500,41,A,2.993783293,3.863230612
0,2500,42,A,3.203508724,6.963451134
0,2500,43,A,3.202913906,10.0508831
0,2500,44,A,3.945105405,9.948417139
0,2500,45,A,6.584912477,6.417281712
0,2500,46,A,4.628489109,10.57201808
0,2500,47,A,7.561557519,6.64413157
0,2500,48,A,2.468839908,6.144703206
0,2500,49,A,9.524560787,6.860954916
0,2500,50,A,7.179923364,8.742492765
0,2500,51,B,8.698566937,3.207602463
0,2500,52,B,4.562630286,9.366476308
0,2500,53,B,8.448277271,2.275391816
0,2500,54,B,9.508581031,10.30788212
0,2500,55,B,1.097752031,6.212092459
0,2500,56,B,7.853052249,3.809697094
0,2500,57,B,7.528658023,2.207086196
0,2500,58,B,3.542344405,3.102109941
0,2500,59,B,7.801567176,3.009833901
0,2500,60,B,5.033622904,2.940901623
0,2500,61,B,2.967961243,8.847201176
0,2500,62,B,10.07154424,8.793352754
0,2500,63,B,4.914062089,7.534055464
0,2500,64,B,3.431025393,8.040851967
0,2500,65,B,5.709192289,10.21860396
0,2500,66,B,4.411979092,8.336418984
0,2500,67,B,9.542507111,3.563442909
0,2500,68,B,5.668739843,6.165992227
0,2500,69,B,9.902116996,4.378181699
0,2500,70,B,10.10114512,5.952927249
0,2500,71,B,0.626971972,5.063641037
0,2500,72,B,10.11531576,9.738691713
0,2500,73,B,8.345396931,5.573525196
0,2500,74,B,4.834754233,6.638450511
0,2500,75,B,7.697855431,4.769173621
0,2500,76,B,8.778212218,10.87845338
0,2500,77,B,1.381479678,5.54197877
0,2500,78,B,10.489926,5.247939621
0,2500,79,B,5.478236094,8.101735912
0,2500,80,B,1.377705565,4.568643359
0,2500,81,B,8.610708989,9.874100023
0,2500,82,B,5.521195168,5.058287685
0,2500,83,B,1.2804381,6.964311246
0,2500,84,B,4.972210511,5.612340707
0,2500,85,B,7.994128817,10.45635576
0,2500,86,B,5.769338771,7.113974795
0,2500,87,B,5.327529793,3.897555045
0,2500,88,B,5.376654668,9.69806922
0,2500,89,B,4.338660215,3.581971804
0,2500,90,B,3.719100583,8.982708191
0,2500,91,B,10.95763689,4.7733545
0,2500,92,B,9.171551318,5.949148413
0,2500,93,B,5.327525069,8.899783689
0,2500,94,B,11.53741793,4.284255989
0,2500,95,B,4.235575127,2.568040667
0,2500,96,B,4.765112946,4.43918829
0,2500,97,B,9.285491115,9.318703939
0,2500,98,B,4.072634746,7.394871508
0,2500,99,B,9.480156305,2.713204675
0,2500,100,B,9.441842053,5.154567718
0,2750,1,A,4.110744409,5.972766141
0,2750,2,A,2.659219271,7.552470991
0,2750,3,A,8.184889564,6.311153753
0,2750,4,A,8.206700971,8.672307173
0,2750,5,A,9.356616692,8.178188074
0,2750,6,A,6.155553775,3.682007904
0,2750,7,A,9.17739277,1.775946133
0,2750,8,A,10.47927283,3.220704004
0,2750,9,A,7.812738423,9.402648069
0,2750,10,A,7.013520721,3.939752053
0,2750,11,A,7.238361498,9.98148196
0,2750,12,A,8.776018918,8.368691823
0,2750,13,A,6.281610456,8.83962461
0,2750,14,A,3.715633326,4.164104572
0,2750,15,A,2.134727773,4.470048789
0,2750,16,A,10.00352517,7.944374132
0,2750,17,A,7.063590307,4.914376992
0,2750,18,A,7.486985328,7.934731803
0,2750,19,A,3.635555708,6.5673031
0,2750,20,A,10.80638782,3.810388306
0,2750,21,A,6.236168512,4.563428456
0,2750,22,A,3.798360584,10.86415521
0,2750,23,A,7.321911072,5.779898207
0,2750,24,A,6.559745428,9.602653593
0,2750,25,A,2.191717273,5.416152735
0,2750,26,A,3.973761583,5.056083364
0,2750,27,A,3.005749608,4.695204469
0,2750,28,A,6.327346972,5.520250459
0,2750,29,A,8.707684816,7.044828126
0,2750,30,A,6.930513851,2.995420788
0,2750,31,A,6.470234234,2.276018473
0,2750,32,A,10.10437049,7.084389814
0,2750,33,A,8.629288268,4.715673167
0,2750,34,A,9.037154514,4.122010941
0,2750,35,A,5.894023059,2.8923357
0,2750,36,A,8.056479622,7.441788865
0,2750,37,A,2.08426141,6.676404409
0,2750,38,A,6.730107974,7.234267761
0,2750,39,A,3.165558182,5.546541715
0,2750,40,A,6.464014901,7.920126602
0,2750,41,A,2.865076118,3.798481822
0,2750,42,A,3.201304402,7.082799389
0,2750,43,A,3.187845039,10.14560912
0,2750,44,A,3.989925556,9.934081181
0,2750,45,A,6.496764814,6.396940548
0,2750,46,A,4.637575637,10.49775921
0,2750,47,A,7.381147317,6.683718525
0,2750,48,A,2.626633103,6.181345325
0,2750,49,A,9.368523176,6.904820911
0,2750,50,A,7.186087589,8.722184664
0,2750,51,B,8.680140386,3.24953023
0,2750,52,B,4.572414213,9.268289222
0,2750,53,B,8.479511915,2.347625735
0,2750,54,B,9.605712877,10.31446202
0,2750,55,B,0.7620149955,6.235551162
0,2750,56,B,7.884599238,3.821981462
0,2750,57,B,7.589685736,2.053697918
0,2750,58,B,3.595522488,3.092025249
0,2750,59,B,7.789877371,2.933129205
0,2750,60,B,5.080353165,2.948453157
0,2750,61,B,2.889169679,8.993931901
0,2750,62,B,10.23749814,8.886564057
0,2750,63,B,4.933271175,7.570269312
0,2750,64,B,3.432758143,8.168900008
0,2750,65,B,5.712292509,10.31101541
0,2750,66,B,4.440805317,8.378718336
0,2750,67,B,9.588168052,3.513688227
0,2750,68,B,5.63078143,6.085501433
0,2750,69,B,9.987033703,4.426705533
0,2750,70,B,10.12709156,6.057580554
0,2750,71,B,0.6962856318,5.183846529
0,2750,72,B,10.25909329,9.850986767
0,2750,73,B,8.420625238,5.515848178
0,2750,74,B,4.789539976,6.589925734
0,2750,75,B,7.800627191,4.763533707
0,2750,76,B,8.924982234,10.91800363
0,2750,77,B,1.412826846,5.472488573
0,2750,78,B,10.58735543,5.355556164
0,2750,79,B,5.604237597,8.0817046
0,2750,80,B,1.329520675,4.42375804
0,2750,81,B,8.750639307,9.768330386
0,2750,82,B,5.502989048,4.992576866
0,2750,83,B,1.375198937,6.682984309
0,2750,84,B,4.854565779,5.626819291
0,2750,85,B,8.227913783,10.381307
0,2750,86,B,5.65768449,7.055036225
0,2750,87,B,5.284912389,3.953892775
0,2750,88,B,5.381104249,9.72477772
0,2750,89,B,4.394432694,3.585731747
0,2750,90,B,3.678697425,9.061020347
0,2750,91,B,10.93688058,4.725493129
0,2750,92,B,9.209326964,5.947228776
0,2750,93,B,5.366262868,8.88876838
0,2750,94,B,11.57828058,4.290068973
0,2750,95,B,4.266281323,2.586527051
0,2750,96,B,4.695228087,4.55987016
0,2750,97,B,9.397021904,9.32238988
0,2750,98,B,4.147783901,7.480601842
0,2750,99,B,9.534319629,2.680139855
0,2750,100,B,9.550190428,5.15567861
0,3000,1,A,4.041624764,5.936949068
0,3000,2,A,2.534796193,7.465764438
0,3000,3,A,8.172548161,6.317643238
0,3000,4,A,8.147481878,8.66447396
0,3000,5,A,9.277344573,8.096095999
0,3000,6,A,6.231301545,3.885903632
0,3000,7,A,9.267596747,1.859187605
0,3000,8,A,10.42370768,3.217151389
0,3000,9,A,7.881708425,9.441108332
0,3000,10,A,7.086864789,4.034731537
0,3000,11,A,7.254736455,10.05013083
0,3000,12,A,8.845941564,8.609134469
0,3000,13,A,6.305618666,8.717146216
0,3000,14,A,3.672523751,4.116510284
0,3000,15,A,2.14404013,4.487924628
0,3000,16,A,9.934097004,8.025008403
0,3000,17,A,7.192769834,5.013569878
0,3000,18,A,7.461942664,7.81400427
0,3000,19,A,3.633357684,6.575199293
0,3000,20,A,10.89847965,3.722154046
0,3000,21,A,6.25232848,4.708473339
0,3000,22,A,3.625793713,10.78228042
0,3000,23,A,7.353616016,5.844915503
0,3000,24,A,6.652492166,9.524877217
0,3000,25,A,2.186752577,5.507099731
0,3000,26,A,4.018751781,5.008243293
0,3000,27,A,3.002627344,4.7074479
0,3000,28,A,6.368715789,5.570354683
0,3000,29,A,8.74013414,7.004703436
0,3000,30,A,6.878886351,3.08683166
0,3000,31,A,6.398168671,2.435502697
0,3000,32,A,10.14871123,7.100964573
0,3000,33,A,8.776662896,4.726064968
0,3000,34,A,9.070622494,4.10571715
0,3000,35,A,5.863494783,3.06274706
0,3000,36,A,8.231453925,7.605423514
0,3000,37,A,2.064819296,6.654531245
0,3000,38,A,6.68777153,7.155114293
0,3000,39,A,3.130136313,5.509543755
0,3000,40,A,6.543055564,7.919496792
0,3000,41,A,2.81586307,3.811271609
0,3000,42,A,3.320035385,7.238668567
0,3000,43,A,3.145945082,10.04423673
0,3000,44,A,4.01467851,9.939721094
0,3000,45,A,6.512846915,6.403181928
0,3000,46,A,4.578649607,10.50352072
0,3000,47,A,7.520834303,6.771694266
0,3000,48,A,2.754771877,6.287039387
0,3000,49,A,9.401754989,6.900823597
0,3000,50,A,7.222536045,8.765992405
0,3000,51,B,8.683273672,3.204410921
0,3000,52,B,4.605929455,9.307439935
0,3000,53,B,8.509625106,2.317056639
0,3000,54,B,9.584371719,10.46770499
0,3000,55,B,0.593108761,6.22764199
0,3000,56,B,7.99252767,3.739677383
0,3000,57,B,7.540140404,2.067651833
0,3000,58,B,3.508344276,3.102731914
0,3000,59,B,7.743914726,2.897348957
0,3000,60,B,5.071198711,2.933951713
0,3000,61,B,2.985818282,9.046309209
0,3000,62,B,10.29096238,9.026055088
0,3000,63,B,5.028686799,7.503824769
0,3000,64,B,3.489326325,8.121600315
0,3000,65,B,5.739737884,10.29827443
0,3000,66,B,4.604214722,8.397828256
0,3000,67,B,9.57719998,3.489226558
0,3000,68,B,5.581634511,6.009641288
0,3000,69,B,10.12333162,4.361533198
0,3000,70,B,10.12287343,6.106914841
0,3000,71,B,0.709791474,5.246599709
0,3000,72,B,10.30694214,9.867655532
0,3000,73,B,8.363991895,5.471969524
0,3000,74,B,4.739290896,6.597533789
0,3000,75,B,7.900222231,4.596002214
0,3000,76,B,8.775088382,10.81377072
0,3000,77,B,1.420527657,5.687149075
0,3000,78,B,10.48543808,5.364309216
0,3000,79,B,5.608267436,8.086696142
0,3000,80,B,1.345265828,4.647654109
0,3000,81,B,8.808428939,9.730331894
0,3000,82,B,5.460376368,4.956857413
0,3000,83,B,1.236081068,6.711183877
0,3000,84,B,4.8363367,5.619658036
0,3000,85,B,8.09899153,10.40975011
0,3000,86,B,5.703832639,6.982526388
0,3000,87,B,5.303398772,3.934466406
0,3000,88,B,5.498915777,9.745144075
0,3000,89,B,4.37211394,3.560923684
0,3000,90,B,3.742307841,8.968753754
0,3000,91,B,10.97491649,4.883872129
0,3000,92,B,9.193594532,5.953242152
0,3000,93,B,5.393615566,8.988320043
0,3000,94,B,11.52673012,4.297300848
0,3000,95,B,4.214582115,2.601880149
0,3000,96,B,4.677792367,4.500395416
0,3000,97,B,9.502083418,9.434986807
0,3000,98,B,4.225102783,7.51458474
0,3000,99,B,9.58785315,2.67018577
0,3000,100,B,9.579079951,5.194360442
0,3250,1,A,4.074215656,5.842081376
0,3250,2,A,2.376910261,7.245409028
0,3250,3,A,8.155941749,6.351796048
0,3250,4,A,8.168788218,8.544155803
0,3250,5,A,9.24492373,8.077893027
0,3250,6,A,6.08928027,3.903538203
0,3250,7,A,9.299904227,1.85553158
0,3250,8,A,10.47462014,3.115650772
0,3250,9,A,8.030297006,9.395156102
0,3250,10,A,7.09791474,4.167112055
0,3250,11,A,7.355820332,9.982426671
0,3250,12,A,8.897270763,8.685655915
0,3250,13,A,6.376313617,8.688709377
0,3250,14,A,3.630517259,4.060989727
0,3250,15,A,2.181648327,4.539012556
0,3250,16,A,10.02995971,8.013063937
0,3250,17,A,7.18712992,5.018896463
0,3250,18,A,7.428248034,7.816838402
0,3250,19,A,3.771222239,6.619691945
0,3250,20,A,10.95106845,3.679012328
0,3250,21,A,6.248267336,4.743359693
0,3250,22,A,3.571321752,10.79284299
0,3250,23,A,7.473512201,5.842323851
0,3250,24,A,6.840953846,9.440478523
0,3250,25,A,2.209044893,5.432077605
0,3250,26,A,3.951680769,5.006397616
0,3250,27,A,3.075343182,4.712524137
0,3250,28,A,6.492915479,5.601254177
0,3250,29,A,8.766619062,6.858134959
0,3250,30,A,7.017000322,3.243028273
0,3250,31,A,6.362907517,2.573346988
0,3250,32,A,10.09105878,7.019185826
0,3250,33,A,8.697873516,4.600865559
0,3250,34,A,9.131646804,4.131863382
0,3250,35,A,5.989901591,3.189371151
0,3250,36,A,8.268426692,7.529598008
0,3250,37,A,1.980236337,6.398482
0,3250,38,A,6.630971772,7.10378453
0,3250,39,A,3.149345399,5.658177995
0,3250,40,A,6.399459773,7.823136462
0,3250,41,A,2.724078277,3.827934704
0,3250,42,A,3.252693133,7.301646042
0,3250,43,A,3.317188724,9.881657695
0,3250,44,A,4.108854991,9.947787337
0,3250,45,A,6.423548282,6.338009592
0,3250,46,A,4.501904381,10.60397759
0,3250,47,A,7.445120293,6.815050732
0,3250,48,A,2.793323884,6.373729045
0,3250,49,A,9.420849042,7.08028489
0,3250,50,A,7.275902098,8.614785143
0,3250,51,B,8.730907329,3.174959582
0,3250,52,B,4.771680249,9.310870726
0,3250,53,B,8.587406163,2.198967995
0,3250,54,B,9.639182349,10.53602623
0,3250,55,B,0.4762593722,6.146879186
0,3250,56,B,7.930173732,3.667970355
0,3250,57,B,7.531164651,2.183273227
0,3250,58,B,3.425307537,3.081272807
0,3250,59,B,7.894606663,2.826636909
0,3250,60,B,5.03089112,2.84892789
0,3250,61,B,3.031571658,8.924037523
0,3250,62,B,10.16836831,8.949660604
0,3250,63,B,4.956259097,7.540038617
0,3250,64,B,3.490479872,8.139022008
0,3250,65,B,6.129392025,10.167433
0,3250,66,B,4.625868543,8.448476661
0,3250,67,B,9.697439411,3.613827397
0,3250,68,B,5.48135039,6.000399679
0,3250,69,B,10.10807299,4.41651527
0,3250,70,B,10.17095755,6.090166722
0,3250,71,B,0.5309265416,5.18267439
0,3250,72,B,10.37320099,9.904611153
0,3250,73,B,8.499748602,5.446852602
0,3250,74,B,4.784840048,6.605278832
0,3250,75,B,7.938705881,4.680718929
0,3250,76,B,8.840207834,10.74716873
0,3250,77,B,1.29342019,5.726392293
0,3250,78,B,10.60672756,5.404201492
0,3250,79,B,5.530403744,8.167637281
0,3250,80,B,1.361893333,4.792065218
0,3250,81,B,8.824898169,9.832562736
0,3250,82,B,5.481682708,4.982237024
0,3250,83,B,1.191588416,6.728103618
0,3250,84,B,4.827741239,5.484490256
0,3250,85,B,8.028381184,10.49354409
0,3250,86,B,5.689484998,7.027288721
0,3250,87,B,5.230854557,3.889367565
0,3250,88,B,5.38200802,9.946212823
0,3250,89,B,4.334694552,3.502000234
0,3250,90,B,3.892756298,8.943425209
0,3250,91,B,10.96366458,4.774245135
0,3250,92,B,9.234731892,5.941648996
0,3250,93,B,5.695096852,9.124875167
0,3250,94,B,11.56683617,4.289467635
0,3250,95,B,4.142172047,2.597353253
0,3250,96,B,4.614389325,4.398505965
0,3250,97,B,9.553558484,9.473121904
0,3250,98,B,4.186950947,7.478632522
0,3250,99,B,9.595373035,2.761051044
0,3250,100,B,9.63923903,5.215040125
0,3500,1,A,4.005881694,5.932773454
0,3500,2,A,2.237443564,7.173216899
0,3500,3,A,8.157563499,6.236339994
0,3500,4,A,8.085135798,8.453887268
0,3500,5,A,9.137856694,7.982477401
0,3500,6,A,6.045974739,4.109667695
0,3500,7,A,9.271704659,1.814798871
0,3500,8,A,10.58859586,3.040718233
0,3500,9,A,8.014597517,9.296252929
0,3500,10,A,7.09751796,4.117136941
0,3500,11,A,7.328108867,9.880398083
0,3500,12,A,8.842162728,8.709273642
0,3500,13,A,6.293022546,8.541745222
0,3500,14,A,3.687199807,4.115782858
0,3500,15,A,2.109745465,4.49420726
0,3500,16,A,9.87095099,8.037585435
0,3500,17,A,7.206242961,4.968450569
0,3500,18,A,7.510122829,7.700639174
0,3500,19,A,3.652070101,6.721754428
0,3500,20,A,10.97057197,3.642444212
0,3500,21,A,6.285997056,4.869438752
0,3500,22,A,3.393080359,10.66041294
0,3500,23,A,7.56343749,5.707279253
0,3500,24,A,6.754246384,9.337190323
0,3500,25,A,2.259114478,5.372246026
0,3500,26,A,3.962979302,4.969077226
0,3500,27,A,2.981141736,4.726116669
0,3500,28,A,6.478262306,5.630560527
0,3500,29,A,8.796816689,6.707434957
0,3500,30,A,7.010371688,3.341121356
0,3500,31,A,6.613738703,2.651699386
0,3500,32,A,10.15971709,7.219782219
0,3500,33,A,8.834919957,4.624666186
0,3500,34,A,9.157026416,4.069511004
0,3500,35,A,6.023150629,3.258616757
0,3500,36,A,8.282894913,7.444308089
0,3500,37,A,1.974596423,6.184165282
0,3500,38,A,6.570767035,7.048160055
0,3500,39,A,3.238351728,5.618713279
0,3500,40,A,6.498560399,7.768015706
0,3500,41,A,2.845149053,3.8103269
0,3500,42,A,3.078807116,7.379123158
0,3500,43,A,3.18044287,9.833768574
0,3500,44,A,4.044131393,9.940974409
0,3500,45,A,6.484951181,6.337465222
0,3500,46,A,4.291821496,10.7669661
0,3500,47,A,7.459713275,6.754178474
0,3500,48,A,2.76199103,6.386575515
0,3500,49,A,9.499494504,6.961846704
0,3500,50,A,7.199313519,8.554656244
0,3500,51,B,8.811858401,3.19657459
0,3500,52,B,4.748737987,9.356084504
0,3500,53,B,8.550109045,2.166040158
0,3500,54,B,9.7375026,10.48512631
0,3500,55,B,0.4455531758,6.219571406
0,3500,56,B,8.017469242,3.764930727
0,3500,57,B,7.646463317,2.16368162
0,3500,58,B,3.50361133,3.035350495
0,3500,59,B,7.932851832,2.900482242
0,3500,60,B,5.169141392,2.98800067
0,3500,61,B,3.068113008,8.895710418
0,3500,62,B,10.09713131,8.956424583
0,3500,63,B,4.970957197,7.569704061
0,3500,64,B,3.370161715,8.09797597
0,3500,65,B,6.05527074,10.05831831
0,3500,66,B,4.589177236,8.461731786
0,3500,67,B,9.803736511,3.604844787
0,3500,68,B,5.553241645,6.154333599
0,3500,69,B,10.23988983,4.402265907
0,3500,70,B,10.26898844,6.104710519
0,3500,71,B,0.5124029264,5.307278982
0,3500,72,B,10.37039506,9.867510561
0,3500,73,B,8.697060127,5.430610157
0,3500,74,B,4.665775205,6.643818242
0,3500,75,B,8.012665157,4.731260868
0,3500,76,B,8.836491325,10.80325454
0,3500,77,B,1.26905929,5.712026416
0,3500,78,B,10.71205704,5.414757938
0,3500,79,B,5.489640629,8.26906738
0,3500,80,B,1.199780619,4.747478375
0,3500,81,B,8.871584121,9.887708558
0,3500,82,B,5.446276584,5.141094591
0,3500,83,B,1.168290314,6.703026312
0,3500,84,B,4.755350952,5.653454449
0,3500,85,B,8.087636128,10.31665532
0,3500,86,B,5.587009905,7.108306538
0,3500,87,B,5.181414778,3.933453992
0,3500,88,B,5.16818885,10.11027731
0,3500,89,B,4.331104476,3.54295071
0,3500,90,B,3.935406391,8.942083041
0,3500,91,B,11.08803219,4.732210349
0,3500,92,B,9.376669718,5.957628752
0,3500,93,B,5.663919884,9.235241634
0,3500,94,B,11.6577109,4.332751059
0,3500,95,B,4.267162366,2.632890367
0,3500,96,B,4.733454168,4.573969944
0,3500,97,B,9.502829328,9.453074643
0,3500,98,B,4.145601514,7.586603536
0,3500,99,B,9.537407256,2.716245064
0,3500,100,B,9.783370156,5.160834289
0,3750,1,A,4.099092996,5.882074063
0,3750,2,A,2.143480503,7.199349733
0,3750,3,A,8.132442108,6.207664922
0,3750,4,A,8.110957848,8.306827542
0,3750,5,A,9.11128045,8.003977409
0,3750,6,A,6.154085743,4.007158626
0,3750,7,A,9.179285149,1.722066034
0,3750,8,A,10.68654989,2.994098195
0,3750,9,A,8.108753525,9.231067998
0,3750,10,A,7.191440945,4.214347512
0,3750,11,A,7.472495832,9.672654503
0,3750,12,A,8.867665177,8.740774916
0,3750,13,A,6.294282158,8.623620011
0,3750,14,A,3.56086802,4.209363138
0,3750,15,A,2.013805002,4.56105577
0,3750,16,A,9.90559033,7.949097678
0,3750,17,A,7.279613794,5.044431951
0,3750,18,A,7.372417764,7.661740031
0,3750,19,A,3.638997598,6.656664712
0,3750,20,A,10.77787492,3.692576777
0,3750,21,A,6.310841984,4.762281952
0,3750,22,A,3.447867192,10.81265439
0,3750,23,A,7.440214351,5.778156057
0,3750,24,A,6.681730995,9.445288667
0,3750,25,A,2.318944483,5.45348314
0,3750,26,A,3.905013523,5.012316564
0,3750,27,A,2.864673042,4.696778984
0,3750,28,A,6.363875728,5.558353728
0,3750,29,A,8.738419494,6.68486428
0,3750,30,A,7.055717727,3.421421634
0,3750,31,A,6.629024097,2.682973982
0,3750,32,A,10.11643839,7.115064358
0,3750,33,A,8.983869099,4.662139649
0,3750,34,A,9.200837302,4.057210891
0,3750,35,A,5.964578662,3.266489333
0,3750,36,A,8.213342897,7.36401581
0,3750,37,A,1.940737952,6.251062506
0,3750,38,A,6.485267674,7.05305696
0,3750,39,A,3.269638364,5.659437607
0,3750,40,A,6.471572573,7.829749424
0,3750,41,A,2.662505284,3.814105737
0,3750,42,A,3.06121978,7.312148006
0,3750,43,A,3.239627149,9.940743366
0,3750,44,A,4.090504016,9.994240259
0,3750,45,A,6.42465202,6.306878278
0,3750,46,A,4.343772666,10.76244153
0,3750,47,A,7.384265011,6.711154261
0,3750,48,A,2.717729419,6.421019502
0,3750,49,A,9.352620575,7.005333239
0,3750,50,A,7.223789359,8.613401409
0,3750,51,B,8.892263804,3.265196656
0,3750,52,B,4.733767497,9.227525336
0,3750,53,B,8.634574823,2.368320628
0,3750,54,B,9.716333597,10.53098779
0,3750,55,B,0.4909858133,6.118679618
0,3750,56,B,8.090769413,3.783128723
0,3750,57,B,7.653989437,2.202072939
0,3750,58,B,3.501092105,3.249484569
0,3750,59,B,7.889643671,2.943729374
0,3750,60,B,4.980341228,2.995294191
0,3750,61,B,2.990634262,9.014099794
0,3750,62,B,10.18192405,8.832418054
0,3750,63,B,4.862545524,7.546204421
0,3750,64,B,3.386152492,8.183385549
0,3750,65,B,6.023114415,10.12082499
0,3750,66,B,4.432658775,8.353652054
0,3750,67,B,9.826234759,3.482512825
0,3750,68,B,5.535261887,6.198265066
0,3750,69,B,10.16425356,4.454228808
0,3750,70,B,10.40786069,6.165486807
0,3750,71,B,0.4839185141,5.241764834
0,3750,72,B,10.270317,9.830098194
0,3750,73,B,8.697686784,5.463822982
0,3750,74,B,4.700241343,6.677344395
0,3750,75,B,8.071405397,4.74419931
0,3750,76,B,8.787925402,10.84116729
0,3750,77,B,1.323222614,5.642117939
0,3750,78,B,10.85145569,5.509905659
0,3750,79,B,5.422610147,8.327680082
0,3750,80,B,1.252684331,4.632223859
0,3750,81,B,8.946395639,9.887325952
0,3750,82,B,5.444320654,5.091430436
0,3750,83,B,1.168605217,6.684761934
0,3750,84,B,4.840536143,5.669843508
0,3750,85,B,8.139371187,10.28777609
0,3750,86,B,5.618607278,7.275488567
0,3750,87,B,5.210026869,3.947939533
0,3750,88,B,5.121981551,10.05157938
0,3750,89,B,4.312653946,3.692890106
0,3750,90,B,3.874882025,9.038032429
0,3750,91,B,10.97594579,4.750627406
0,3750,92,B,9.472283732,6.010239604
0,3750,93,B,5.645525472,9.264859753
0,3750,94,B,11.56229527,4.311652555
0,3750,95,B,4.137183732,2.676542754
0,3750,96,B,4.709690009,4.555072612
0,3750,97,B,9.512340974,9.392649474
0,3750,98,B,4.033593162,7.514846376
0,3750,99,B,9.583759413,2.571498303
0,3750,100,B,9.816896309,5.287105688
0,4000,1,A,4.049023412,5.809331459
0,4000,2,A,2.179199956,7.101591231
0,4000,3,A,8.030875342,6.175222169
0,4000,4,A,8.257773522,8.221740741
0,4000,5,A,9.227918964,8.153154854
0,4000,6,A,6.064473782,4.100843857
0,4000,7,A,9.21812548,1.700747284
0,4000,8,A,10.64537593,2.839286529
0,4000,9,A,8.155403707,9.170081769
0,4000,10,A,7.158231987,4.309904138
0,4000,11,A,7.437380226,9.578720965
0,4000,12,A,8.978429151,8.874404078
0,4000,13,A,6.361671405,8.573865332
0,4000,14,A,3.487563746,4.202014849
0,4000,15,A,1.977906054,4.548144745
0,4000,16,A,10.00082016,7.965438
0,4000,17,A,7.126743253,5.063763238
0,4000,18,A,7.45942344,7.713865103
0,4000,19,A,3.77147789,6.638511923
0,4000,20,A,10.73724928,3.521560803
0,4000,21,A,6.146965074,4.842754931
0,4000,22,A,3.44787349,10.69536717
0,4000,23,A,7.50026223,5.669980497
0,4000,24,A,6.608098789,9.444348682
0,4000,25,A,2.147553774,5.451916497
0,4000,26,A,3.852209006,4.964131673
0,4000,27,A,2.829933439,4.802500242
0,4000,28,A,6.356947865,5.651565031
0,4000,29,A,8.701491934,6.494474326
0,4000,30,A,7.00759267,3.476380088
0,4000,31,A,6.618632299,2.743750271
0,4000,32,A,9.916848111,7.029212339
0,4000,33,A,8.848084481,4.494384496
0,4000,34,A,9.382309632,4.200482331
0,4000,35,A,6.01052747,3.307989738
0,4000,36,A,8.253386923,7.291468322
0,4000,37,A,1.920278796,6.286094676
0,4000,38,A,6.590499388,7.126431478
0,4000,39,A,3.156784983,5.681272984
0,4000,40,A,6.491540574,7.860786269
0,4000,41,A,2.556199655,3.828843513
0,4000,42,A,3.032080227,7.34755413
0,4000,43,A,3.128561798,9.91188839
0,4000,44,A,4.038631611,9.912833095
0,4000,45,A,6.377488988,6.393782071
0,4000,46,A,4.297927505,10.7775616
0,4000,47,A,7.341240792,6.689330383
0,4000,48,A,2.859239789,6.419961372
0,4000,49,A,9.190865897,7.21282286
0,4000,50,A,7.322487847,8.629694492
0,4000,51,B,8.850980013,3.227441355
0,4000,52,B,4.762281952,9.21279422
0,4000,53,B,8.55104903,2.323957739
0,4000,54,B,9.797893485,10.5533459
0,4000,55,B,0.4498836568,6.154333599
0,4000,56,B,7.987057669,3.737696086
0,4000,57,B,7.602916885,2.186406513
0,4000,58,B,3.360330442,3.053614872
0,4000,59,B,7.909038864,2.944034909
0,4000,60,B,4.973777154,3.031766898
0,4000,61,B,3.042420068,8.954302854
0,4000,62,B,10.21545493,8.929075972
0,4000,63,B,4.980821535,7.546336683
0,4000,64,B,3.406821154,8.121788938
0,4000,65,B,5.957650795,10.08634468
0,4000,66,B,4.45461854,8.288878072
0,4000,67,B,9.72477772,3.384261499
0,4000,68,B,5.447239952,6.146539357
0,4000,69,B,10.14463796,4.412919077
0,4000,70,B,10.30161555,6.248397632
0,4000,71,B,0.4809593002,5.169294159
0,4000,72,B,10.45924942,9.829162889
0,4000,73,B,8.662593989,5.397397332
0,4000,74,B,4.738467425,6.657918026
0,4000,75,B,8.07228303,4.625042495
0,4000,76,B,8.814244999,10.80419452
0,4000,77,B,1.256134094,5.599494237
0,4000,78,B,10.76104248,5.395797954
0,4000,79,B,5.452865978,8.371252256
0,4000,80,B,1.118535632,4.577115826
0,4000,81,B,8.912772579,9.898966233
0,4000,82,B,5.37885899,4.960352837
0,4000,83,B,1.124222781,6.683297637
0,4000,84,B,4.816714105,5.546864538
0,4000,85,B,8.127332804,10.2236424
0,4000,86,B,5.650305419,7.250957619
0,4000,87,B,5.168040845,3.855194286
0,4000,88,B,5.044902731,10.12458493
0,4000,89,B,4.139677889,3.591586782
0,4000,90,B,3.913300197,8.980720072
0,4000,91,B,10.91692732,4.55620219
0,4000,92,B,9.430716528,5.983472845
0,4000,93,B,5.612202149,9.293103895
0,4000,94,B,11.49931466,4.087126681
0,4000,95,B,4.101157186,2.753217831
0,4000,96,B,4.546428682,4.491358819
0,4000,97,B,9.619341891,9.572576435
0,4000,98,B,4.083559346,7.477484148
0,4000,99,B,9.590687276,2.516075366
0,4000,100,B,9.809209627,5.288860952
0,4250,1,A,3.889367565,5.908525919
0,4250,2,A,2.168546786,7.09093806
0,4250,3,A,8.08009735,6.075424535
0,4250,4,A,8.329500565,8.250144994
0,4250,5,A,9.270115971,8.18433026
0,4250,6,A,6.121186247,4.235261799
0,4250,7,A,9.189704364,1.598292019
0,4250,8,A,10.63405713,2.597806878
0,4250,9,A,8.241943419,9.186917331
0,4250,10,A,7.235212465,4.278587735
0,4250,11,A,7.500360834,9.602023791
0,4250,12,A,9.06322467,8.919628878
0,4250,13,A,6.351503393,8.716259058
0,4250,14,A,3.403570766,4.071688479
0,4250,15,A,1.948620071,4.623721477
0,4250,16,A,9.870165324,7.797133101
0,4250,17,A,7.276115224,5.072475642
0,4250,18,A,7.497437404,7.79112445
0,4250,19,A,3.765295764,6.760968472
0,4250,20,A,10.8635254,3.214845233
0,4250,21,A,6.271294233,4.968225413
0,4250,22,A,3.374136873,10.67848964
0,4250,23,A,7.446565947,5.807231055
0,4250,24,A,6.664086481,9.494171083
0,4250,25,A,2.12471041,5.556047572
0,4250,26,A,3.848430169,4.947441812
0,4250,27,A,2.804917039,4.777633491
0,4250,28,A,6.419961372,5.708502949
0,4250,29,A,8.817732966,6.445979109
0,4250,30,A,6.993492886,3.576645219
0,4250,31,A,6.690671937,2.849707195
0,4250,32,A,9.707516307,6.8771677
0,4250,33,A,8.854443947,4.486423747
0,4250,34,A,9.375537994,4.176154942
0,4250,35,A,6.009294895,3.345215096
0,4250,36,A,8.097801897,7.097999032
0,4250,37,A,1.821065442,6.304170111
0,4250,38,A,6.572971352,7.297878172
0,4250,39,A,3.136434374,5.524659102
0,4250,40,A,6.472832185,7.981532696
0,4250,41,A,2.544731544,3.886218535
0,4250,42,A,2.984767618,7.280501824
0,4250,43,A,3.169814097,9.869061575
0,4250,44,A,4.057449406,9.835723939
0,4250,45,A,6.346383724,6.457685501
0,4250,46,A,4.256881467,10.67510316
0,4250,47,A,7.235069186,6.792962624
0,4250,48,A,2.857242905,6.335502964
0,4250,49,A,8.90199431,7.347317955
0,4250,50,A,7.381770853,8.677797435
0,4250,51,B,8.933799518,3.137379083
0,4250,52,B,4.728610826,9.10991022
0,4250,53,B,8.623427922,2.303278056
0,4250,54,B,9.615564622,10.47745427
0,4250,55,B,0.4208002216,6.231164562
0,4250,56,B,8.13432208,3.682236935
0,4250,57,B,7.680622362,2.198312997
0,4250,58,B,3.388671716,3.077862407
0,4250,59,B,7.832583549,2.974259303
0,4250,60,B,5.004754167,3.065266284
0,4250,61,B,3.00795393,8.817691613
0,4250,62,B,10.34046829,8.886937219
0,4250,63,B,4.99602348,7.510171639
0,4250,64,B,3.409513285,8.051763909
0,4250,65,B,5.898409659,10.13899804
0,4250,66,B,4.482624544,8.24069634
0,4250,67,B,9.819402937,3.504579656
0,4250,68,B,5.522769684,5.95922531
0,4250,69,B,10.31728198,4.158809636
0,4250,70,B,10.32882003,6.190993955
0,4250,71,B,0.3639674894,5.27974405
0,4250,72,B,10.45950479,9.847018361
0,4250,73,B,8.76066582,5.367631122
0,4250,74,B,4.718507295,6.501173459
0,4250,75,B,8.130329867,4.642250623
0,4250,76,B,8.618896464,10.8729725
0,4250,77,B,1.132369323,5.648373488
0,4250,78,B,10.78790144,5.424030258
0,4250,79,B,5.501799647,8.340462639
0,4250,80,B,1.126723112,4.693000148
0,4250,81,B,8.936566278,10.0099893
0,4250,82,B,5.330383005,4.891406564
0,4250,83,B,1.066891532,6.75435551
0,4250,84,B,4.786720019,5.611400721
0,4250,85,B,8.023717107,10.22547672
0,4250,86,B,5.621207437,7.134849262
0,4250,87,B,5.184563808,3.903538203
0,4250,88,B,5.043186439,10.02526602
0,4250,89,B,4.221985087,3.6623585
0,4250,90,B,3.845079155,8.941889981
0,4250,91,B,10.99187831,4.691468144
0,4250,92,B,9.518328513,5.919259256
0,4250,93,B,5.612202149,9.246183342
0,4250,94,B,11.32463322,3.978959057
0,4250,95,B,4.132803368,2.715305078
0,4250,96,B,4.503471024,4.526970664
0,4250,97,B,9.669413038,9.423158856
0,4250,98,B,4.163196236,7.414293108
0,4250,99,B,9.624018432,2.56025266
0,4250,100,B,9.880188673,5.125741493
0,4500,1,A,3.88433384,5.80629107
0,4500,2,A,2.227452551,7.176163422
0,4500,3,A,8.144661921,6.104579834
0,4500,4,A,8.220431309,8.183330717
0,4500,5,A,9.312437369,8.314172658
0,4500,6,A,6.032514271,4.108050414
0,4500,7,A,9.249962178,1.678433254
0,4500,8,A,10.6174064,2.698739811
0,4500,9,A,8.146233195,9.193645723
0,4500,10,A,7.1180137,4.33765164
0,4500,11,A,7.461252056,9.54380102
0,4500,12,A,8.924719026,8.93407212
0,4500,13,A,6.327970421,8.563680287
0,4500,14,A,3.353868631,4.160376279
0,4500,15,A,1.866498079,4.55987016
0,4500,16,A,9.903080644,7.868344136
0,4500,17,A,7.34755413,5.116654966
0,4500,18,A,7.489339227,7.657182555
0,4500,19,A,3.737382757,6.694264136
0,4500,20,A,10.91229287,3.309062651
0,4500,21,A,6.34718587,4.907764027
0,4500,22,A,3.381128214,10.68105641
0,4500,23,A,7.58790388,5.744146527
0,4500,24,A,6.645071556,9.34847015
0,4500,25,A,2.013135833,5.508628962
0,4500,26,A,3.814420639,4.943033169
0,4500,27,A,2.779019413,4.77896868
0,4500,28,A,6.382502244,5.631453747
0,4500,29,A,8.899783689,6.451434522
0,4500,30,A,6.920129698,3.62195126
0,4500,31,A,6.738295455,2.840425507
0,4500,32,A,9.67224717,6.9288118
0,4500,33,A,8.951384782,4.513829855
0,4500,34,A,9.232957412,3.957701527
0,4500,35,A,5.940395682,3.234177131
0,4500,36,A,8.160641677,7.034225596
0,4500,37,A,1.894624381,6.343577798
0,4500,38,A,6.466278066,7.145789542
0,4500,39,A,2.957569442,5.541348963
0,4500,40,A,6.451434522,7.829140087
0,4500,41,A,2.512581517,3.849241044
0,4500,42,A,3.046057198,7.28496715
0,4500,43,A,3.138323792,9.820566502
0,4500,44,A,3.997822682,9.903364074
0,4500,45,A,6.35978199,6.363245925
0,4500,46,A,4.223110236,10.76050846
0,4500,47,A,7.2591451,6.71499263
0,4500,48,A,2.882309187,6.353049362
0,4500,49,A,8.918171863,7.488707858
0,4500,50,A,7.305881435,8.544469131
0,4500,51,B,8.813821454,3.09266285
0,4500,52,B,4.755073837,9.193685854
0,4500,53,B,8.642829099,2.275489436
0,4500,54,B,9.764198861,10.43399765
0,4500,55,B,0.318628619,6.381301933
0,4500,56,B,8.087909125,3.732952726
0,4500,57,B,7.580346208,2.2821024
0,4500,58,B,3.46697228,3.186726149
0,4500,59,B,7.811799954,3.004489996
0,4500,60,B,5.003279919,2.999224379
0,4500,61,B,2.943713707,8.811617132
0,4500,62,B,10.29103166,8.856333368
0,4500,63,B,4.859554094,7.51146704
0,4500,64,B,3.397734626,8.035623591
0,4500,65,B,5.916269385,9.986407046
0,4500,66,B,4.39793599,8.408541228
0,4500,67,B,9.836333588,3.436949017
0,4500,68,B,5.521162103,6.013087902
0,4500,69,B,10.30367635,4.18924927
0,4500,70,B,10.39301253,6.315943668
0,4500,71,B,0.3256097532,5.389880596
0,4500,72,B,10.4191972,9.783722845
0,4500,73,B,8.845891181,5.375464335
0,4500,74,B,4.738780753,6.518486828
0,4500,75,B,8.133945772,4.643245466
0,4500,76,B,9.022917078,10.88053017
0,4500,77,B,1.085683371,5.9087495
0,4500,78,B,10.74165792,5.58134165
0,4500,79,B,5.397123367,8.271243497
0,4500,80,B,1.090069971,4.965630612
0,4500,81,B,8.810611322,9.962288545
0,4500,82,B,5.387068403,4.91349025
0,4500,83,B,1.05429541,6.887559498
0,4500,84,B,4.775126863,5.598240923
0,4500,85,B,8.083876186,10.3636546
0,4500,86,B,5.563461456,7.18712992
0,4500,87,B,5.11560004,3.886218535
0,4500,88,B,5.026416348,10.08510553
0,4500,89,B,4.196703399,3.721646702
0,4500,90,B,3.813566798,8.956831309
0,4500,91,B,10.8839941,4.821795495
0,4500,92,B,9.624330207,5.887146979
0,4500,93,B,5.610919037,9.181929022
0,4500,94,B,11.30344496,4.117987179
0,4500,95,B,4.157869651,2.720005007
0,4500,96,B,4.556074718,4.597748956
0,4500,97,B,9.600386292,9.524247458
0,4500,98,B,4.156616336,7.384213569
0,4500,99,B,9.652398829,2.561774097
0,4500,100,B,9.849482477,5.058375858
0,4750,1,A,3.875826734,5.814369907
0,4750,2,A,2.057368157,7.079666029
0,4750,3,A,8.233140228,6.015907859
0,4750,4,A,8.200747729,8.126175538
0,4750,5,A,9.238310768,8.369493249
0,4750,6,A,6.123468401,4.220738008
0,4750,7,A,9.437959299,1.773219072
0,4750,8,A,10.71332925,2.67018577
0,4750,9,A,8.044198403,9.292474092
0,4750,10,A,7.16121025,4.434779647
0,4750,11,A,7.369611832,9.674836893
0,4750,12,A,8.728797632,8.951119185
0,4750,13,A,6.267505997,8.571483973
0,4750,14,A,3.369777534,4.25748923
0,4750,15,A,1.743618185,4.448635381
0,4750,16,A,9.820433337,7.826666196
0,4750,17,A,7.330628091,5.159686467
0,4750,18,A,7.463172359,7.696288789
0,4750,19,A,3.666893332,6.665668953
0,4750,20,A,11.07891909,3.234999028
0,4750,21,A,6.213981877,5.014516161
0,4750,22,A,3.470308374,10.71583587
0,4750,23,A,7.549024378,5.806604398
0,4750,24,A,6.614193887,9.321913608
0,4750,25,A,1.860132314,5.344534557
0,4750,26,A,3.784945396,5.040474987
0,4750,27,A,2.670812427,4.848759069
0,4750,28,A,6.367775803,5.725138979
0,4750,29,A,8.947903357,6.386205217
0,4750,30,A,6.942667533,3.676808007
0,4750,31,A,6.574545871,2.853336532
0,4750,32,A,9.721331106,6.932393822
0,4750,33,A,9.037290154,4.475802196
0,4750,34,A,9.190228105,3.857599122
0,4750,35,A,5.941962325,3.416847667
0,4750,36,A,8.246681059,7.056032629
0,4750,37,A,1.882477834,6.160352313
0,4750,38,A,6.587419106,7.183683307
0,4750,39,A,2.858252519,5.626304399
0,4750,40,A,6.446065424,7.863444053
0,4750,41,A,2.528140383,3.956669084
0,4750,42,A,2.870716032,7.303061478
0,4750,43,A,3.262376699,9.819716266
0,4750,44,A,4.064453661,9.940544566
0,4750,45,A,6.424488268,6.451121193
0,4750,46,A,4.384719509,10.72805569
0,4750,47,A,7.416377288,6.697436393
0,4750,48,A,2.861733947,6.396649504
0,4750,49,A,8.957417246,7.476113298
0,4750,50,A,7.335334317,8.609014809
0,4750,51,B,8.879321287,3.119744512
0,4750,52,B,4.630334441,9.072671763
0,4750,53,B,8.608189765,2.360828162
0,4750,54,B,9.914407614,10.38077903
0,4750,55,B,0.2259098733,6.350856062
0,4750,56,B,8.073223015,3.855194286
0,4750,57,B,7.520829534,2.480806225
0,4750,58,B,3.357181411,3.289162353
0,4750,59,B,7.800627191,3.123885487
0,4750,60,B,5.003445251,3.103218464
0,4750,61,B,3.021246655,8.87542635
0,4750,62,B,10.31759531,8.692673528
0,4750,63,B,4.865165948,7.426665687
0,4750,64,B,3.296216181,8.01463058
0,4750,65,B,5.938999946,9.867000393
0,4750,66,B,4.313593932,8.152495135
0,4750,67,B,9.942227723,3.379561571
0,4750,68,B,5.518655475,6.061967154
0,4750,69,B,10.2847336,4.168686571
0,4750,70,B,10.50988928,6.563209357
0,4750,71,B,0.2613159976,5.442203313
0,4750,72,B,10.46611776,9.557307554
0,4750,73,B,8.945136027,5.374450347
0,4750,74,B,4.721234355,6.460834378
0,4750,75,B,8.214507683,4.751370013
0,4750,76,B,9.080943423,10.81138557
0,4750,77,B,1.047143962,5.802531127
0,4750,78,B,10.58105737,5.671718826
0,4750,79,B,5.358544594,8.186334616
0,4750,80,B,0.8489786214,4.805420537
0,4750,81,B,9.006090916,9.911781852
0,4750,82,B,5.349887909,4.844468514
0,4750,83,B,1.041384385,6.780492462
0,4750,84,B,4.789094145,5.552618106
0,4750,85,B,8.236643329,10.31895307
0,4750,86,B,5.613146859,7.177585206
0,4750,87,B,5.06080691,3.949199145
0,4750,88,B,5.084510957,9.988977293
0,4750,89,B,4.113578537,3.643743186
0,4750,90,B,3.840872496,8.900734698
0,4750,91,B,10.89753493,4.930122144
0,4750,92,B,9.742802683,5.948877377
0,4750,93,B,5.462677275,9.105833597
0,4750,94,B,11.15167587,4.109303728
0,4750,95,B,4.115681071,2.702854225
0,4750,96,B,4.469733886,4.526731337
0,4750,97,B,9.621524274,9.351843495
0,4750,98,B,4.068571018,7.273921924
0,4750,99,B,9.695324838,2.528247943
0,4750,100,B,9.866715546,4.969703883
0,5000,1,A,3.785195756,5.814192872
0,5000,2,A,2.024102332,6.906700882
0,5000,3,A,8.37370508,5.901542944
0,5000,4,A,8.104869197,8.217040813
0,5000,5,A,9.177564243,8.322379992
0,5000,6,A,6.153205588,4.339993829
0,5000,7,A,9.141359989,1.82983864
0,5000,8,A,10.76172743,2.710450069
0,5000,9,A,8.114736684,9.371829657
0,5000,10,A,7.305435844,4.369279813
0,5000,11,A,7.455036727,9.743737994
0,5000,12,A,8.760917742,8.910181785
0,5000,13,A,6.293022546,8.601576797
0,5000,14,A,3.523765125,4.209623967
0,5000,15,A,1.879656303,4.381246128
0,5000,16,A,9.852545614,7.909285159
0,5000,17,A,7.311622673,5.11208754
0,5000,18,A,7.445683639,7.69946416
0,5000,19,A,3.530378089,6.654216338
0,5000,20,A,11.12048629,3.335138198
0,5000,21,A,6.263764759,5.097122595
0,5000,22,A,3.478102616,10.7732015
0,5000,23,A,7.607616813,5.802844456
0,5000,24,A,6.66844181,9.410456197
0,5000,25,A,1.768739576,5.210653526
0,5000,26,A,3.821033603,4.977672504
0,5000,27,A,2.700891966,4.785153376
0,5000,28,A,6.515353543,5.787491358
0,5000,29,A,9.021027663,6.445750523
0,5000,30,A,6.966181861,3.720035892
0,5000,31,A,6.688395073,2.988935979
0,5000,32,A,9.660595754,7.055087924
0,5000,33,A,8.986073421,4.349755824
0,5000,34,A,9.268541457,3.778521692
0,5000,35,A,5.954501764,3.448188393
0,5000,36,A,8.20227973,7.013835622
0,5000,37,A,1.805146481,6.047708367
0,5000,38,A,6.523186756,7.194336477
0,5000,39,A,2.865389446,5.496095821
0,5000,40,A,6.487947529,7.889895906
0,5000,41,A,2.667543733,3.847800363
0,5000,42,A,2.881998976,7.298840116
0,5000,43,A,3.142732435,9.977703124
0,5000,44,A,4.037551493,9.873608774
0,5000,45,A,6.569507423,6.449529359
0,5000,46,A,4.291660935,10.69108292
0,5000,47,A,7.482096456,6.725384427
0,5000,48,A,2.746379163,6.298371195
0,5000,49,A,8.82668636,7.489184957
0,5000,50,A,7.300241521,8.667607245
0,5000,51,B,8.881840511,2.955050217
0,5000,52,B,4.716534427,9.014775261
0,5000,53,B,8.364305224,2.22964585
0,5000,54,B,10.04303689,10.43087838
0,5000,55,B,0.260109919,6.50054365
0,5000,56,B,8.109698236,3.810011997
0,5000,57,B,7.464776789,2.352640684
0,5000,58,B,3.440973964,3.235743774
0,5000,59,B,7.88517236,3.047001908
0,5000,60,B,5.047580981,3.018660633
0,5000,61,B,3.154591684,8.95524284
0,5000,62,B,10.29638501,8.815081066
0,5000,63,B,4.905965263,7.294541474
0,5000,64,B,3.304676052,8.071969701
0,5000,65,B,5.831670681,9.853869076
0,5000,66,B,4.370306397,8.094529356
0,5000,67,B,9.911781852,3.240222345
0,5000,68,B,5.54103406,6.037951072
0,5000,69,B,10.33414475,4.016935109
0,5000,70,B,10.34490553,6.389053662
0,5000,71,B,0.2739656531,5.519620653
0,5000,72,B,10.46078645,9.643312301
0,5000,73,B,9.128928172,5.251448589
0,5000,74,B,4.576486019,6.455512518
0,5000,75,B,8.287539733,4.824319443
0,5000,76,B,9.135652371,10.85880186
0,5000,77,B,0.982812418,5.908525919
0,5000,78,B,10.63207166,5.578822426
0,5000,79,B,5.393927336,8.059869918
0,5000,80,B,0.8249425886,4.84334207
0,5000,81,B,9.059760735,9.927948445
0,5000,82,B,5.36575115,5.025476362
0,5000,83,B,1.037117449,6.904194254
0,5000,84,B,4.688392537,5.587224541
0,5000,85,B,8.345299793,10.36990851
0,5000,86,B,5.580428911,6.994065469
0,5000,87,B,5.242299708,3.967052573
0,5000,88,B,5.036874278,9.895198526
0,5000,89,B,4.295250963,3.647393555
0,5000,90,B,3.962280938,8.894165602
0,5000,91,B,10.91599202,4.865789488
0,5000,92,B,9.694605285,5.870107747
0,5000,93,B,5.546702315,8.962455694
0,5000,94,B,11.32895211,4.200806681
0,5000,95,B,4.133743353,2.733791462
0,5000,96,B,4.591601366,4.521692889
0,5000,97,B,9.615249714,9.409932926
0,5000,98,B,4.009978582,7.32186119
0,5000,99,B,9.760497173,2.428922798
0,5000,100,B,9.935506118,4.812348404
0,5250,1,A,3.849241044,5.775584873
0,5250,2,A,1.977103052,6.788889353
0,5250,3,A,8.386812922,6.002367028
0,5250,4,A,8.137768694,8.164401619
0,5250,5,A,9.140375918,8.307457351
0,5250,6,A,6.130899431,4.324560431
0,5250,7,A,9.165093454,1.785816761
0,5250,8,A,10.9818518,2.584020423
0,5250,9,A,8.039159955,9.18792628
0,5250,10,A,7.254495555,4.380646238
0,5250,11,A,7.457532446,9.700651423
0,5250,12,A,8.79262533,8.978429151
0,5250,13,A,6.375842045,8.6116537
0,5250,14,A,3.545178532,4.233241696
0,5250,15,A,1.854018742,4.284055596
0,5250,16,A,9.714759078,7.828489811
0,5250,17,A,7.507351682,5.055242573
0,5250,18,A,7.345113633,7.642697014
0,5250,19,A,3.726729587,6.625645187
0,5250,20,A,11.08387761,3.28501906
0,5250,21,A,6.390327587,5.090092893
0,5250,22,A,3.492986501,10.76064185
0,5250,23,A,7.820366888,5.673439771
0,5250,24,A,6.64007077,9.417626903
0,5250,25,A,1.814485542,5.17556073
0,5250,26,A,3.677437813,4.989638821
0,5250,27,A,2.664079799,4.67977422
0,5250,28,A,6.667004553,5.733285521
0,5250,29,A,9.106580522,6.426681568
0,5250,30,A,7.0220406,3.708037483
0,5250,31,A,6.555529223,3.014600293
0,5250,32,A,9.650203956,7.030525486
0,5250,33,A,9.052029704,4.310008061
0,5250,34,A,9.360063306,3.743336
0,5250,35,A,5.955761377,3.506445457
0,5250,36,A,8.120848953,6.986599658
0,5250,37,A,1.939788471,5.983625525
0,5250,38,A,6.47744079,7.132924084
0,5250,39,A,2.829669994,5.530561959
0,5250,40,A,6.336199249,7.881320368
0,5250,41,A,2.67425904,3.788768637
0,5250,42,A,2.804841463,7.218207699
0,5250,43,A,3.112396775,9.98660658
0,5250,44,A,3.961795267,9.848592874
0,5250,45,A,6.461461035,6.400675299
0,5250,46,A,4.396264341,10.56899235
0,5250,47,A,7.402386623,6.648204841
0,5250,48,A,2.913168112,6.367654564
0,5250,49,A,8.715233182,7.383273583
0,5250,50,A,7.283635109,8.586455155
0,5250,51,B,8.965582681,2.87541596
0,5250,52,B,4.641356048,9.004967608
0,5250,53,B,8.327611144,2.266042345
0,5250,54,B,9.906220133,10.30709171
0,5250,55,B,0.03603278145,6.438588052
0,5250,56,B,8.163148305,3.706049904
0,5250,57,B,7.344982029,2.433674168
0,5250,58,B,3.519407375,3.195001569
0,5250,59,B,7.904381448,3.049206229
0,5250,60,B,5.065269086,2.998554074
0,5250,61,B,2.96722122,8.928923243
0,5250,62,B,10.30866467,8.742333763
0,5250,63,B,4.859412239,7.400506652
0,5250,64,B,3.314984403,8.056164714
0,5250,65,B,5.872493804,9.883099044
0,5250,66,B,4.382190838,8.195036959
0,5250,67,B,10.02181317,3.262376699
0,5250,68,B,5.595512288,5.983157942
0,5250,69,B,10.38947784,4.075752756
0,5250,70,B,10.42600698,6.531959955
0,5250,71,B,0.2593923787,5.606242492
0,5250,72,B,10.49023933,9.609786148
0,5250,73,B,9.052232829,5.248019123
0,5250,74,B,4.64536832,6.517545282
0,5250,75,B,8.327645785,4.618775925
0,5250,76,B,9.259016439,10.87883001
0,5250,77,B,0.994504768,6.053193955
0,5250,78,B,10.60063225,5.621240503
0,5250,79,B,5.387691942,8.073899554
0,5250,80,B,0.9169976804,5.031835829
0,5250,81,B,8.996602206,9.958834135
0,5250,82,B,5.428730186,4.982863681
0,5250,83,B,0.9941914394,6.858761616
0,5250,84,B,4.71371447,5.594794309
0,5250,85,B,8.366498524,10.36678789
0,5250,86,B,5.554574891,6.961876621
0,5250,87,B,5.139527949,3.943239605
0,5250,88,B,5.011713059,9.822154983
0,5250,89,B,4.303465075,3.749235708
0,5250,90,B,3.759002426,8.95304954
0,5250,91,B,11.02477781,4.962497327
0,5250,92,B,9.753714625,5.837887368
0,5250,93,B,5.556254899,9.006628719
0,5250,94,B,11.27512731,4.205495588
0,5250,95,B,4.206748902,2.780477414
0,5250,96,B,4.638515622,4.69021483
0,5250,97,B,9.618872675,9.30366417
0,5250,98,B,3.928609812,7.426977455
0,5250,99,B,9.836636007,2.504748303
0,5250,100,B,9.948494293,4.850952368
0,5500,1,A,3.753329448,5.783509409
0,5500,2,A,1.949184076,6.84053868
0,5500,3,A,8.295491034,6.116361932
0,5500,4,A,8.08104206,8.109068433
0,5500,5,A,9.13376295,8.319108761
0,5500,6,A,6.134941212,4.429111392
0,5500,7,A,9.15330762,1.857183676
0,5500,8,A,10.84715045,2.706591711
0,5500,9,A,8.062777682,9.139746109
0,5500,10,A,7.283707538,4.378412001
0,5500,11,A,7.519569922,9.648629436
0,5500,12,A,8.739839605,8.952778298
0,5500,13,A,6.307930053,8.538829218
0,5500,14,A,3.430634122,4.135309996
0,5500,15,A,1.806652329,4.274114537
0,5500,16,A,9.724835974,7.798574024
0,5500,17,A,7.472964271,5.098280373
0,5500,18,A,7.358339562,7.532480944
0,5500,19,A,3.579778505,6.706483949
0,5500,20,A,11.07773033,3.350735346
0,5500,21,A,6.305736753,5.119474922
0,5500,22,A,3.442520138,10.78605925
0,5500,23,A,7.894934354,5.60086564
0,5500,24,A,6.715883805,9.347843493
0,5500,25,A,1.803449765,5.11969378
0,5500,26,A,3.679327231,4.982710953
0,5500,27,A,2.703803706,4.684736329
0,5500,28,A,6.696144107,5.727958936
0,5500,29,A,8.980525802,6.405308194
0,5500,30,A,7.030840388,3.707353603
0,5500,31,A,6.493930688,3.027477919
0,5500,32,A,9.720704449,6.899180997
0,5500,33,A,9.009061346,4.302205463
0,5500,34,A,9.466595008,3.903760209
0,5500,35,A,6.00772038,3.662952273
0,5500,36,A,8.099542612,7.072138348
0,5500,37,A,1.919216396,5.971598773
0,5500,38,A,6.4916684,7.10678999
0,5500,39,A,2.765124315,5.511762247
0,5500,40,A,6.343336177,7.812533675
0,5500,41,A,2.556447512,3.75179587
0,5500,42,A,2.722793314,7.285046673
0,5500,43,A,3.055031152,9.912405395
0,5500,44,A,3.855194286,9.787443427
0,5500,45,A,6.275657214,6.353049362
0,5500,46,A,4.256837158,10.54049849
0,5500,47,A,7.329998282,6.529199832
0,5500,48,A,2.833362906,6.357295666
0,5500,49,A,8.850035308,7.40620482
0,5500,50,A,7.226609316,8.540082532
0,5500,51,B,8.972847492,2.902461408
0,5500,52,B,4.588383057,9.001302134
0,5500,53,B,8.323627071,2.297430815
0,5500,54,B,9.936587809,10.25900287
0,5500,55,B,0.1738264834,6.488262431
0,5500,56,B,8.189154573,3.709183189
0,5500,57,B,7.36778665,2.454354369
0,5500,58,B,3.55502555,3.207857534
0,5500,59,B,7.878874299,3.069674927
0,5500,60,B,5.168503752,2.99976645
0,5500,61,B,2.954953083,8.780681435
0,5500,62,B,10.24820484,8.627083946
0,5500,63,B,5.004124361,7.4345461
0,5500,64,B,3.334508392,7.92610976
0,5500,65,B,5.810990998,9.825042851
0,5500,66,B,4.338586949,8.109129532
0,5500,67,B,9.887640854,3.2734172
0,5500,68,B,5.466087134,5.915453786
0,5500,69,B,10.40344265,4.117854012
0,5500,70,B,10.41010318,6.459631704
0,5500,71,B,0.1676307659,5.538081844
0,5500,72,B,10.51902147,9.516685061
0,5500,73,B,9.108460493,5.278019161
0,5500,74,B,4.596842927,6.437334738
0,5500,75,B,8.345192183,4.64102225
0,5500,76,B,9.126320219,10.92325936
0,5500,77,B,0.9920511405,6.046149518
0,5500,78,B,10.68857629,5.641480261
0,5500,79,B,5.311858642,8.207640957
0,5500,80,B,0.9365389891,5.098481911
0,5500,81,B,9.082767553,9.960400778
0,5500,82,B,5.311858642,4.946204243
0,5500,83,B,1.006724581,6.905760897
0,5500,84,B,4.633832841,5.533600155
0,5500,85,B,8.368065166,10.26088284
0,5500,86,B,5.500096664,6.919679614
0,5500,87,B,5.163967574,3.89718031
0,5500,88,B,4.890129457,9.82654966
0,5500,89,B,4.277168321,3.674517518
0,5500,90,B,3.727042916,8.831478069
0,5500,91,B,11.15667821,4.98301489
0,5500,92,B,9.729164319,5.824777453
0,5500,93,B,5.537341391,9.064080075
0,5500,94,B,11.28169785,4.138119041
0,5500,95,B,4.310392943,2.699978747
0,5500,96,B,4.488942972,4.531769786
0,5500,97,B,9.636593146,9.290349293
0,5500,98,B,4.072017632,7.257002184
0,5500,99,B,9.86577556,2.459942323
0,5500,100,B,10.06129257,4.88917845
0,5750,1,A,3.604380305,5.831374672
0,5750,2,A,1.917129766,6.944242052
0,5750,3,A,8.298010258,6.05936448
0,5750,4,A,8.062883174,7.923138648
0,5750,5,A,9.156675676,8.196425042
0,5750,6,A,6.169090698,4.453696096
0,5750,7,A,9.16913229,1.899910295
0,5750,8,A,10.78602147,2.631019703
0,5750,9,A,8.192372037,9.220276693
0,5750,10,A,7.340974231,4.377512953
0,5750,11,A,7.563971252,9.585019025
0,5750,12,A,8.573550431,8.666131925
0,5750,13,A,6.264681268,8.547728381
0,5750,14,A,3.562813103,4.302205463
0,5750,15,A,1.777826104,4.28414105
0,5750,16,A,9.779923542,7.680309033
0,5750,17,A,7.502338426,5.0643291
0,5750,18,A,7.18286179,7.634304296
0,5750,19,A,3.462988836,6.787420331
0,5750,20,A,11.18677815,3.223802475
0,5750,21,A,6.398795328,5.112581695
0,5750,22,A,3.299662795,10.6337438
0,5750,23,A,7.848958512,5.612202149
0,5750,24,A,6.652012021,9.294363507
0,5750,25,A,1.686305831,5.21668392
0,5750,26,A,3.53152591,5.064642429
0,5750,27,A,2.552919023,4.621202252
0,5750,28,A,6.581473734,5.741942206
0,5750,29,A,8.875030735,6.384695544
0,5750,30,A,7.119643046,3.693182966
0,5750,31,A,6.5780098,3.104944069
0,5750,32,A,9.59443305,6.768522999
0,5750,33,A,9.221258765,4.380646238
0,5750,34,A,9.358603728,3.751125126
0,5750,35,A,6.020584405,3.714424038
0,5750,36,A,7.848958512,7.040287481
0,5750,37,A,1.850055417,6.095263428
0,5750,38,A,6.338901256,7.091201507
0,5750,39,A,2.631959688,5.461893127
0,5750,40,A,6.282237113,7.830080073
0,5750,41,A,2.71718505,3.780622095
0,5750,42,A,2.648019744,7.368101551
0,5750,43,A,2.986441821,9.799232996
0,5750,44,A,3.849689781,9.826864568
0,5750,45,A,6.20171168,6.380935602
0,5750,46,A,4.177402021,10.61388718
0,5750,47,A,7.218034661,6.47163025
0,5750,48,A,2.750466124,6.386938481
0,5750,49,A,8.815498313,7.339720917
0,5750,50,A,7.28262809,8.561195573
0,5750,51,B,8.964660016,2.955050217
0,5750,52,B,4.487368456,8.972217689
0,5750,53,B,8.320998182,2.152047441
0,5750,54,B,9.912093627,10.22323977
0,5750,55,B,0.1456977685,6.470234234
0,5750,56,B,8.200747729,3.735189458
0,5750,57,B,7.432779491,2.44772251
0,5750,58,B,3.54391892,3.212326009
0,5750,59,B,7.987978666,2.99339523
0,5750,60,B,5.153703309,2.960088666
0,5750,61,B,2.888889087,8.679200401
0,5750,62,B,10.15873774,8.676380444
0,5750,63,B,5.173402245,7.553433129
0,5750,64,B,3.445987221,7.844179857
0,5750,65,B,5.860660656,9.868116864
0,5750,66,B,4.286021021,8.046276762
0,5750,67,B,10.00219506,3.283558332
0,5750,68,B,5.320631841,5.883056561
0,5750,69,B,10.45232658,4.046951349
0,5750,70,B,10.50611044,6.395995838
0,5750,71,B,0.1240718015,5.581656554
0,5750,72,B,10.49337261,9.595373035
0,5750,73,B,9.095029878,5.316193283
0,5750,74,B,4.428481586,6.32136382
0,5750,75,B,8.420625238,4.650555034
0,5750,76,B,9.201832396,10.82080093
0,5750,77,B,0.9894253815,5.962059438
0,5750,78,B,10.77535255,5.518046138
0,5750,79,B,5.22256001,8.316679287
0,5750,80,B,0.8049410047,4.999156765
0,5750,81,B,9.062401198,9.862642275
0,5750,82,B,5.361815058,4.923778649
0,5750,83,B,0.9512654302,6.895734383
0,5750,84,B,4.559556832,5.407423845
0,5750,85,B,8.395951406,10.31383536
0,5750,86,B,5.325331769,6.771029627
0,5750,87,B,5.169763365,3.81756967
0,5750,88,B,4.867348336,9.826356957
0,5750,89,B,4.279127793,3.682550264
0,5750,90,B,3.675657036,8.86970415
0,5750,91,B,11.06408261,4.804994399
0,5750,92,B,9.852615762,5.830417367
0,5750,93,B,5.45939897,9.137345956
0,5750,94,B,11.41669413,4.055188305
0,5750,95,B,4.343360143,2.70214528
0,5750,96,B,4.532819463,4.512554434
0,5750,97,B,9.563726853,9.182092698
0,5750,98,B,4.235391183,7.122066705
0,5750,99,B,9.846621988,2.462045209
0,5750,100,B,10.0374796,4.902651577
0,6000,1,A,3.630557992,5.898370688
0,6000,2,A,1.831476136,6.913696456
0,6000,3,A,8.374645066,6.012461245
0,6000,4,A,8.029083052,7.893674742
0,6000,5,A,9.055662297,8.209519368
0,6000,6,A,6.322377463,4.422452994
0,6000,7,A,9.178019428,1.886237777
0,6000,8,A,10.80841737,2.564885339
0,6000,9,A,8.138708679,9.315883983
0,6000,10,A,7.400221667,4.365815879
0,6000,11,A,7.421320171,9.525187444
0,6000,12,A,8.567252364,8.74013414
0,6000,13,A,6.24871096,8.485876695
0,6000,14,A,3.410581096,4.23494847
0,6000,15,A,1.862424808,4.221162014
0,6000,16,A,9.719482624,7.681430085
0,6000,17,A,7.598925487,5.00192004
0,6000,18,A,7.176163422,7.511111625
0,6000,19,A,3.474673149,6.806244013
0,6000,20,A,11.29549366,3.106652418
0,6000,21,A,6.333309664,5.122608208
0,6000,22,A,3.220769152,10.70218592
0,6000,23,A,7.842299886,5.584141139
0,6000,24,A,6.652376228,9.218505272
0,6000,25,A,1.654815526,5.205977215
0,6000,26,A,3.544863629,5.0494704
0,6000,27,A,2.502575269,4.733599141
0,6000,28,A,6.800482509,5.733912178
0,6000,29,A,8.920246217,6.374219204
0,6000,30,A,7.228599503,3.65130086
0,6000,31,A,6.565486108,3.021113728
0,6000,32,A,9.588166479,6.816148936
0,6000,33,A,9.309478852,4.316691004
0,6000,34,A,9.47826689,3.719005016
0,6000,35,A,6.141869079,3.712392051
0,6000,36,A,7.872379425,6.903880925
0,6000,37,A,1.814471372,6.015592956
0,6000,38,A,6.208604908,7.010412627
0,6000,39,A,2.699034038,5.553945085
0,6000,40,A,6.401301956,7.810340375
0,6000,41,A,2.669433151,3.77001931
0,6000,42,A,2.662201348,7.336564251
0,6000,43,A,3.060175352,9.806866631
0,6000,44,A,3.861341194,9.82560495
0,6000,45,A,6.159412328,6.208918236
0,6000,46,A,4.108189151,10.61731665
0,6000,47,A,7.171287146,6.516918613
0,6000,48,A,2.667813202,6.416220136
0,6000,49,A,8.778838875,7.313087991
0,6000,50,A,7.393293798,8.508365494
0,6000,51,B,8.939358035,2.870595764
0,6000,52,B,4.477778084,9.058327927
0,6000,53,B,8.270923827,2.258497395
0,6000,54,B,9.899292264,10.2841038
0,6000,55,B,0.1378645551,6.512220257
0,6000,56,B,8.369808157,3.747661193
0,6000,57,B,7.331887703,2.396097304
0,6000,58,B,3.642130883,3.224777275
0,6000,59,B,7.895252408,3.068739665
0,6000,60,B,5.197139254,3.175695468
0,6000,61,B,2.89883454,8.670314968
0,6000,62,B,10.07343365,8.614172924
0,6000,63,B,5.242191066,7.518940113
0,6000,64,B,3.452225732,7.792683297
0,6000,65,B,5.826970753,9.74827736
0,6000,66,B,4.318607189,8.095469341
0,6000,67,B,10.05909927,3.22383729
0,6000,68,B,5.351338038,5.852350364
0,6000,69,B,10.59927766,3.948252861
0,6000,70,B,10.37322136,6.376156947
0,6000,71,B,0.02837104142,5.542017937
0,6000,72,B,10.53316534,9.500121161
0,6000,73,B,9.213729524,5.228377632
0,6000,74,B,4.466811585,6.22301802
0,6000,75,B,8.533815961,4.69679473
0,6000,76,B,9.087787108,10.67111964
0,6000,77,B,0.8813931671,5.9087495
0,6000,78,B,10.82526704,5.676702441
0,6000,79,B,5.279585803,8.279393191
0,6000,80,B,0.6933757816,4.957449776
0,6000,81,B,9.058327927,9.748904017
0,6000,82,B,5.349344271,4.921908031
0,6000,83,B,0.9266928774,6.828030103
0,6000,84,B,4.499019869,5.335717272
0,6000,85,B,8.303832817,10.35582139
0,6000,86,B,5.172114116,6.769149656
0,6000,87,B,5.267052662,3.9849123
0,6000,88,B,4.898316936,9.865912541
0,6000,89,B,4.267503461,3.693847238
0,6000,90,B,3.655187798,8.777563734
0,6000,91,B,11.11552461,4.944043679
0,6000,92,B,9.853480925,5.702267555
0,6000,93,B,5.431863471,9.039841544
0,6000,94,B,11.43743149,4.136249982
0,6000,95,B,4.425647459,2.687382625
0,6000,96,B,4.465955049,4.471938207
0,6000,97,B,9.629212517,9.246951705
0,6000,98,B,4.271030061,7.180419338
0,6000,99,B,9.843869328,2.478287
0,6000,100,B,10.17892617,4.779598486
0,6250,1,A,3.486606565,5.932458551
0,6250,2,A,1.812292243,6.892914427
0,6250,3,A,8.212056038,6.073826164
0,6250,4,A,8.053796646,7.935985117
0,6250,5,A,9.084323173,8.310606384
0,6250,6,A,6.318529688,4.438873387
0,6250,7,A,9.163048935,1.833050651
0,6250,8,A,10.88691325,2.463702265
0,6250,9,A,8.160712533,9.209969488
0,6250,10,A,7.479152114,4.397565979
0,6250,11,A,7.543305342,9.602095355
0,6250,12,A,8.6463087,8.826511579
0,6250,13,A,6.28725037,8.686093629
0,6250,14,A,3.373036232,4.295874502
0,6250,15,A,1.775528361,4.173282883
0,6250,16,A,9.624641975,7.693852308
0,6250,17,A,7.385736126,5.050415109
0,6250,18,A,7.160183666,7.518004853
0,6250,19,A,3.462280304,6.841528547
0,6250,20,A,11.26093306,3.048891326
0,6250,21,A,6.204221473,5.166439388
0,6250,22,A,3.221587021,10.70159367
0,6250,23,A,8.045650104,5.496095821
0,6250,24,A,6.726223646,9.35285675
0,6250,25,A,1.507458393,5.055350181
0,6250,26,A,3.474325346,5.133864418
0,6250,27,A,2.493155148,4.821812815
0,6250,28,A,6.912340796,5.774958216
0,6250,29,A,8.848775696,6.426856336
0,6250,30,A,7.039865509,3.763389026
0,6250,31,A,6.623040938,3.039444234
0,6250,32,A,9.62858586,6.84090189
0,6250,33,A,9.383795975,4.287090117
0,6250,34,A,9.299844093,3.692529303
0,6250,35,A,6.047240713,3.638370941
0,6250,36,A,7.906845564,6.994119543
0,6250,37,A,1.662521203,5.990841576
0,6250,38,A,6.22878232,7.074611914
0,6250,39,A,2.469154812,5.59771661
0,6250,40,A,6.425766899,7.924046981
0,6250,41,A,2.608855665,3.930215898
0,6250,42,A,2.551434255,7.337214288
0,6250,43,A,3.028946941,9.893975128
0,6250,44,A,3.827961471,9.626271321
0,6250,45,A,6.158159014,6.179465354
0,6250,46,A,4.049771306,10.51217233
0,6250,47,A,7.129790799,6.575199293
0,6250,48,A,2.636032959,6.455821121
0,6250,49,A,8.762177354,7.335666539
0,6250,50,A,7.334092026,8.532298129
0,6250,51,B,8.991111869,2.909389275
0,6250,52,B,4.502844367,8.967149324
0,6250,53,B,8.389684835,2.273198517
0,6250,54,B,9.898032652,10.22553183
0,6250,55,B,-0.005611854346,6.530327839
0,6250,56,B,8.256443054,3.763406345
0,6250,57,B,7.430586192,2.480622006
0,6250,58,B,3.646517483,3.311882608
0,6250,59,B,7.907785549,3.096312576
0,6250,60,B,5.218800068,3.251723529
0,6250,61,B,3.02036298,8.701226463
0,6250,62,B,10.17722412,8.618101337
0,6250,63,B,5.35713068,7.56365635
0,6250,64,B,3.351198253,7.796684603
0,6250,65,B,5.783418087,9.853555748
0,6250,66,B,4.388488899,7.943429427
0,6250,67,B,10.06984909,3.167268239
0,6250,68,B,5.338120562,5.790498376
0,6250,69,B,10.48910568,3.950143854
0,6250,70,B,10.36503388,6.380565592
0,6250,71,B,-0.08271873306,5.622053891
0,6250,72,B,10.55271609,9.52896628
0,6250,73,B,9.194486239,5.26950345
0,6250,74,B,4.435547321,6.392525637
0,6250,75,B,8.520637175,4.675241525
0,6250,76,B,8.971849252,10.75625525
0,6250,77,B,0.7801880505,5.913449428
0,6250,78,B,10.70697406,5.582311806
0,6250,79,B,5.331938436,8.312810701
0,6250,80,B,0.6815285333,4.977091266
0,6250,81,B,9.042785591,9.86147272
0,6250,82,B,5.235860105,4.967426406
0,6250,83,B,0.8525669419,6.775416226
0,6250,84,B,4.390046094,5.555628242
0,6250,85,B,8.226212365,10.31464939
0,6250,86,B,5.329091712,6.708990577
0,6250,87,B,5.195873281,4.091627567
0,6250,88,B,4.836910842,9.868431765
0,6250,89,B,4.2543402,3.782300528
0,6250,90,B,3.776862153,8.648807533
0,6250,91,B,11.12612478,4.837418446
0,6250,92,B,9.778967965,5.765556801
0,6250,93,B,5.424343586,9.103760565
0,6250,94,B,11.30646016,3.997132112
0,6250,95,B,4.5262723,2.791897537
0,6250,96,B,4.408327791,4.628759926
0,6250,97,B,9.669727946,9.245553533
0,6250,98,B,4.322053803,7.179610036
0,6250,99,B,9.874862088,2.441769268
0,6250,100,B,10.0957587,4.810846316
0,6500,1,A,3.520246083,5.95794208
0,6500,2,A,1.732393466,6.922367309
0,6500,3,A,8.147795207,6.049120684
0,6500,4,A,8.024359512,8.009559069
0,6500,5,A,9.094439831,8.269974347
0,6500,6,A,6.327677546,4.452071115
0,6500,7,A,9.323334591,1.77195946
0,6500,8,A,10.90698203,2.48238074
0,6500,9,A,8.102455465,9.088416917
0,6500,10,A,7.592577044,4.439865331
0,6500,11,A,7.490266705,9.512404886
0,6500,12,A,8.708653283,8.868450836
0,6500,13,A,6.182499367,8.621188086
0,6500,14,A,3.36264183,4.3417935
0,6500,15,A,1.886237777,4.208002216
0,6500,16,A,9.674018497,7.771174308
0,6500,17,A,7.09634022,5.068679486
0,6500,18,A,7.216896131,7.502651754
0,6500,19,A,3.389871795,6.788784908
0,6500,20,A,11.40515865,2.998867402
0,6500,21,A,6.163686691,5.294161036
0,6500,22,A,3.36702843,10.74309546
0,6500,23,A,8.119417931,5.30974952
0,6500,24,A,6.712788307,9.262558299
0,6500,25,A,1.516510106,5.087515412
0,6500,26,A,3.401267838,5.170393171
0,6500,27,A,2.48187532,4.74160071
0,6500,28,A,7.030210579,5.791696888
0,6500,29,A,8.860930951,6.364015861
0,6500,30,A,7.156920087,3.746292456
0,6500,31,A,6.611858731,3.111979003
0,6500,32,A,9.579350768,6.876852799
0,6500,33,A,9.588486137,4.145431457
0,6500,34,A,9.178164286,3.638074932
0,6500,35,A,6.101994082,3.741585791
0,6500,36,A,7.966691314,7.001012771
0,6500,37,A,1.660483781,6.006775671
0,6500,38,A,6.318583223,7.086864789
0,6500,39,A,2.49472179,5.579441211
0,6500,40,A,6.30328393,7.851253487
0,6500,41,A,2.671439084,3.720463017
0,6500,42,A,2.605640091,7.323741161
0,6500,43,A,3.040388944,9.909684068
0,6500,44,A,3.800472471,9.688554761
0,6500,45,A,6.140612616,6.278163842
0,6500,46,A,4.20678984,10.52626424
0,6500,47,A,7.211909639,6.527625312
0,6500,48,A,2.537181704,6.431496851
0,6500,49,A,8.749072664,7.367607156
0,6500,50,A,7.171949855,8.468911747
0,6500,51,B,9.078694282,2.797397154
0,6500,52,B,4.509726573,8.99740993
0,6500,53,B,8.435058623,2.257237847
0,6500,54,B,9.907164844,10.31622391
0,6500,55,B,0.07864546212,6.522246771
0,6500,56,B,8.27344782,3.739788617
0,6500,57,B,7.478212129,2.456495709
0,6500,58,B,3.589035938,3.349766876
0,6500,59,B,7.945003941,3.090143626
0,6500,60,B,5.220053382,3.274283184
0,6500,61,B,2.929935125,8.830538083
0,6500,62,B,10.20285881,8.62424982
0,6500,63,B,5.286907299,7.522404048
0,6500,64,B,3.346035418,7.820680217
0,6500,65,B,5.766185017,9.825356179
0,6500,66,B,4.256568139,7.994264225
0,6500,67,B,10.17325792,3.170129
0,6500,68,B,5.328778383,5.869583434
0,6500,69,B,10.54131188,3.889033768
0,6500,70,B,10.32448853,6.256544173
0,6500,71,B,-0.1770306219,5.647746831
0,6500,72,B,10.56481152,9.598506321
0,6500,73,B,9.167052929,5.228513252
0,6500,74,B,4.432345447,6.353989348
0,6500,75,B,8.602836409,4.590656657
0,6500,76,B,9.112034644,10.71489116
0,6500,77,B,0.7396452369,5.79436243
0,6500,78,B,10.77122223,5.498441037
0,6500,79,B,5.177559174,8.278108701
0,6500,80,B,0.597517515,4.967510583
0,6500,81,B,9.060158261,9.777401404
0,6500,82,B,5.260472763,4.996336808
0,6500,83,B,0.8416004432,6.779176169
0,6500,84,B,4.445835721,5.482469927
0,6500,85,B,8.285099236,10.23844285
0,6500,86,B,5.294935736,6.772010759
0,6500,87,B,5.185508517,4.116412664
0,6500,88,B,4.823692786,9.90650827
0,6500,89,B,4.262515146,3.822919888
0,6500,90,B,3.725162945,8.717739811
0,6500,91,B,11.05254713,4.751681783
0,6500,92,B,9.708775919,5.795790628
0,6500,93,B,5.421055999,9.133133147
0,6500,94,B,11.35502608,3.943866262
0,6500,95,B,4.443311945,2.845963077
0,6500,96,B,4.358399913,4.63694898
0,6500,97,B,9.745920384,9.297283804
0,6500,98,B,4.237020532,7.169712633
0,6500,99,B,9.898988385,2.38787676
0,6500,100,B,10.0677654,4.838485357
0,6750,1,A,3.466666904,5.985514991
0,6750,2,A,1.6969624,6.905698544
0,6750,3,A,8.196611479,5.918602817
0,6750,4,A,8.08229372,8.00411983
0,6750,5,A,9.188556083,8.245106546
0,6750,6,A,6.156279042,4.577103229
0,6750,7,A,9.284916414,1.771014751
0,6750,8,A,10.90225848,2.445537083
0,6750,9,A,8.10528959,8.993946001
0,6750,10,A,7.720792973,4.516969343
0,6750,11,A,7.57811962,9.419162131
0,6750,12,A,8.851531095,8.867197521
0,6750,13,A,6.281847402,8.761663483
0,6750,14,A,3.343842118,4.229935213
0,6750,15,A,1.778693296,4.263167028
0,6750,16,A,9.591613093,7.626416526
0,6750,17,A,6.984719687,4.980357053
0,6750,18,A,7.224950699,7.579121062
0,6750,19,A,3.336008905,6.873488058
0,6750,20,A,11.27825272,2.975833819
0,6750,21,A,6.088600079,5.506122334
0,6750,22,A,3.326346359,10.66709588
0,6750,23,A,7.901490917,5.351526658
0,6750,24,A,6.71499263,9.478896693
0,6750,25,A,1.601422139,5.23321318
0,6750,26,A,3.511150203,5.094316668
0,6750,27,A,2.525207554,4.693629954
0,6750,28,A,6.937407079,5.846710451
0,6750,29,A,8.825524826,6.304170111
0,6750,30,A,7.163943609,3.94856619
0,6750,31,A,6.807179324,3.192833354
0,6750,32,A,9.576083447,6.817838046
0,6750,33,A,9.618869511,4.220123916
0,6750,34,A,9.158010487,3.736324683
0,6750,35,A,6.210452143,3.69260016
0,6750,36,A,8.004917395,6.923307295
0,6750,37,A,1.638125664,6.044564036
0,6750,38,A,6.306050082,7.145143897
0,6750,39,A,2.579370879,5.505135113
0,6750,40,A,6.292576955,7.912172149
0,6750,41,A,2.618666963,3.752979556
0,6750,42,A,2.469154812,7.275834958
0,6750,43,A,3.074417558,9.800536762
0,6750,44,A,3.882156129,9.715678722
0,6750,45,A,6.160665642,6.421041654
0,6750,46,A,4.170089463,10.57609135
0,6750,47,A,7.229429273,6.629091801
0,6750,48,A,2.564570436,6.356318055
0,6750,49,A,8.712726554,7.347240801
0,6750,50,A,7.188383235,8.476163511
0,6750,51,B,9.059581242,2.840636492
0,6750,52,B,4.556556473,8.870995446
0,6750,53,B,8.446083971,2.333670924
0,6750,54,B,10.03559963,10.09920532
0,6750,55,B,0.07722440642,6.436211186
0,6750,56,B,8.256596591,3.636169847
0,6750,57,B,7.387660182,2.373150319
0,6750,58,B,3.55431072,3.235628834
0,6750,59,B,7.857026327,3.011087215
0,6750,60,B,5.300265487,3.310629294
0,6750,61,B,2.94372158,8.708026626
0,6750,62,B,10.32918846,8.385298236
0,6750,63,B,5.165400156,7.560103111
0,6750,64,B,3.306167118,7.791646155
0,6750,65,B,5.681272984,9.930947896
0,6750,66,B,4.231982083,7.998222554
0,6750,67,B,10.05831361,3.199068747
0,6750,68,B,5.227130554,5.864387792
0,6750,69,B,10.46078645,3.977705743
0,6750,70,B,10.34519498,6.278851906
0,6750,71,B,-0.1379275357,5.525918714
0,6750,72,B,10.69027076,9.511469576
0,6750,73,B,9.144154754,5.239042036
0,6750,74,B,4.341568345,6.371748308
0,6750,75,B,8.586467813,4.57364712
0,6750,76,B,9.203671428,10.64246346
0,6750,77,B,0.7278621852,5.762738403
0,6750,78,B,10.90069971,5.512388904
0,6750,79,B,5.348739626,8.291812394
0,6750,80,B,0.7272355282,4.887611807
0,6750,81,B,9.202726724,9.719482624
0,6750,82,B,5.253319207,4.960255703
0,6750,83,B,0.7941854908,6.800016452
0,6750,84,B,4.403919148,5.489075057
0,6750,85,B,8.432122923,10.10133783
0,6750,86,B,5.278500012,6.739665754
0,6750,87,B,5.291492288,4.072330961
0,6750,88,B,4.820872829,9.822222894
0,6750,89,B,4.253748182,3.80318175
0,6750,90,B,3.724712438,8.75511632
0,6750,91,B,11.09621671,4.740660724
0,6750,92,B,9.771777,5.788118015
0,6750,93,B,5.45128984,9.113160421
0,6750,94,B,11.29385687,3.965398635
0,6750,95,B,4.533550563,2.955001407
0,6750,96,B,4.347746742,4.605302798
0,6750,97,B,9.889646207,9.101492442
0,6750,98,B,4.242468355,7.175850093
0,6750,99,B,9.961654092,2.394456659
0,6750,100,B,10.0992557,4.944922588
0,7000,1,A,3.449145825,5.953875139
0,7000,2,A,1.791168546,6.854179776
0,7000,3,A,8.217395081,5.978119493
0,7000,4,A,8.228197207,8.032287752
0,7000,5,A,9.197300212,8.335488493
0,7000,6,A,6.077946909,4.742540696
0,7000,7,A,9.155459773,1.744613279
0,7000,8,A,10.81234106,2.400096573
0,7000,9,A,7.913251735,8.838036254
0,7000,10,A,7.712581872,4.501591053
0,7000,11,A,7.528387207,9.522983121
0,7000,12,A,8.650985242,9.073121402
0,7000,13,A,6.242564421,8.674056198
0,7000,14,A,3.429154775,4.318321919
0,7000,15,A,1.74649325,4.268787952
0,7000,16,A,9.650833759,7.67954067
0,7000,17,A,7.021379126,5.08156217
0,7000,18,A,7.337268093,7.576220661
0,7000,19,A,3.333942203,6.840689842
0,7000,20,A,11.21117837,3.039129332
0,7000,21,A,6.198551628,5.563077274
0,7000,22,A,3.219333777,10.54560963
0,7000,23,A,8.11316217,5.318397604
0,7000,24,A,6.620849086,9.475861467
0,7000,25,A,1.631490766,5.135470266
0,7000,26,A,3.44377975,5.175746523
0,7000,27,A,2.587153708,4.655748692
0,7000,28,A,7.1353882,5.896874506
0,7000,29,A,8.819174804,6.396940548
0,7000,30,A,7.074611914,4.108854991
0,7000,31,A,6.917354052,3.332248963
0,7000,32,A,9.613859419,6.831188705
0,7000,33,A,9.693245477,4.231517681
0,7000,34,A,9.134707661,3.856302745
0,7000,35,A,6.195175429,3.854408627
0,7000,36,A,7.981417755,6.977826459
0,7000,37,A,1.61608245,6.014018441
0,7000,38,A,6.256544173,7.21501616
0,7000,39,A,2.472333609,5.520817598
0,7000,40,A,6.327043094,7.935045132
0,7000,41,A,2.616768002,3.764689814
0,7000,42,A,2.490961848,7.407086552
0,7000,43,A,3.058338417,9.67854523
0,7000,44,A,3.912533408,9.830996093
0,7000,45,A,6.19951838,6.400048642
0,7000,46,A,4.121836869,10.63249048
0,7000,47,A,7.161525151,6.711528695
0,7000,48,A,2.589132873,6.422762598
0,7000,49,A,8.790203727,7.31708726
0,7000,50,A,7.165196923,8.499663151
0,7000,51,B,8.983643502,2.971788646
0,7000,52,B,4.483104669,8.996288878
0,7000,53,B,8.442865661,2.238330876
0,7000,54,B,10.12192872,10.19057759
0,7000,55,B,-0.04177713791,6.46026469
0,7000,56,B,8.250144994,3.662322467
0,7000,57,B,7.369173799,2.397589945
0,7000,58,B,3.399614597,3.209110849
0,7000,59,B,7.874259396,2.984140961
0,7000,60,B,5.227886595,3.399927926
0,7000,61,B,2.928913264,8.702030871
0,7000,62,B,10.3526881,8.43355083
0,7000,63,B,5.182359487,7.579716405
0,7000,64,B,3.344782104,7.841986557
0,7000,65,B,5.747610461,10.00667421
0,7000,66,B,4.302940762,7.977344484
0,7000,67,B,10.01534495,3.119014935
0,7000,68,B,5.269902535,5.927420102
0,7000,69,B,10.47682446,3.906057427
0,7000,70,B,10.37637039,6.309082601
0,7000,71,B,0.01065317017,5.586334439
0,7000,72,B,10.62729328,9.375849763
0,7000,73,B,9.225576777,5.275766625
0,7000,74,B,4.425017653,6.396625647
0,7000,75,B,8.617321951,4.582469177
0,7000,76,B,9.186410905,10.53038355
0,7000,77,B,0.7682815662,5.816004254
0,7000,78,B,10.91894834,5.606218992
0,7000,79,B,5.221518699,8.332356623
0,7000,80,B,0.7168956865,4.823066129
0,7000,81,B,9.248518348,9.642372315
0,7000,82,B,5.200313684,5.038949489
0,7000,83,B,0.8036876906,6.775729555
0,7000,84,B,4.356357821,5.541082627
0,7000,85,B,8.430252308,10.11973224
0,7000,86,B,5.309352014,6.847168461
0,7000,87,B,5.240698074,4.140071954
0,7000,88,B,4.862103086,9.778999304
0,7000,89,B,4.183875919,3.801615107
0,7000,90,B,3.726394104,8.7228765
0,7000,91,B,11.14202503,4.804682629
0,7000,92,B,9.79308334,5.774958216
0,7000,93,B,5.508538304,9.203588308
0,7000,94,B,11.25301504,3.909903631
0,7000,95,B,4.338734217,2.984021298
0,7000,96,B,4.402344633,4.622776768
0,7000,97,B,9.822455923,9.123371152
0,7000,98,B,4.134066035,7.138590499
0,7000,99,B,9.771756533,2.373424285
0,7000,100,B,10.20699033,4.894818363
0,7250,1,A,3.403061211,5.947915567
0,7250,2,A,1.754953121,7.084044833
0,7250,3,A,8.300699531,5.992721548
0,7250,4,A,8.085442828,7.942565017
0,7250,5,A,8.988142336,8.331092399
0,7250,6,A,6.121597782,4.696498548
0,7250,7,A,9.158010487,1.668671259
0,7250,8,A,10.87359133,2.310836912
0,7250,9,A,7.913198732,8.817915192
0,7250,10,A,7.678575593,4.593302782
0,7250,11,A,7.677021446,9.656502016
0,7250,12,A,8.667293917,9.126006891
0,7250,13,A,6.249735123,8.70211547
0,7250,14,A,3.329348347,4.378533598
0,7250,15,A,1.654815526,4.276698317
0,7250,16,A,9.623259275,7.807833747
0,7250,17,A,6.950253548,5.108821752
0,7250,18,A,7.129405041,7.529646819
0,7250,19,A,3.303647893,6.84504759
0,7250,20,A,11.15955972,2.975988089
0,7250,21,A,6.179027639,5.590158936
0,7250,22,A,3.268378751,10.63427599
0,7250,23,A,8.011133582,5.317137992
0,7250,24,A,6.734683517,9.469728293
0,7250,25,A,1.465750884,5.231959866
0,7250,26,A,3.367573212,5.167559044
0,7250,27,A,2.354350607,4.734394154
0,7250,28,A,7.222536045,5.933189126
0,7250,29,A,8.927669929,6.186045253
0,7250,30,A,7.190969386,4.074861446
0,7250,31,A,6.878501314,3.400241255
0,7250,32,A,9.470981607,6.896987698
0,7250,33,A,9.770496921,4.155775545
0,7250,34,A,9.249771662,3.752735856
0,7250,35,A,6.133406059,3.859580886
0,7250,36,A,7.947944604,7.049424367
0,7250,37,A,1.667096745,6.166431517
0,7250,38,A,6.162127842,7.155114293
0,7250,39,A,2.405614896,5.566335972
0,7250,40,A,6.376077424,7.972786976
0,7250,41,A,2.601253492,3.863654157
0,7250,42,A,2.578111267,7.438010029
0,7250,43,A,3.125179332,9.764626561
0,7250,44,A,3.916293351,9.837889321
0,7250,45,A,6.171945469,6.363075875
0,7250,46,A,4.180562232,10.63956095
0,7250,47,A,7.196794295,6.66271872
0,7250,48,A,2.516654788,6.459581064
0,7250,49,A,8.757453808,7.290005598
0,7250,50,A,7.201517841,8.534502451
0,7250,51,B,8.878691484,2.990949165
0,7250,52,B,4.534918817,9.072356855
0,7250,53,B,8.548043282,2.235181846
0,7250,54,B,10.19414386,9.982960432
0,7250,55,B,-0.04887925136,6.487153975
0,7250,56,B,8.306966102,3.780935424
0,7250,57,B,7.487298656,2.44772251
0,7250,58,B,3.521068183,3.33245061
0,7250,59,B,7.879437075,3.064725337
0,7250,60,B,5.266426005,3.385201485
0,7250,61,B,3.02487367,8.737479508
0,7250,62,B,10.30788212,8.401591319
0,7250,63,B,5.182989293,7.610576903
0,7250,64,B,3.441890332,7.800778347
0,7250,65,B,5.94509561,9.922488025
0,7250,66,B,4.390080909,8.072798913
0,7250,67,B,10.08319565,3.112816645
0,7250,68,B,5.205326941,5.965775294
0,7250,69,B,10.60272427,3.90783348
0,7250,70,B,10.22109012,6.369342446
0,7250,71,B,-0.1181607109,5.566335972
0,7250,72,B,10.74354735,9.272635195
0,7250,73,B,9.287750546,5.176061426
0,7250,74,B,4.341568345,6.367024761
0,7250,75,B,8.714606525,4.604362812
0,7250,76,B,9.38465494,10.6122203
0,7250,77,B,0.7473119368,5.876858579
0,7250,78,B,10.86635953,5.621019435
0,7250,79,B,5.295724585,8.380199954
0,7250,80,B,0.6098829148,4.946792921
0,7250,81,B,9.309304083,9.749530674
0,7250,82,B,5.236973123,5.114461666
0,7250,83,B,0.7873946068,6.775729555
0,7250,84,B,4.322989064,5.516786526
0,7250,85,B,8.530408707,10.16129161
0,7250,86,B,5.231799266,6.849456229
0,7250,87,B,5.179118022,4.167113622
0,7250,88,B,4.900836161,9.943693599
0,7250,89,B,4.147963405,3.904263434
0,7250,90,B,3.76683564,8.698940099
0,7250,91,B,11.30289819,4.851136312
0,7250,92,B,9.862133705,5.719584089
0,7250,93,B,5.481202481,9.235476637
0,7250,94,B,11.33367566,3.956756818
0,7250,95,B,4.399008531,3.016950492
0,7250,96,B,4.391008123,4.652377654
0,7250,97,B,9.752663959,9.056134628
0,7250,98,B,4.187580753,7.14168626
0,7250,99,B,9.743415259,2.404284783
0,7250,100,B,10.30349552,4.842492498
0,7500,1,A,3.466567137,5.969454176
0,7500,2,A,1.700747284,7.000072785
0,7500,3,A,8.296750646,6.111323483
0,7500,4,A,8.03155032,7.86924614
0,7500,5,A,9.102507251,8.33735897
0,7500,6,A,6.081738501,4.800572938
0,7500,7,A,8.997276339,1.697354475
0,7500,8,A,10.84085239,2.32650373
0,7500,9,A,8.205447657,8.632827778
0,7500,10,A,7.77305428,4.620655896
0,7500,11,A,7.787154064,9.515787588
0,7500,12,A,8.721133422,9.239918181
0,7500,13,A,6.43044151,8.962762724
0,7500,14,A,3.40337454,4.28414105
0,7500,15,A,1.592207786,4.376622851
0,7500,16,A,9.719482624,7.694341113
0,7500,17,A,7.063590307,5.124417326
0,7500,18,A,7.117570986,7.641769624
0,7500,19,A,3.35819939,6.842040419
0,7500,20,A,11.20180843,2.930248453
0,7500,21,A,6.215674681,5.56484201
0,7500,22,A,3.206972657,10.60341549
0,7500,23,A,8.105809183,5.434056771
0,7500,24,A,6.980959745,9.642058987
0,7500,25,A,1.577034473,5.272421759
0,7500,26,A,3.435277368,5.084424638
0,7500,27,A,2.472503384,4.713888197
0,7500,28,A,7.234442529,5.962642008
0,7500,29,A,8.965919629,6.344981547
0,7500,30,A,7.121957585,4.141263238
0,7500,31,A,6.893542657,3.436222077
0,7500,32,A,9.621232873,6.863941771
0,7500,33,A,9.790092475,4.147963405
0,7500,34,A,9.297397599,3.761509055
0,7500,35,A,6.153520492,3.985412995
0,7500,36,A,7.996018232,7.032729809
0,7500,37,A,1.705133884,6.12901946
0,7500,38,A,6.244951018,7.190263206
0,7500,39,A,2.584960408,5.540901801
0,7500,40,A,6.317447796,8.114898813
0,7500,41,A,2.508517693,3.886848341
0,7500,42,A,2.50537496,7.341914216
0,7500,43,A,3.119185559,9.741384132
0,7500,44,A,4.007456209,9.898347559
0,7500,45,A,6.216438121,6.332996336
0,7500,46,A,4.137202627,10.65443614
0,7500,47,A,7.144203911,6.751289929
0,7500,48,A,2.555684762,6.417538071
0,7500,49,A,8.836491325,7.37105377
0,7500,50,A,7.256062198,8.616221365
0,7500,51,B,9.036457909,2.967016533
0,7500,52,B,4.645095521,9.03420163
0,7500,53,B,8.326121229,2.31239576
0,7500,54,B,10.21294358,10.13022484
0,7500,55,B,-0.01848638353,6.504700373
0,7500,56,B,8.348079844,3.80308413
0,7500,57,B,7.474138858,2.489708534
0,7500,58,B,3.58291179,3.360135202
0,7500,59,B,7.957604786,3.181537938
0,7500,60,B,5.329419211,3.335138198
0,7500,61,B,3.169814097,8.710218353
0,7500,62,B,10.32892969,8.455817422
0,7500,63,B,5.266123698,7.631675407
0,7500,64,B,3.40347216,7.822506653
0,7500,65,B,5.929472402,9.915690494
0,7500,66,B,4.362159855,8.071029716
0,7500,67,B,10.13875019,3.072490255
0,7500,68,B,5.27147705,6.121715284
0,7500,69,B,10.62215064,3.926633192
0,7500,70,B,10.31334121,6.425573224
0,7500,71,B,-0.09901181685,5.507062319
0,7500,72,B,10.70741809,9.318484139
0,7500,73,B,9.228070935,5.169453162
0,7500,74,B,4.341253441,6.390642488
0,7500,75,B,8.642829099,4.607976325
0,7500,76,B,9.380549929,10.65791757
0,7500,77,B,0.7244155714,5.860810235
0,7500,78,B,10.79886794,5.744565348
0,7500,79,B,5.388310805,8.370885123
0,7500,80,B,0.670836392,4.972210511
0,7500,81,B,9.301960346,9.776785582
0,7500,82,B,5.239411501,5.181399189
0,7500,83,B,0.8209522501,6.746482937
0,7500,84,B,4.381246128,5.525603811
0,7500,85,B,8.507660943,10.2395132
0,7500,86,B,5.209441149,6.918105095
0,7500,87,B,5.289298988,4.170402792
0,7500,88,B,4.963816771,9.961013266
0,7500,89,B,4.368113097,3.865847457
0,7500,90,B,3.889071747,8.845992461
0,7500,91,B,11.17748375,4.86462231
0,7500,92,B,9.80546839,5.665790502
0,7500,93,B,5.54197877,9.220046391
0,7500,94,B,11.339328,3.961548752
0,7500,95,B,4.40602585,2.986647589
0,7500,96,B,4.405085864,4.67956166
0,7500,97,B,9.828071691,9.129887101
0,7500,98,B,4.202988959,7.210002903
0,7500,99,B,9.619812661,2.357170564
0,7500,100,B,10.26772883,4.901465967
0,7750,1,A,3.420476924,6.028189078
0,7750,2,A,1.824512055,6.985659673
0,7750,3,A,8.213594199,6.059773854
0,7750,4,A,8.153504748,7.78320739
0,7750,5,A,9.223706156,8.318015219
0,7750,6,A,6.147474667,4.687768997
0,7750,7,A,8.864064236,1.830465298
0,7750,8,A,10.77004171,2.453989081
0,7750,9,A,8.121349645,8.498603505
0,7750,10,A,7.748504437,4.678514608
0,7750,11,A,8.020583822,9.549000412
0,7750,12,A,8.74706201,9.035828106
0,7750,13,A,6.449529359,8.90923708
0,7750,14,A,3.378279916,4.338419314
0,7750,15,A,1.75622226,4.516678297
0,7750,16,A,9.8202516,7.720478065
0,7750,17,A,6.976573145,5.157074347
0,7750,18,A,7.206869618,7.720728414
0,7750,19,A,3.447558587,6.953059337
0,7750,20,A,11.25444762,3.041793411
0,7750,21,A,6.109748968,5.587324809
0,7750,22,A,3.264342558,10.57459946
0,7750,23,A,8.090174246,5.381378214
0,7750,24,A,7.098995749,9.574758825
0,7750,25,A,1.50711025,5.301205472
0,7750,26,A,3.60739256,5.153146662
0,7750,27,A,2.626065389,4.849767304
0,7750,28,A,7.047072066,5.955122123
0,7750,29,A,8.964002008,6.274988471
0,7750,30,A,7.21379906,4.171520698
0,7750,31,A,6.863941771,3.453856648
0,7750,32,A,9.616052719,6.811762336
0,7750,33,A,9.751917642,4.245837817
0,7750,34,A,9.366161406,3.705149281
0,7750,35,A,6.160448359,3.8515792
0,7750,36,A,8.04734743,6.951484817
0,7750,37,A,1.692600742,6.095179978
0,7750,38,A,6.337342403,7.219338847
0,7750,39,A,2.569605751,5.63741946
0,7750,40,A,6.350649798,8.040104659
0,7750,41,A,2.521354716,3.940419648
0,7750,42,A,2.663609036,7.439178989
0,7750,43,A,3.061487448,9.761994539
0,7750,44,A,3.96767923,9.815956323
0,7750,45,A,6.208604908,6.480574076
0,7750,46,A,4.077030889,10.70110943
0,7750,47,A,7.2407091,6.703350663
0,7750,48,A,2.576851655,6.529199832
0,7750,49,A,8.917739463,7.338815573
0,7750,50,A,7.281503215,8.696677522
0,7750,51,B,8.994260903,3.033461077
0,7750,52,B,4.654581976,9.186351761
0,7750,53,B,8.343625541,2.42422287
0,7750,54,B,10.3366926,10.27150767
0,7750,55,B,-0.05762725807,6.515344093
0,7750,56,B,8.329525757,3.828248032
0,7750,57,B,7.30507551,2.636636234
0,7750,58,B,3.576958548,3.395854655
0,7750,59,B,7.904608617,3.193768662
0,7750,60,B,5.291178959,3.335382248
0,7750,61,B,3.087077297,8.690277674
0,7750,62,B,10.26673164,8.613053263
0,7750,63,B,5.297928906,7.710401169
0,7750,64,B,3.468233546,7.936925103
0,7750,65,B,5.982381706,9.894601786
0,7750,66,B,4.47047025,8.115842025
0,7750,67,B,10.21106361,3.225717261
0,7750,68,B,5.271125933,6.114606347
0,7750,69,B,10.68074308,4.05760452
0,7750,70,B,10.51834395,6.460897676
0,7750,71,B,-0.09259559669,5.580053838
0,7750,72,B,10.66765571,9.38033204
0,7750,73,B,9.268289222,5.231807099
0,7750,74,B,4.335900089,6.367024761
0,7750,75,B,8.713353211,4.657628663
0,7750,76,B,9.423593041,10.72564717
0,7750,77,B,0.7529379631,5.917161896
0,7750,78,B,10.88335806,5.658527194
0,7750,79,B,5.404917217,8.463630369
0,7750,80,B,0.5614594141,4.978125774
0,7750,81,B,9.302097527,9.875175416
0,7750,82,B,5.314991928,5.113835009
0,7750,83,B,0.8860930951,6.80455578
0,7750,84,B,4.475402141,5.55646431
0,7750,85,B,8.565677851,10.2330895
0,7750,86,B,5.229139909,6.962160033
0,7750,87,B,5.197493727,4.174789391
0,7750,88,B,4.989443581,10.04155287
0,7750,89,B,4.343673471,3.800675121
0,7750,90,B,3.907317039,8.808153197
0,7750,91,B,11.22629371,4.877848238
0,7750,92,B,9.893975128,5.827910739
0,7750,93,B,5.568386094,9.225468127
0,7750,94,B,11.46181098,3.976423944
0,7750,95,B,4.32736324,2.946847071
0,7750,96,B,4.421238816,4.715988071
0,7750,97,B,9.767703729,9.296770942
0,7750,98,B,4.255599812,7.227969694
0,7750,99,B,9.727040297,2.438924119
0,7750,100,B,10.20303185,4.962379441
0,8000,1,A,3.503582702,6.051355128
0,8000,2,A,1.803134862,7.021078393
0,8000,3,A,8.065926709,6.135571018
0,8000,4,A,8.173801475,7.834466672
0,8000,5,A,9.194224341,8.312180898
0,8000,6,A,6.150056558,4.680089123
0,8000,7,A,8.977885946,1.693548601
0,8000,8,A,10.76628177,2.516341459
0,8000,9,A,8.147795207,8.577995284
0,8000,10,A,7.822191751,4.703391948
0,8000,11,A,8.054125798,9.460306285
0,8000,12,A,8.895412681,9.082162722
0,8000,13,A,6.463385091,8.860742007
0,8000,14,A,3.372296758,4.403289342
0,8000,15,A,1.763457078,4.405493664
0,8000,16,A,9.792456683,7.726368328
0,8000,17,A,6.988166301,5.081248841
0,8000,18,A,7.223789359,7.623909897
0,8000,19,A,3.415594353,6.856254988
0,8000,20,A,11.21528156,3.041480083
0,8000,21,A,6.161714207,5.560805918
0,8000,22,A,3.215280771,10.56150988
0,8000,23,A,8.062038139,5.457296887
0,8000,24,A,7.101063767,9.526761957
0,8000,25,A,1.560312802,5.272781194
0,8000,26,A,3.608159142,5.249433836
0,8000,27,A,2.553314226,4.937744372
0,8000,28,A,7.090624732,5.98582832
0,8000,29,A,8.907347659,6.256178886
0,8000,30,A,7.214389503,4.139383267
0,8000,31,A,6.914326258,3.429609113
0,8000,32,A,9.587223341,6.742074292
0,8000,33,A,9.778698709,4.310008061
0,8000,34,A,9.314543808,3.833776264
0,8000,35,A,6.171306152,3.844446168
0,8000,36,A,8.099936241,6.972898228
0,8000,37,A,1.618028551,6.124632861
0,8000,38,A,6.268775009,7.258200389
0,8000,39,A,2.560834111,5.706652596
0,8000,40,A,6.264064058,8.05097669
0,8000,41,A,2.572113938,4.035984851
0,8000,42,A,2.576187209,7.465365659
0,8000,43,A,3.04723691,9.688866529
0,8000,44,A,3.906687233,9.866857252
0,8000,45,A,6.175248802,6.389382876
0,8000,46,A,4.106797099,10.68982961
0,8000,47,A,7.092191375,6.820222207
0,8000,48,A,2.529931101,6.519437837
0,8000,49,A,8.957060784,7.357971909
0,8000,50,A,7.275801896,8.588021797
0,8000,51,B,9.05770127,3.035526841
0,8000,52,B,4.622849195,9.318390611
0,8000,53,B,8.565992752,2.41121265
0,8000,54,B,10.27087787,10.28221437
0,8000,55,B,0.04605929455,6.596192305
0,8000,56,B,8.383663889,3.903538203
0,8000,57,B,7.567358847,2.626579299
0,8000,58,B,3.505185845,3.45511626
0,8000,59,B,7.929718547,3.276163155
0,8000,60,B,5.150869182,3.374186176
0,8000,61,B,3.054013224,8.447023957
0,8000,62,B,10.23571056,8.707727328
0,8000,63,B,5.326585084,7.721041743
0,8000,64,B,3.563128006,7.84864361
0,8000,65,B,6.038780842,9.879875344
0,8000,66,B,4.475453841,8.291514794
0,8000,67,B,10.03695739,3.212725204
0,8000,68,B,5.25289777,6.030393399
0,8000,69,B,10.63427599,4.010605239
0,8000,70,B,10.52311521,6.466849026
0,8000,71,B,-0.1571366217,5.686519269
0,8000,72,B,10.83990132,9.536897703
0,8000,73,B,9.34220358,5.281152446
0,8000,74,B,4.469104079,6.563524264
0,8000,75,B,8.76358195,4.777794809
0,8000,76,B,9.499995196,10.74827089
0,8000,77,B,0.7000294791,5.823816999
0,8000,78,B,10.90477298,5.70351931
0,8000,79,B,5.36752248,8.538596189
0,8000,80,B,0.5712707116,4.96135162
0,8000,81,B,9.289954868,9.912518193
0,8000,82,B,5.256399492,5.085008784
0,8000,83,B,0.861178729,6.760616993
0,8000,84,B,4.446445231,5.634273704
0,8000,85,B,8.509940013,10.2749716
0,8000,86,B,5.245836735,6.954958151
0,8000,87,B,5.284184406,4.18862573
0,8000,88,B,5.035614666,10.12129892
0,8000,89,B,4.310078039,3.880235377
0,8000,90,B,3.814420639,8.89412173
0,8000,91,B,11.30250025,4.749682697
0,8000,92,B,9.897383761,5.817149961
0,8000,93,B,5.537255224,9.307904338
0,8000,94,B,11.44578114,3.887478147
0,8000,95,B,4.270667923,2.98852756
0,8000,96,B,4.373688456,4.687331893
0,8000,97,B,9.863582261,9.369776491
0,8000,98,B,4.203255754,7.37718074
0,8000,99,B,9.760338954,2.352445818
0,8000,100,B,10.381201,4.992890195
0,8250,1,A,3.543404475,6.103081441
0,8250,2,A,1.74868655,7.143890583
0,8250,3,A,7.987057669,6.279730485
0,8250,4,A,8.200705217,7.742206377
0,8250,5,A,9.170081769,8.183954253
0,8250,6,A,6.220511392,4.833719299
0,8250,7,A,9.094479999,1.610222376
0,8250,8,A,10.83486923,2.380037249
0,8250,9,A,8.226614742,8.575074047
0,8250,10,A,7.922067716,4.763217261
0,8250,11,A,7.99751598,9.464080584
0,8250,12,A,8.924536643,8.986262365
0,8250,13,A,6.549506353,8.912003502
0,8250,14,A,3.399614597,4.518510794
0,8250,15,A,1.691663859,4.395596043
0,8250,16,A,9.804989825,7.698795417
0,8250,17,A,7.194397269,5.193147658
0,8250,18,A,7.131419794,7.68449922
0,8250,19,A,3.318476537,6.936251974
0,8250,20,A,11.18520202,2.934008395
0,8250,21,A,6.120974244,5.577247911
0,8250,22,A,3.125765458,10.58235792
0,8250,23,A,8.233770037,5.519620653
0,8250,24,A,7.148903839,9.569993424
0,8250,25,A,1.539032533,5.273226165
0,8250,26,A,3.589894765,5.287852009
0,8250,27,A,2.487515234,4.943384286
0,8250,28,A,7.008845984,5.994914847
0,8250,29,A,8.924536643,6.155339057
0,8250,30,A,7.273336414,4.25335573
0,8250,31,A,6.872962725,3.576621837
0,8250,32,A,9.671198541,6.768522999
0,8250,33,A,9.843896368,4.343556369
0,8250,34,A,9.342887206,3.851092531
0,8250,35,A,6.222078035,3.995878798
0,8250,36,A,7.93681646,7.032414901
0,8250,37,A,1.617971869,6.191308857
0,8250,38,A,6.116297698,7.273275001
0,8250,39,A,2.554254212,5.695686097
0,8250,40,A,6.288817012,8.130562137
0,8250,41,A,2.612006428,4.065164935
0,8250,42,A,2.575560552,7.396433381
0,8250,43,A,3.077512864,9.804676496
0,8250,44,A,3.998894981,9.953719598
0,8250,45,A,6.079523047,6.406777291
0,8250,46,A,3.988358913,10.77348832
0,8250,47,A,6.980646416,6.847481789
0,8250,48,A,2.480176419,6.452363485
0,8250,49,A,8.930489885,7.162376966
0,8250,50,A,7.355505431,8.533872642
0,8250,51,B,9.120680306,3.040853426
0,8250,52,B,4.56425676,9.326223824
0,8250,53,B,8.668132578,2.338896183
0,8250,54,B,10.21043695,10.25336296
0,8250,55,B,0.03916606679,6.636925014
0,8250,56,B,8.327926051,3.84024269
0,8250,57,B,7.700602596,2.634175143
0,8250,58,B,3.555652208,3.630851056
0,8250,59,B,8.037816891,3.218197376
0,8250,60,B,5.238539765,3.271463227
0,8250,61,B,3.033960198,8.304772802
0,8250,62,B,10.29764463,8.688175139
0,8250,63,B,5.252582867,7.818098014
0,8250,64,B,3.617606234,7.836677293
0,8250,65,B,6.000554761,9.920921382
0,8250,66,B,4.422183525,8.350599068
0,8250,67,B,10.06304185,3.24444612
0,8250,68,B,5.238097327,5.963633953
0,8250,69,B,10.71396526,3.894003377
0,8250,70,B,10.52564545,6.352422705
0,8250,71,B,-0.1475777397,5.69725274
0,8250,72,B,10.7432716,9.4618982
0,8250,73,B,9.388944088,5.274519546
0,8250,74,B,4.383466195,6.566739422
0,8250,75,B,8.804848308,4.662581785
0,8250,76,B,9.390723844,10.71678058
0,8250,77,B,0.7345293797,5.989719205
0,8250,78,B,11.00754474,5.60106088
0,8250,79,B,5.366377807,8.61528138
0,8250,80,B,0.6808629051,5.097541925
0,8250,81,B,9.19957769,9.854261132
0,8250,82,B,5.19306619,5.029001702
0,8250,83,B,0.7757254926,6.935637882
0,8250,84,B,4.435972462,5.655105304
0,8250,85,B,8.468057908,10.23434911
0,8250,86,B,5.217546754,6.961846704
0,8250,87,B,5.349032501,4.157760531
0,8250,88,B,5.041597824,10.08130623
0,8250,89,B,4.45367383,3.800564906
0,8250,90,B,3.671897094,8.975609194
0,8250,91,B,11.31919012,4.669067516
0,8250,92,B,9.933147525,5.811453078
0,8250,93,B,5.612166116,9.279512932
0,8250,94,B,11.58276397,3.830165792
0,8250,95,B,4.171520698,2.98528091
0,8250,96,B,4.386289254,4.608411265
0,8250,97,B,9.778967965,9.359014201
0,8250,98,B,4.329233858,7.408894814
0,8250,99,B,9.807340578,2.359883454
0,8250,100,B,10.43336784,4.916581313
0,8500,1,A,3.406936093,6.161707971
0,8500,2,A,1.771787125,7.085589649
0,8500,3,A,8.083246377,6.39725545
0,8500,4,A,8.179115652,7.758138601
0,8500,5,A,9.196743565,8.302418903
0,8500,6,A,6.267200496,4.79754796
0,8500,7,A,9.059309059,1.662540193
0,8500,8,A,10.80148951,2.284306722
0,8500,9,A,8.263455522,8.502271103
0,8500,10,A,7.901547322,4.73456735
0,8500,11,A,7.977971141,9.396096087
0,8500,12,A,8.837439182,9.152027328
0,8500,13,A,6.502193744,8.929863228
0,8500,14,A,3.297782824,4.53417722
0,8500,15,A,1.608315367,4.461798329
0,8500,16,A,9.706291336,7.737334827
0,8500,17,A,7.142001161,5.12693655
0,8500,18,A,6.993806215,7.824440159
0,8500,19,A,3.323162435,6.974693174
0,8500,20,A,11.13044232,2.894016281
0,8500,21,A,6.269703972,5.604820822
0,8500,22,A,3.105085775,10.54475849
0,8500,23,A,8.265226944,5.493693635
0,8500,24,A,7.132297427,9.544613813
0,8500,25,A,1.561871171,5.331038484
0,8500,26,A,3.592311646,5.413377088
0,8500,27,A,2.4678952,4.858009346
0,8500,28,A,7.263553739,5.9478888
0,8500,29,A,8.945216327,6.068233724
0,8500,30,A,7.231309244,4.182309276
0,8500,31,A,6.866775896,3.535101634
0,8500,32,A,9.597518013,6.764466873
0,8500,33,A,9.810943067,4.376259639
0,8500,34,A,9.42116237,3.822921447
0,8500,35,A,6.134346045,3.950446161
0,8500,36,A,7.81960414,7.136611234
0,8500,37,A,1.664401174,6.184478611
0,8500,38,A,6.210234849,7.193263565
0,8500,39,A,2.584570696,5.614036734
0,8500,40,A,6.137166002,8.111762425
0,8500,41,A,2.468402193,3.972692487
0,8500,42,A,2.638572653,7.534685267
0,8500,43,A,3.122685174,9.681695824
0,8500,44,A,3.958383817,9.94011038
0,8500,45,A,6.135003879,6.378496007
0,8500,46,A,4.017251602,10.75065016
0,8500,47,A,7.041118823,6.807689065
0,8500,48,A,2.471848807,6.550759667
0,8500,49,A,8.885997234,7.161123652
0,8500,50,A,7.359422633,8.565579246
0,8500,51,B,9.028270434,3.126987282
0,8500,52,B,4.648855464,9.131020147
0,8500,53,B,8.731316856,2.423493869
0,8500,54,B,10.0992557,10.25891155
0,8500,55,B,-0.01315979844,6.368715789
0,8500,56,B,8.336428434,3.810956706
0,8500,57,B,7.784020778,2.491275176
0,8500,58,B,3.525104258,3.70772099
0,8500,59,B,7.805994922,3.209876763
0,8500,60,B,5.325026235,3.367736147
0,8500,61,B,3.025588501,8.440661339
0,8500,62,B,10.36603028,8.602972713
0,8500,63,B,5.257652806,7.645216238
0,8500,64,B,3.668137151,7.9632447
0,8500,65,B,6.062907139,9.953820879
0,8500,66,B,4.481231028,8.137680078
0,8500,67,B,10.10108529,3.132658686
0,8500,68,B,5.281553948,5.992919937
0,8500,69,B,10.65568939,3.891256984
0,8500,70,B,10.44646686,6.361036902
0,8500,71,B,-0.1541576389,5.497035806
0,8500,72,B,10.7709817,9.495421233
0,8500,73,B,9.398289387,5.229453238
0,8500,74,B,4.346381191,6.374131228
0,8500,75,B,8.739672808,4.605302798
0,8500,76,B,9.272950103,10.74701127
0,8500,77,B,0.7902145636,5.935382426
0,8500,78,B,11.06237723,5.597614266
0,8500,79,B,5.327838398,8.539142546
0,8500,80,B,0.6636298357,5.028922976
0,8500,81,B,9.315462011,9.802931933
0,8500,82,B,5.275143086,5.046304136
0,8500,83,B,0.7567120279,6.869295126
0,8500,84,B,4.535743863,5.46852291
0,8500,85,B,8.503327045,10.25985626
0,8500,86,B,5.204418605,6.874238147
0,8500,87,B,5.249819593,4.245914969
0,8500,88,B,4.935864401,9.972933919
0,8500,89,B,4.478551171,3.772853437
0,8500,90,B,3.775608839,8.972789238
0,8500,91,B,11.35157947,4.732514182
0,8500,92,B,9.957267492,5.765245032
0,8500,93,B,5.677826371,9.313064026
0,8500,94,B,11.48881737,3.769028939
0,8500,95,B,4.144083195,3.050879939
0,8500,96,B,4.234144104,4.597355788
0,8500,97,B,9.887011045,9.208394975
0,8500,98,B,4.2264886,7.216582803
0,8500,99,B,9.781518528,2.358623841
0,8500,100,B,10.50102656,4.891978142
0,8750,1,A,3.505206314,6.13121276
0,8750,2,A,1.82137877,7.047698723
0,8750,3,A,8.055534912,6.362616116
0,8750,4,A,8.44255076,7.831638845
0,8750,5,A,9.171236416,8.388072534
0,8750,6,A,6.238684447,4.744733995
0,8750,7,A,9.240058477,1.6866475
0,8750,8,A,10.80873228,2.380037249
0,8750,9,A,8.010818681,8.537336577
0,8750,10,A,7.959480083,4.713957651
0,8750,11,A,7.901547322,9.508182678
0,8750,12,A,8.717146216,9.090306332
0,8750,13,A,6.331730551,8.923471953
0,8750,14,A,3.250114375,4.570502862
0,8750,15,A,1.579175813,4.47433147
0,8750,16,A,9.607806413,7.762129867
0,8750,17,A,7.084373909,5.1940109
0,8750,18,A,7.254182227,7.682815662
0,8750,19,A,3.403687868,6.924560609
0,8750,20,A,11.23596124,2.91802864
0,8750,21,A,6.182285311,5.617040635
0,8750,22,A,3.051313535,10.5015698
0,8750,23,A,8.124070854,5.514898698
0,8750,24,A,7.034147652,9.522069749
0,8750,25,A,1.574871502,5.31170989
0,8750,26,A,3.387727007,5.373505638
0,8750,27,A,2.425068385,4.884146299
0,8750,28,A,7.117257657,6.023741072
0,8750,29,A,8.939041536,5.982359551
0,8750,30,A,7.224190858,4.314801585
0,8750,31,A,6.943360321,3.53152591
0,8750,32,A,9.694194956,6.895126714
0,8750,33,A,9.908461034,4.410969478
0,8750,34,A,9.449988595,3.827308047
0,8750,35,A,6.200755949,3.949199145
0,8750,36,A,8.019017179,7.194963134
0,8750,37,A,1.5385834,6.133445031
0,8750,38,A,6.133719388,7.245722356
0,8750,39,A,2.465474676,5.807333939
0,8750,40,A,6.35107444,8.01393113
0,8750,41,A,2.485423212,3.982437321
0,8750,42,A,2.692118767,7.560617533
0,8750,43,A,3.104459118,9.650518857
0,8750,44,A,3.922432385,9.925429221
0,8750,45,A,6.147443798,6.415169069
0,8750,46,A,3.860520871,10.77850158
0,8750,47,A,7.092876286,6.844732689
0,8750,48,A,2.519474745,6.640684957
0,8750,49,A,8.91231683,6.915474081
0,8750,50,A,7.110825762,8.575754747
0,8750,51,B,9.094321737,3.132973574
0,8750,52,B,4.570836659,9.238805163
0,8750,53,B,8.663927603,2.399246335
0,8750,54,B,10.14966212,10.17647432
0,8750,55,B,-0.03947939533,6.603398861
0,8750,56,B,8.33422252,3.84824409
0,8750,57,B,7.728980448,2.497181183
0,8750,58,B,3.521688635,3.739157252
0,8750,59,B,7.962286009,3.223075013
0,8750,60,B,5.20971354,3.397107969
0,8750,61,B,2.959941398,8.621055354
0,8750,62,B,10.34519498,8.459870427
0,8750,63,B,5.263604473,7.710401169
0,8750,64,B,3.578243352,7.863758955
0,8750,65,B,6.031496343,10.00718338
0,8750,66,B,4.464541902,8.310532746
0,8750,67,B,10.11752008,3.134230053
0,8750,68,B,5.282498657,5.952297443
0,8750,69,B,10.63836972,3.905427621
0,8750,70,B,10.58141793,6.548566367
0,8750,71,B,-0.1309432681,5.554488724
0,8750,72,B,10.68387003,9.398590057
0,8750,73,B,9.319017268,5.279899132
0,8750,74,B,4.376522583,6.426226533
0,8750,75,B,8.832085832,4.588137432
0,8750,76,B,9.424985931,10.70820147
0,8750,77,B,0.6285370399,6.028127672
0,8750,78,B,10.93706481,5.656687772
0,8750,79,B,5.353351843,8.536391866
0,8750,80,B,0.6175248802,5.075607353
0,8750,81,B,9.281417844,9.768330386
0,8750,82,B,5.240224881,5.03196273
0,8750,83,B,0.854560709,6.94124029
0,8750,84,B,4.45461854,5.541663866
0,8750,85,B,8.591499901,10.2532433
0,8750,86,B,5.1906005,6.896361041
0,8750,87,B,5.28075494,4.242561886
0,8750,88,B,4.99373256,10.0161213
0,8750,89,B,4.39098608,3.883393854
0,8750,90,B,3.727822301,8.791463339
0,8750,91,B,11.27638062,4.783586734
0,8750,92,B,9.968860648,5.987394962
0,8750,93,B,5.575981937,9.334974871
0,8750,94,B,11.37429815,3.903538203
0,8750,95,B,4.296674191,3.028946941
0,8750,96,B,4.228995228,4.71371447
0,8750,97,B,9.837256366,9.154546552
0,8750,98,B,4.331453659,7.357893972
0,8750,99,B,9.759014709,2.337025566
0,8750,100,B,10.3366926,5.083165026
0,9000,1,A,3.332817942,6.147162897
0,9000,2,A,1.78959403,7.215373574
0,9000,3,A,8.080727152,6.416149637
0,9000,4,A,8.530723615,7.877299786
0,9000,5,A,9.208996008,8.447464528
0,9000,6,A,6.173198783,4.693661444
0,9000,7,A,9.147294243,1.629941365
0,9000,8,A,10.71113595,2.276958459
0,9000,9,A,7.948879909,8.496035709
0,9000,10,A,7.940371717,4.938057701
0,9000,11,A,7.836033315,9.551820369
0,9000,12,A,8.555600954,9.138801405
0,9000,13,A,6.322969823,8.94866294
0,9000,14,A,3.22164399,4.532297249
0,9000,15,A,1.568225139,4.449265187
0,9000,16,A,9.649578872,7.711328558
0,9000,17,A,6.989252818,5.214659766
0,9000,18,A,7.227133088,7.741553068
0,9000,19,A,3.443464847,6.909917619
0,9000,20,A,11.09653004,2.944661566
0,9000,21,A,6.175705412,5.587901081
0,9000,22,A,3.089732677,10.50653241
0,9000,23,A,8.346074491,5.507411501
0,9000,24,A,7.047698723,9.562160211
0,9000,25,A,1.543969652,5.419481483
0,9000,26,A,3.469916703,5.460103977
0,9000,27,A,2.419836271,4.983490338
0,9000,28,A,7.199036405,5.967341936
0,9000,29,A,8.95524284,6.127452817
0,9000,30,A,7.428392892,4.401325922
0,9000,31,A,7.161037913,3.690106002
0,9000,32,A,9.742637446,6.817088921
0,9000,33,A,9.866227449,4.39069322
0,9000,34,A,9.490233208,3.805288451
0,9000,35,A,6.371963013,3.91850564
0,9000,36,A,7.920697167,7.245955028
0,9000,37,A,1.551212422,6.309712404
0,9000,38,A,6.279730485,7.224729345
0,9000,39,A,2.399246335,5.794531015
0,9000,40,A,6.248847052,7.987662173
0,9000,41,A,2.439909562,4.143107356
0,9000,42,A,2.768570929,7.546204421
0,9000,43,A,3.156903072,9.619343458
0,9000,44,A,3.998072098,9.951627579
0,9000,45,A,6.114293019,6.412268455
0,9000,46,A,3.914580176,10.72705958
0,9000,47,A,7.100554596,6.751060779
0,9000,48,A,2.444589225,6.71682379
0,9000,49,A,8.923596658,7.060545193
0,9000,50,A,7.05678525,8.609954795
0,9000,51,B,9.086212594,3.046687005
0,9000,52,B,4.591203014,9.276091259
0,9000,53,B,8.588631309,2.409667902
0,9000,54,B,10.18824126,10.06639127
0,9000,55,B,-0.1658614729,6.450203034
0,9000,56,B,8.393131449,3.828874689
0,9000,57,B,7.738101448,2.331355156
0,9000,58,B,3.650119178,3.921354081
0,9000,59,B,7.971391242,3.167124825
0,9000,60,B,5.221306696,3.387394785
0,9000,61,B,2.94087958,8.560639403
0,9000,62,B,10.29588211,8.508818266
0,9000,63,B,5.259219449,7.680309033
0,9000,64,B,3.644010854,7.961364729
0,9000,65,B,6.12440371,10.04116627
0,9000,66,B,4.568583225,8.369353298
0,9000,67,B,10.14688089,3.179819284
0,9000,68,B,5.19686707,6.039720828
0,9000,69,B,10.7287469,3.953922691
0,9000,70,B,10.53064468,6.706165945
0,9000,71,B,-0.0732658762,5.403592196
0,9000,72,B,10.72596367,9.398590057
0,9000,73,B,9.424608984,5.241673051
0,9000,74,B,4.362281445,6.520662983
0,9000,75,B,8.83177093,4.566094219
0,9000,76,B,9.545252815,10.6312526
0,9000,77,B,0.6316703252,5.990214919
0,9000,78,B,10.87467173,5.776102951
0,9000,79,B,5.424480765,8.568366279
0,9000,80,B,0.6927522422,5.048174754
0,9000,81,B,9.218471871,9.7169634
0,9000,82,B,5.267698213,5.149294667
0,9000,83,B,0.7003443824,6.844417781
0,9000,84,B,4.383466195,5.571921326
0,9000,85,B,8.557983404,10.24710905
0,9000,86,B,5.21676185,6.893544248
0,9000,87,B,5.346109073,4.264732
0,9000,88,B,5.039889475,10.11675172
0,9000,89,B,4.510683815,3.941080599
0,9000,90,B,3.720894434,8.896326052
0,9000,91,B,11.27512731,4.842492498
0,9000,92,B,9.935616804,5.92097862
0,9000,93,B,5.581947839,9.413329157
0,9000,94,B,11.53615832,3.911410779
0,9000,95,B,4.183875919,3.134851986
0,9000,96,B,4.334586944,4.75006058
0,9000,97,B,9.801229882,9.133840104
0,9000,98,B,4.269727937,7.439986048
0,9000,99,B,9.691979504,2.392057639
0,9000,100,B,10.44584333,5.017621325
0,9250,1,A,3.329388475,6.135939188
0,9250,2,A,1.779706075,7.315594619
0,9250,3,A,8.045772917,6.417409249
0,9250,4,A,8.624367907,7.890865809
0,9250,5,A,9.134318012,8.508926916
0,9250,6,A,6.249393284,4.811899227
0,9250,7,A,9.174959304,1.695155086
0,9250,8,A,10.81503034,2.422549161
0,9250,9,A,7.798747219,8.322005872
0,9250,10,A,8.012665157,4.970846424
0,9250,11,A,7.788720706,9.571560067
0,9250,12,A,8.424016913,9.026355946
0,9250,13,A,6.349813192,8.942489898
0,9250,14,A,3.205664235,4.515690837
0,9250,15,A,1.561919126,4.48673865
0,9250,16,A,9.645818929,7.628609825
0,9250,17,A,7.001411839,5.28979626
0,9250,18,A,7.030840388,7.659701779
0,9250,19,A,3.433073047,6.898581105
0,9250,20,A,11.22534901,2.934266616
0,9250,21,A,6.083586823,5.661219958
0,9250,22,A,3.012653858,10.5140523
0,9250,23,A,8.5193871,5.521824974
0,9250,24,A,6.955578561,9.609896364
0,9250,25,A,1.487602006,5.464197716
0,9250,26,A,3.397107969,5.38925079
0,9250,27,A,2.3853906,4.971689347
0,9250,28,A,7.349970344,5.866881949
0,9250,29,A,9.055974066,6.062985082
0,9250,30,A,7.347632857,4.474457431
0,9250,31,A,7.121419544,3.772602151
0,9250,32,A,9.584704117,6.732627198
0,9250,33,A,9.880188673,4.25844811
0,9250,34,A,9.402375254,3.804343742
0,9250,35,A,6.288817012,3.951699475
0,9250,36,A,7.827913274,7.299775426
0,9250,37,A,1.532828008,6.384766895
0,9250,38,A,6.162232285,7.183369978
0,9250,39,A,2.411996727,5.793096457
0,9250,40,A,6.191685167,8.045963433
0,9250,41,A,2.332972559,4.124401175
0,9250,42,A,2.737238076,7.488238642
0,9250,43,A,3.084649272,9.687931218
0,9250,44,A,3.992565112,10.00467505
0,9250,45,A,6.117818756,6.438426638
0,9250,46,A,3.789081966,10.81766765
0,9250,47,A,7.073667204,6.709954181
0,9250,48,A,2.398444194,6.697436393
0,9250,49,A,8.745939379,7.045192094
0,9250,50,A,7.139143179,8.664641703
0,9250,51,B,8.962443161,3.129855877
0,9250,52,B,4.596639814,9.289954868
0,9250,53,B,8.574235342,2.470595493
0,9250,54,B,10.14554645,10.07217404
0,9250,55,B,-0.1436880349,6.44000911
0,9250,56,B,8.267125903,3.788426824
0,9250,57,B,7.720101757,2.370017034
0,9250,58,B,3.750277551,3.912397788
0,9250,59,B,7.716655143,3.158978283
0,9250,60,B,5.302458786,3.404001197
0,9250,61,B,2.950614808,8.549795716
0,9250,62,B,10.15247117,8.415691104
0,9250,63,B,5.238916393,7.731935449
0,9250,64,B,3.581610152,8.00873969
0,9250,65,B,6.102386535,10.09262542
0,9250,66,B,4.469218447,8.348880417
0,9250,67,B,10.06354283,3.153540925
0,9250,68,B,5.180573987,6.078886894
0,9250,69,B,10.72304243,3.955772746
0,9250,70,B,10.56499731,6.564154067
0,9250,71,B,-0.09820745105,5.517076362
0,9250,72,B,10.59739769,9.285804443
0,9250,73,B,9.552133698,5.190913828
0,9250,74,B,4.29479422,6.494360531
0,9250,75,B,8.775403284,4.536493332
0,9250,76,B,9.428656938,10.64082692
0,9250,77,B,0.6720897061,6.014027888
0,9250,78,B,11.01108177,5.741550536
0,9250,79,B,5.359171251,8.601494924
0,9250,80,B,0.6695830779,5.063702443
0,9250,81,B,9.127573534,9.731357619
0,9250,82,B,5.27147705,5.131974999
0,9250,83,B,0.7126256014,6.936369472
0,9250,84,B,4.401399924,5.582601263
0,9250,85,B,8.513494813,10.25129904
0,9250,86,B,5.119474922,6.935527107
0,9250,87,B,5.376404321,4.291347606
0,9250,88,B,4.989443581,10.08103226
0,9250,89,B,4.548407947,3.968828101
0,9250,90,B,3.735065071,8.963400404
0,9250,91,B,11.43444463,4.783692226
0,9250,92,B,10.09295764,5.87042265
0,9250,93,B,5.609834079,9.4105092
0,9250,94,B,11.45018979,3.888107953
0,9250,95,B,4.328610319,3.075607951
0,9250,96,B,4.307243912,4.799752281
0,9250,97,B,9.680911725,9.173632828
0,9250,98,B,4.235575127,7.466305645
0,9250,99,B,9.718852821,2.420659742
0,9250,100,B,10.44459625,4.934067049
0,9500,1,A,3.300289452,6.204531637
0,9500,2,A,1.772812847,7.246035685
0,9500,3,A,7.961364729,6.476187476
0,9500,4,A,8.574495135,7.964213029
0,9500,5,A,9.236925192,8.4485906
0,9500,6,A,6.157451297,4.846459767
0,9500,7,A,9.134077858,1.592149819
0,9500,8,A,10.80033963,2.422441012
0,9500,9,A,7.855459684,8.442950686
0,9500,10,A,7.980992192,5.095251977
0,9500,11,A,7.903712278,9.590673107
0,9500,12,A,8.528204391,9.058501123
0,9500,13,A,6.373102388,9.008195362
0,9500,14,A,3.197509898,4.581767304
0,9500,15,A,1.500843679,4.751627223
0,9500,16,A,9.591926421,7.607616813
0,9500,17,A,6.956842942,5.274363661
0,9500,18,A,7.050512476,7.737663665
0,9500,19,A,3.325669063,7.046758737
0,9500,20,A,11.19804849,2.965967906
0,9500,21,A,6.097373278,5.709159224
0,9500,22,A,2.916461998,10.51467895
0,9500,23,A,8.452037213,5.630200433
0,9500,24,A,7.005776612,9.719731727
0,9500,25,A,1.37237898,5.645240203
0,9500,26,A,3.304362723,5.445963255
0,9500,27,A,2.353097293,4.975030468
0,9500,28,A,7.245604269,6.004571349
0,9500,29,A,9.023235132,6.108966434
0,9500,30,A,7.451265875,4.536683849
0,9500,31,A,7.147963854,3.857387586
0,9500,32,A,9.600196396,6.746691281
0,9500,33,A,9.81250971,4.299494148
0,9500,34,A,9.366476308,3.785449559
0,9500,35,A,6.331440716,4.052802248
0,9500,36,A,7.870876081,7.364486529
0,9500,37,A,1.499883225,6.423392408
0,9500,38,A,6.116676835,7.240565821
0,9500,39,A,2.331542179,5.825706417
0,9500,40,A,6.257753401,8.109383334
0,9500,41,A,2.388854534,4.146643357
0,9500,42,A,2.620938081,7.726146322
0,9500,43,A,3.144679108,9.72552781
0,9500,44,A,3.953607787,10.17420263
0,9500,45,A,6.106914841,6.415519828
0,9500,46,A,3.717745404,10.94130645
0,9500,47,A,7.010646834,6.846703218
0,9500,48,A,2.471181006,6.742893357
0,9500,49,A,8.750840846,7.048789864
0,9500,50,A,7.156171802,8.767845612
0,9500,51,B,8.96150785,3.134220652
0,9500,52,B,4.472451499,9.241311791
0,9500,53,B,8.757532534,2.372523662
0,9500,54,B,10.17959202,10.05800184
0,9500,55,B,-0.1988550401,6.194287965
0,9500,56,B,8.315644833,3.826386956
0,9500,57,B,7.902492027,2.557012763
0,9500,58,B,3.706771509,3.938128235
0,9500,59,B,7.631116454,3.256736786
0,9500,60,B,5.283541972,3.396607909
0,9500,61,B,2.968474534,8.708966612
0,9500,62,B,10.29027025,8.436175928
0,9500,63,B,5.177870943,7.663298879
0,9500,64,B,3.560293878,8.031917184
0,9500,65,B,5.946629188,9.900236974
0,9500,66,B,4.47433147,8.244300395
0,9500,67,B,10.13420994,3.219568779
0,9500,68,B,5.076862242,6.066040425
0,9500,69,B,10.68875421,3.996119699
0,9500,70,B,10.5738146,6.387493455
0,9500,71,B,-0.4706194586,5.219740053
0,9500,72,B,10.71335406,9.32229946
0,9500,73,B,9.491177912,5.214164695
0,9500,74,B,4.20079566,6.464907649
0,9500,75,B,8.759028321,4.594750396
0,9500,76,B,9.493377441,10.58255196
0,9500,77,B,0.4931381757,5.926790296
0,9500,78,B,11.2168482,5.645240203
0,9500,79,B,5.387057491,8.46770364
0,9500,80,B,0.4483731326,5.060255829
0,9500,81,B,9.142895142,9.684213481
0,9500,82,B,5.200938767,5.162835498
0,9500,83,B,0.6238371118,6.860014931
0,9500,84,B,4.281634422,5.501735734
0,9500,85,B,8.619667979,10.39968738
0,9500,86,B,5.138274634,6.870041444
0,9500,87,B,5.367004465,4.300120805
0,9500,88,B,4.92036015,10.00226556
0,9500,89,B,4.564359134,3.88992722
0,9500,90,B,3.772162225,8.988768993
0,9500,91,B,11.33430546,4.677884802
0,9500,92,B,10.08353889,5.758665132
0,9500,93,B,5.432077605,9.245238631
0,9500,94,B,11.53049006,3.847361073
0,9500,95,B,4.315071957,3.093090673
0,9500,96,B,4.270129884,4.738223725
0,9500,97,B,9.830643404,9.177849378
0,9500,98,B,4.195155746,7.321547862
0,9500,99,B,9.735631984,2.397197115
0,9500,100,B,10.50841238,4.990070238
0,9750,1,A,3.219764019,6.186358582
0,9750,2,A,1.618916578,7.205611579
0,9750,3,A,8.041576834,6.412581784
0,9750,4,A,8.539943276,7.915501659
0,9750,5,A,9.26731806,8.388431521
0,9750,6,A,6.034080914,4.879778594
0,9750,7,A,9.147618689,1.635921343
0,9750,8,A,10.72899567,2.403229858
0,9750,9,A,7.878244496,8.328555854
0,9750,10,A,7.945003941,5.058602588
0,9750,11,A,7.899657901,9.382221461
0,9750,12,A,8.64097432,9.064594498
0,9750,13,A,6.526946699,8.913570145
0,9750,14,A,3.142732435,4.484849232
0,9750,15,A,1.541765331,4.716302973
0,9750,16,A,9.523620801,7.615136698
0,9750,17,A,6.927867089,5.205977215
0,9750,18,A,7.045640831,7.555153967
0,9750,19,A,3.228850546,7.059291878
0,9750,20,A,11.04774369,3.078807116
0,9750,21,A,6.02629966,5.708877386
0,9750,22,A,2.923874815,10.39054102
0,9750,23,A,8.457677127,5.554374928
0,9750,24,A,7.082484488,9.648944344
0,9750,25,A,1.352325954,5.499855763
0,9750,26,A,3.378279916,5.338551399
0,9750,27,A,2.434562712,5.116968294
0,9750,28,A,7.283948438,5.883369889
0,9750,29,A,9.085900838,6.028127672
0,9750,30,A,7.334406927,4.502798706
0,9750,31,A,7.253242241,3.872740684
0,9750,32,A,9.666811941,6.748469972
0,9750,33,A,9.975753876,4.35902657
0,9750,34,A,9.528634057,3.843601131
0,9750,35,A,6.334274842,4.044929672
0,9750,36,A,7.883791264,7.241865395
0,9750,37,A,1.468884169,6.330176379
0,9750,38,A,6.071402863,7.237733256
0,9750,39,A,2.334924238,5.890263117
0,9750,40,A,6.241693346,8.130796739
0,9750,41,A,2.318004497,4.203615617
0,9750,42,A,2.49472179,7.757701181
0,9750,43,A,2.958134693,9.584406537
0,9750,44,A,3.8608342,9.964787377
0,9750,45,A,6.149072486,6.411328469
0,9750,46,A,3.619720137,10.80487082
0,9750,47,A,6.98564385,6.721055311
0,9750,48,A,2.391273491,6.847709379
0,9750,49,A,8.795557076,6.961246812
0,9750,50,A,7.20592648,8.576069655
0,9750,51,B,8.980720072,3.196895759
0,9750,52,B,4.473271453,9.267665685
0,9750,53,B,8.667391537,2.422864063
0,9750,54,B,10.36240129,10.07977895
0,9750,55,B,-0.3095685919,6.203278323
0,9750,56,B,8.429639732,3.846855653
0,9750,57,B,7.831009036,2.348232041
0,9750,58,B,3.703823868,3.758383564
0,9750,59,B,7.82167788,3.213410153
0,9750,60,B,5.482776996,3.472121025
0,9750,61,B,2.949086144,8.632042871
0,9750,62,B,10.2527363,8.507183036
0,9750,63,B,5.301707743,7.69906466
0,9750,64,B,3.577298643,7.972715412
0,9750,65,B,5.894649716,9.799976568
0,9750,66,B,4.521377986,8.120719843
0,9750,67,B,10.13767387,3.237518253
0,9750,68,B,5.08568425,6.093688912
0,9750,69,B,10.87062017,4.077970874
0,9750,70,B,10.64069938,6.282782712
0,9750,71,B,-0.3650277425,5.215353454
0,9750,72,B,10.78504874,9.236488713
0,9750,73,B,9.524554457,5.15567861
0,9750,74,B,4.142234714,6.469683152
0,9750,75,B,8.790606103,4.581242964
0,9750,76,B,9.50944229,10.50705515
0,9750,77,B,0.4900458277,5.833550652
0,9750,78,B,11.37870679,5.750444589
0,9750,79,B,5.271401849,8.571795747
0,9750,80,B,0.3829221083,4.91941544
0,9750,81,B,9.254370823,9.712554755
0,9750,82,B,5.087145965,5.180053331
0,9750,83,B,0.6045214209,6.696501082
0,9750,84,B,4.254688168,5.589467724
0,9750,85,B,8.528802704,10.23330993
0,9750,86,B,5.072804559,6.896345449
0,9750,87,B,5.315673145,4.304604053
0,9750,88,B,4.894472299,10.06984909
0,9750,89,B,4.550470304,3.923499907
0,9750,90,B,3.782615432,8.866410265
0,9750,91,B,11.49459112,4.779283584
0,9750,92,B,10.15932699,5.745915311
0,9750,93,B,5.4722749,9.229672514
0,9750,94,B,11.73114692,3.915340705
0,9750,95,B,4.424635382,3.115514471
0,9750,96,B,4.209568859,4.729380897
0,9750,97,B,9.807496453,9.224392051
0,9750,98,B,4.136871962,7.305387278
0,9750,99,B,9.636105745,2.464642251
0,9750,100,B,10.61118414,5.020463106
0,10000,1,A,3.306242694,6.181971982
0,10000,2,A,1.615452644,7.232693241
0,10000,3,A,7.969197942,6.34270952
0,10000,4,A,8.604941538,7.866739511
0,10000,5,A,9.34220358,8.378091679
0,10000,6,A,6.111473062,4.877585294
0,10000,7,A,9.19023924,1.707013855
0,10000,8,A,10.76401604,2.667858636
0,10000,9,A,7.971140892,8.322257794
0,10000,10,A,7.894619453,5.020499319
0,10000,11,A,7.859846284,9.470041622
0,10000,12,A,8.615268721,8.979552703
0,10000,13,A,6.360096892,8.916794753
0,10000,14,A,3.146826174,4.476346849
0,10000,15,A,1.384912122,4.783586734
0,10000,16,A,9.591926421,7.566570775
0,10000,17,A,6.923781185,5.289484491
0,10000,18,A,7.016976703,7.63572143
0,10000,19,A,3.137938738,7.060439714
0,10000,20,A,11.251941,3.173078067
0,10000,21,A,5.983008363,5.702892653
0,10000,22,A,2.927115168,10.43133356
0,10000,23,A,8.502796436,5.491082564
0,10000,24,A,7.012919255,9.458448466
0,10000,25,A,1.35786195,5.606218992
0,10000,26,A,3.254818835,5.281959505
0,10000,27,A,2.226512565,5.062135801
0,10000,28,A,7.20655629,5.943165255
0,10000,29,A,8.985514117,6.095720899
0,10000,30,A,7.322174519,4.482791341
0,10000,31,A,7.067932151,3.815645263
0,10000,32,A,9.617619361,6.7597498
0,10000,33,A,9.830996093,4.446758559
0,10000,34,A,9.495901459,3.867639255
0,10000,35,A,6.197951738,4.131863382
0,10000,36,A,7.781827479,7.245722356
0,10000,37,A,1.46524389,6.324827748
0,10000,38,A,6.092914971,7.261739523
0,10000,39,A,2.505368663,5.873256778
0,10000,40,A,6.200145037,8.085442828
0,10000,41,A,2.269125246,4.229621885
0,10000,42,A,2.495716336,7.733135291
0,10000,43,A,2.987800134,9.561716199
0,10000,44,A,3.83952786,9.820656251
0,10000,45,A,6.01496315,6.416149637
0,10000,46,A,3.757423187,10.62105006
0,10000,47,A,6.919416406,6.742954763
0,10000,48,A,2.299641546,6.777707642
0,10000,49,A,8.684081395,6.988013572
0,10000,50,A,7.246349013,8.542902488
0,10000,51,B,8.903883725,3.208862075
0,10000,52,B,4.593082985,9.32497051
0,10000,53,B,8.679200401,2.396649959
0,10000,54,B,10.08696335,10.03062752
0,10000,55,B,-0.394258618,6.343407034
0,10000,56,B,8.29255299,3.816341548
0,10000,57,B,7.849987514,2.212289348
0,10000,58,B,3.702888559,3.663293809
0,10000,59,B,7.841319368,3.130791185
0,10000,60,B,5.404995943,3.520301191
0,10000,61,B,2.934321724,8.60243491
0,10000,62,B,10.32135525,8.345192183
0,10000,63,B,5.193381094,7.654348423
0,10000,64,B,3.553458908,7.954471501
0,10000,65,B,5.95167551,9.942541051
0,10000,66,B,4.521017422,8.208894271
0,10000,67,B,10.16061771,3.353241974
0,10000,68,B,4.960207857,6.060580442
0,10000,69,B,10.83430836,4.095094824
0,10000,70,B,10.66820994,6.074813624
0,10000,71,B,-0.3838668175,5.277145305
0,10000,72,B,10.67948976,9.248831676
0,10000,73,B,9.521134439,5.195330046
0,10000,74,B,4.118931889,6.467793737
0,10000,75,B,8.703986092,4.544354942
0,10000,76,B,9.45750848,10.59677103
0,10000,77,B,0.4505664324,5.784358072
0,10000,78,B,11.4628111,5.871776733
0,10000,79,B,5.303797554,8.59058223
0,10000,80,B,0.3224150618,4.910171461
0,10000,81,B,9.13258679,9.66054537
0,10000,82,B,5.015449849,5.207206912
0,10000,83,B,0.4862858853,6.651964784
0,10000,84,B,4.157035158,5.487500542
0,10000,85,B,8.561388872,10.24803637
0,10000,86,B,5.07936887,6.862521559
0,10000,87,B,5.177870943,4.433676703
0,10000,88,B,4.896385006,10.17315085
0,10000,89,B,4.573022086,3.781670722
0,10000,90,B,3.853161548,8.799699386
0,10000,91,B,11.44755933,4.763840801
0,10000,92,B,10.01360207,5.749499879
0,10000,93,B,5.540020758,9.343084622
0,10000,94,B,11.88204468,4.089250702
0,10000,95,B,4.576789901,2.936515024
0,10000,96,B,4.114112775,4.573661292
0,10000,97,B,9.847018361,9.104476972
0,10000,98,B,4.10943623,7.303516663
0,10000,99,B,9.65807653,2.594801129
0,10000,100,B,10.68982961,5.030802947
0,10250,1,A,3.264540381,6.179586944
0,10250,2,A,1.425018174,7.261075455
0,10250,3,A,7.904025607,6.461147706
0,10250,4,A,8.595855011,7.9588581
0,10250,5,A,9.314742903,8.300556115
0,10250,6,A,6.148409976,4.928455195
0,10250,7,A,9.16651287,1.725038906
0,10250,8,A,10.80400873,2.807990493
0,10250,9,A,7.884285909,8.317305944
0,10250,10,A,8.012708096,4.928862532
0,10250,11,A,7.879585981,9.366329877
0,10250,12,A,8.65636993,9.055666997
0,10250,13,A,6.388455486,8.977802494
0,10250,14,A,3.068749018,4.548096178
0,10250,15,A,1.334686025,4.858307015
0,10250,16,A,9.592891599,7.454699893
0,10250,17,A,7.066498435,5.231019881
0,10250,18,A,6.957452309,7.595644856
0,10250,19,A,3.141830667,7.032801373
0,10250,20,A,11.26635411,3.363268487
0,10250,21,A,6.090224979,5.678646693
0,10250,22,A,2.954783027,10.46992045
0,10250,23,A,8.37599966,5.542750123
0,10250,24,A,7.049892022,9.5280074
0,10250,25,A,1.337184907,5.683273223
0,10250,26,A,3.229790532,5.418390344
0,10250,27,A,2.300458099,5.084382127
0,10250,28,A,7.244280418,5.910841475
0,10250,29,A,8.864205942,6.045823649
0,10250,30,A,7.322709396,4.423629216
0,10250,31,A,7.263553739,3.764665957
0,10250,32,A,9.556677751,6.593754953
0,10250,33,A,10.07683556,4.390080909
0,10250,34,A,9.481101016,4.003992275
0,10250,35,A,6.3289199,4.097640943
0,10250,36,A,7.841125693,7.335685627
0,10250,37,A,1.342792037,6.467350364
0,10250,38,A,5.947861763,7.228077843
0,10250,39,A,2.259464547,5.93574665
0,10250,40,A,6.208893295,8.091046891
0,10250,41,A,2.101033147,4.283626183
0,10250,42,A,2.358849443,7.653010479
0,10250,43,A,2.91802864,9.653965471
0,10250,44,A,3.826054733,9.802169868
0,10250,45,A,6.043304424,6.414890025
0,10250,46,A,3.798481822,10.62841721
0,10250,47,A,6.918976536,6.753936158
0,10250,48,A,2.315811197,6.797662552
0,10250,49,A,8.69862677,7.015425884
0,10250,50,A,7.1353882,8.533242839
0,10250,51,B,9.090641913,3.217156113
0,10250,52,B,4.558616846,9.195252497
0,10250,53,B,8.683273672,2.389130074
0,10250,54,B,10.19143926,9.910846548
0,10250,55,B,-0.4025796926,6.153266025
0,10250,56,B,8.350518768,3.792841908
0,10250,57,B,7.82632013,2.241239006
0,10250,58,B,3.648084125,3.838587874
0,10250,59,B,7.987200947,3.067470606
0,10250,60,B,5.49162546,3.584044116
0,10250,61,B,2.993783293,8.571975911
0,10250,62,B,10.35086324,8.318793859
0,10250,63,B,5.133599648,7.64272208
0,10250,64,B,3.47369554,7.894934354
0,10250,65,B,5.849734617,9.971641633
0,10250,66,B,4.458882202,8.202072394
0,10250,67,B,10.14523155,3.343325677
0,10250,68,B,5.074977547,6.002681931
0,10250,69,B,10.96931866,4.177922677
0,10250,70,B,10.69525908,6.228846555
0,10250,71,B,-0.3712943132,5.158954318
0,10250,72,B,10.75948363,9.205623515
0,10250,73,B,9.494322246,5.232430639
0,10250,74,B,4.14940978,6.440781352
0,10250,75,B,8.832715635,4.522322695
0,10250,76,B,9.517944673,10.52122579
0,10250,77,B,0.4258773909,5.739679917
0,10250,78,B,11.40079388,5.90554139
0,10250,79,B,5.359171251,8.525982748
0,10250,80,B,0.4314533918,4.806773045
0,10250,81,B,9.249145005,9.668378584
0,10250,82,B,5.067775714,5.161147617
0,10250,83,B,0.3142685199,6.656351383
0,10250,84,B,4.197667051,5.516452823
0,10250,85,B,8.582707683,10.23602233
0,10250,86,B,4.993417657,6.840009142
0,10250,87,B,5.283032417,4.405085864
0,10250,88,B,4.854230509,10.10492396
0,10250,89,B,4.510671282,3.921487677
0,10250,90,B,3.801928436,8.844324538
0,10250,91,B,11.45522824,4.799122475
0,10250,92,B,9.995967502,5.858771237
0,10250,93,B,5.484198831,9.326429543
0,10250,94,B,12.08076356,4.146536823
0,10250,95,B,4.423572248,3.152711712
0,10250,96,B,4.12011198,4.687901263
0,10250,97,B,9.81031641,8.975609194
0,10250,98,B,4.092893541,7.302453809
0,10250,99,B,9.723211077,2.503181661
0,10250,100,B,10.61807737,5.151121104
0,10500,1,A,3.242404733,6.138121576
0,10500,2,A,1.519565449,7.307569668
0,10500,3,A,7.973271213,6.459581064
0,10500,4,A,8.539225998,8.026563828
0,10500,5,A,9.297827442,8.37673602
0,10500,6,A,6.104266506,4.851892354
0,10500,7,A,9.046219904,1.736060512
0,10500,8,A,10.89819308,2.752904503
0,10500,9,A,7.794795188,8.266205049
0,10500,10,A,7.965679977,4.967653287
0,10500,11,A,7.768343329,9.453074643
0,10500,12,A,8.496971019,9.044126819
0,10500,13,A,6.27601778,8.937578354
0,10500,14,A,3.01713224,4.541997774
0,10500,15,A,1.329520675,4.734252447
0,10500,16,A,9.481948106,7.518318181
0,10500,17,A,7.030210579,5.266753504
0,10500,18,A,6.92251374,7.640807592
0,10500,19,A,3.1563563,6.945293295
0,10500,20,A,11.37179929,3.321594233
0,10500,21,A,6.112413048,5.6715598
0,10500,22,A,2.874789302,10.42569365
0,10500,23,A,8.3223192,5.641480261
0,10500,24,A,6.927409047,9.473282516
0,10500,25,A,1.359436465,5.632670848
0,10500,26,A,3.315955879,5.353531338
0,10500,27,A,2.228217945,5.097122595
0,10500,28,A,7.168208618,5.989095666
0,10500,29,A,9.048491592,6.052073143
0,10500,30,A,7.259508812,4.481224698
0,10500,31,A,7.161750309,3.786575337
0,10500,32,A,9.561846882,6.720583733
0,10500,33,A,9.908664158,4.495407101
0,10500,34,A,9.547974976,3.939394209
0,10500,35,A,6.310342213,4.034852774
0,10500,36,A,7.784334107,7.275175239
0,10500,37,A,1.272838126,6.44889955
0,10500,38,A,5.978434396,7.255366264
0,10500,39,A,2.296384828,5.888383146
0,10500,40,A,6.052567298,8.091709399
0,10500,41,A,2.177633314,4.254061511
0,10500,42,A,2.472162136,7.585370488
0,10500,43,A,2.934635053,9.570306753
0,10500,44,A,3.746782613,9.844155892
0,10500,45,A,5.966153177,6.417094347
0,10500,46,A,3.762748339,10.67000573
0,10500,47,A,6.865480251,6.800320387
0,10500,48,A,2.211786124,6.704290649
0,10500,49,A,8.647555779,7.023547485
0,10500,50,A,7.100433964,8.54583896
0,10500,51,B,9.136098877,3.252693133
0,10500,52,B,4.538697654,9.280507775
0,10500,53,B,8.778838875,2.549240955
0,10500,54,B,10.36294566,9.860670524
0,10500,55,B,-0.3766272281,6.12003421
0,10500,56,B,8.406651813,3.892201693
0,10500,57,B,7.856086341,2.421402913
0,10500,58,B,3.539195374,3.787653881
0,10500,59,B,7.972400504,3.249484569
0,10500,60,B,5.350711381,3.533092553
0,10500,61,B,2.891439801,8.507735691
0,10500,62,B,10.35418304,8.207648752
0,10500,63,B,5.026103019,7.583177188
0,10500,64,B,3.472306817,7.958231443
0,10500,65,B,5.94509561,9.981080461
0,10500,66,B,4.433053164,8.238825719
0,10500,67,B,10.24914955,3.377335207
0,10500,68,B,5.08253522,5.925215781
0,10500,69,B,10.85114392,4.186131572
0,10500,70,B,10.85974657,6.194142985
0,10500,71,B,-0.3476231998,5.080598802
0,10500,72,B,10.74701284,9.105545447
0,10500,73,B,9.455242388,5.255690547
0,10500,74,B,4.157869651,6.463654335
0,10500,75,B,8.763704154,4.62745101
0,10500,76,B,9.699398109,10.36553457
0,10500,77,B,0.4629074829,5.521824974
0,10500,78,B,11.50417047,5.753025219
0,10500,79,B,5.238097327,8.52631497
0,10500,80,B,0.3662322467,4.590026851
0,10500,81,B,9.283924472,9.560280239
0,10500,82,B,5.111506301,5.131030289
0,10500,83,B,0.3910340108,6.475874147
0,10500,84,B,4.217811446,5.544812897
0,10500,85,B,8.690368545,10.12020143
0,10500,86,B,4.989250283,6.795643845
0,10500,87,B,5.266753504,4.36896491
0,10500,88,B,4.857845596,10.09419206
0,10500,89,B,4.472764828,3.963605959
0,10500,90,B,3.735624377,8.906948159
0,10500,91,B,11.3146067,4.745047324
0,10500,92,B,10.07100575,5.996168161
0,10500,93,B,5.485611123,9.362067662
0,10500,94,B,11.99182303,4.130583301
0,10500,95,B,4.383765353,3.149975205
0,10500,96,B,4.033987966,4.653786101
0,10500,97,B,9.849537585,8.943561513
0,10500,98,B,4.018751781,7.346927473
0,10500,99,B,9.764456505,2.533846713
0,10500,100,B,10.54271394,5.207583539
0,10750,1,A,3.240982186,6.080148081
0,10750,2,A,1.614895266,7.329694404
0,10750,3,A,7.784889056,6.395643337
0,10750,4,A,8.580525293,7.989721738
0,10750,5,A,9.394842773,8.427910916
0,10750,6,A,6.025307715,4.870378738
0,10750,7,A,9.039841544,1.747746564
0,10750,8,A,10.9668136,2.804211657
0,10750,9,A,7.802500958,8.300724347
0,10750,10,A,7.956340449,5.080960705
0,10750,11,A,7.775901001,9.364271985
0,10750,12,A,8.487581898,8.95363841
0,10750,13,A,6.175878608,8.967809043
0,10750,14,A,3.075683532,4.492308299
0,10750,15,A,1.323222614,4.693315051
0,10750,16,A,9.447795296,7.592577044
0,10750,17,A,6.908658007,5.11969378
0,10750,18,A,6.957165864,7.721242148
0,10750,19,A,3.094552268,6.90298975
0,10750,20,A,11.47315094,3.314389236
0,10750,21,A,6.213352071,5.73721866
0,10750,22,A,2.971425176,10.53791565
0,10750,23,A,8.427910916,5.670619814
0,10750,24,A,6.921148123,9.515260205
0,10750,25,A,1.272113849,5.57756124
0,10750,26,A,3.254818835,5.311076903
0,10750,27,A,2.276434146,5.093241924
0,10750,28,A,7.197469762,5.86394352
0,10750,29,A,9.009061346,6.175563705
0,10750,30,A,7.393603931,4.448632201
0,10750,31,A,7.208436261,3.774042196
0,10750,32,A,9.542822012,6.810093348
0,10750,33,A,9.881441987,4.462424986
0,10750,34,A,9.447406392,3.935973217
0,10750,35,A,6.297431185,4.067602691
0,10750,36,A,7.732511748,7.28792818
0,10750,37,A,1.271487192,6.486527318
0,10750,38,A,5.950393711,7.290427056
0,10750,39,A,2.225265581,5.858294111
0,10750,40,A,6.02217443,8.103302555
0,10750,41,A,2.159005075,4.284650793
0,10750,42,A,2.522058524,7.607112969
0,10750,43,A,2.838756521,9.671198541
0,10750,44,A,3.747095942,9.85292909
0,10750,45,A,5.989456003,6.454882709
0,10750,46,A,3.882754601,10.61632651
0,10750,47,A,6.850301746,6.841841876
0,10750,48,A,2.208966167,6.650084813
0,10750,49,A,8.568840846,7.025659225
0,10750,50,A,6.96961133,8.568366279
0,10750,51,B,9.138226704,3.168378139
0,10750,52,B,4.478236268,9.269171267
0,10750,53,B,8.628658459,2.47419326
0,10750,54,B,10.28756772,9.847963071
0,10750,55,B,-0.349227482,6.082667305
0,10750,56,B,8.463943698,3.941046305
0,10750,57,B,7.77397712,2.443962568
0,10750,58,B,3.741678035,3.756163575
0,10750,59,B,8.015883894,3.301229438
0,10750,60,B,5.426974922,3.475920228
0,10750,61,B,2.865302848,8.562528824
0,10750,62,B,10.39843407,8.17912806
0,10750,63,B,5.040380512,7.668287194
0,10750,64,B,3.440660635,7.860159612
0,10750,65,B,5.893382373,9.990659585
0,10750,66,B,4.207375559,8.222367398
0,10750,67,B,10.21921015,3.381754871
0,10750,68,B,5.125676938,5.985677166
0,10750,69,B,10.79824128,4.122776855
0,10750,70,B,10.83208076,6.326729765
0,10750,71,B,-0.38865398,5.043956416
0,10750,72,B,10.91385951,8.968402638
0,10750,73,B,9.512591323,5.351777328
0,10750,74,B,4.151916408,6.42198164
0,10750,75,B,8.797325258,4.749120595
0,10750,76,B,9.624381906,10.40061792
0,10750,77,B,0.408909562,5.421533125
0,10750,78,B,11.41260408,5.729879236
0,10750,79,B,5.0598622,8.483803056
0,10750,80,B,0.3812943258,4.522531064
0,10750,81,B,9.308507515,9.431968307
0,10750,82,B,5.098280373,5.191176772
0,10750,83,B,0.4351960145,6.385918942
0,10750,84,B,4.176982691,5.563774784
0,10750,85,B,8.703953355,10.0287064
0,10750,86,B,5.008891774,6.842097527
0,10750,87,B,5.257621316,4.389748511
0,10750,88,B,4.890745092,10.09481872
0,10750,89,B,4.562376788,3.915040036
0,10750,90,B,3.635555708,8.930335584
0,10750,91,B,11.3299598,4.800193146
0,10750,92,B,10.09510243,5.921441644
0,10750,93,B,5.421370901,9.298457245
0,10750,94,B,11.84948685,4.107910282
0,10750,95,B,4.457137764,3.072194152
0,10750,96,B,4.132507186,4.689639616
0,10750,97,B,10.05815928,8.994408906
0,10750,98,B,4.07671756,7.199663062
0,10750,99,B,9.768056029,2.56056443
0,10750,100,B,10.5293976,5.163841307
0,11000,1,A,3.289793726,6.093538511
0,11000,2,A,1.662373199,7.273315734
0,11000,3,A,8.084811496,6.392837411
0,11000,4,A,8.470836926,7.847939799
0,11000,5,A,9.290736642,8.362598285
0,11000,6,A,5.990085809,5.043172339
0,11000,7,A,8.922970001,1.781586046
0,11000,8,A,10.99954629,2.813097876
0,11000,9,A,7.768354352,8.279393191
0,11000,10,A,7.932722722,5.007588294
0,11000,11,A,7.840176214,9.291298772
0,11000,12,A,8.570162071,8.886623891
0,11000,13,A,6.18667191,8.893830447
0,11000,14,A,2.99661742,4.43918829
0,11000,15,A,1.266160607,4.758833779
0,11000,16,A,9.59004645,7.611376756
0,11000,17,A,6.868474801,5.085635441
0,11000,18,A,6.90298975,7.648050363
0,11000,19,A,3.067470606,6.944242052
0,11000,20,A,11.54340109,3.271527782
0,11000,21,A,6.343022849,5.87240339
0,11000,22,A,2.869462717,10.48585273
0,11000,23,A,8.41435205,5.575689063
0,11000,24,A,6.941933278,9.497887529
0,11000,25,A,1.305379675,5.604683644
0,11000,26,A,3.308622725,5.270882233
0,11000,27,A,2.225885908,5.056809216
0,11000,28,A,7.344168922,5.870107747
0,11000,29,A,9.104791873,6.097152846
0,11000,30,A,7.55483906,4.37620768
0,11000,31,A,7.010183058,3.783209382
0,11000,32,A,9.623122294,6.797182326
0,11000,33,A,9.940034423,4.439238674
0,11000,34,A,9.58061038,3.878660862
0,11000,35,A,6.328612857,4.221673317
0,11000,36,A,7.7238617,7.248228985
0,11000,37,A,1.27838042,6.421041654
0,11000,38,A,5.994812473,7.268601543
0,11000,39,A,2.330024919,5.79341295
0,11000,40,A,6.02436773,8.076982958
0,11000,41,A,2.075762569,4.237573571
0,11000,42,A,2.461195637,7.580983888
0,11000,43,A,2.979441033,9.58785315
0,11000,44,A,3.776154436,9.885593202
0,11000,45,A,5.974235164,6.479947418
0,11000,46,A,3.730012522,10.67686467
0,11000,47,A,6.983779702,6.720897061
0,11000,48,A,2.26356129,6.550148833
0,11000,49,A,8.727992359,7.031029958
0,11000,50,A,7.000072785,8.593348382
0,11000,51,B,9.138801405,3.237518253
0,11000,52,B,4.425962362,9.296882731
0,11000,53,B,8.530253585,2.613746503
0,11000,54,B,10.41817377,9.831936079
0,11000,55,B,-0.5561581484,6.287563698
0,11000,56,B,8.527889483,3.964944297
0,11000,57,B,7.698482088,2.516968116
0,11000,58,B,3.735624377,3.924245037
0,11000,59,B,7.884168806,3.357046226
0,11000,60,B,5.54121513,3.571631963
0,11000,61,B,2.765750973,8.483370067
0,11000,62,B,10.46454951,8.143735967
0,11000,63,B,5.083201606,7.679081036
0,11000,64,B,3.403687868,7.89055248
0,11000,65,B,5.901800154,9.983800654
0,11000,66,B,4.278272831,8.19598167
0,11000,67,B,10.20291706,3.201904292
0,11000,68,B,5.155592727,5.928364812
0,11000,69,B,10.81484769,4.009351925
0,11000,70,B,10.92160387,6.340771872
0,11000,71,B,-0.4273234383,5.145200927
0,11000,72,B,10.90947291,9.114100407
0,11000,73,B,9.604146234,5.351024709
0,11000,74,B,4.128064077,6.562264652
0,11000,75,B,8.892232315,4.734882253
0,11000,76,B,9.644252287,10.32574185
0,11000,77,B,0.3092755284,5.576000832
0,11000,78,B,11.3897284,5.619759823
0,11000,79,B,5.098910179,8.588980677
0,11000,80,B,0.3388936486,4.666256889
0,11000,81,B,9.408002572,9.389516188
0,11000,82,B,5.053362602,5.142974562
0,11000,83,B,0.3597822175,6.404061121
0,11000,84,B,4.235446017,5.702264421
0,11000,85,B,8.790203727,9.924799412
0,11000,86,B,5.044746854,6.789624654
0,11000,87,B,5.245969903,4.384710063
0,11000,88,B,4.883831396,10.08791919
0,11000,89,B,4.536683849,3.894673682
0,11000,90,B,3.624634368,8.825888037
0,11000,91,B,11.29620219,4.710004913
0,11000,92,B,10.15719786,6.045508746
0,11000,93,B,5.424065072,9.337190323
0,11000,94,B,11.89775475,4.115983393
0,11000,95,B,4.642562392,3.090884666
0,11000,96,B,4.141604908,4.782432614
0,11000,97,B,10.04099864,8.902624112
0,11000,98,B,4.105857114,7.314654634
0,11000,99,B,9.569053438,2.494095133
0,11000,100,B,10.52973771,5.149348741
0,11250,1,A,3.33639781,6.101876392
0,11250,2,A,1.609882009,7.093758017
0,11250,3,A,7.984366822,6.447325036
0,11250,4,A,8.548358184,7.919811694
0,11250,5,A,9.23749488,8.400686151
0,11250,6,A,5.943480158,5.141107188
0,11250,7,A,8.970328268,1.767865721
0,11250,8,A,11.12065634,2.981947661
0,11250,9,A,7.655027538,8.27124032
0,11250,10,A,8.029670349,4.979730396
0,11250,11,A,7.798747219,9.334370366
0,11250,12,A,8.423971481,8.874912648
0,11250,13,A,6.095980707,8.871311939
0,11250,14,A,2.94812235,4.460601697
0,11250,15,A,1.254888653,4.710004913
0,11250,16,A,9.540617696,7.565230864
0,11250,17,A,6.879509887,5.060333772
0,11250,18,A,6.921395671,7.605971049
0,11250,19,A,3.140843017,6.971953517
0,11250,20,A,11.68419252,3.408889746
0,11250,21,A,6.425766899,5.885196056
0,11250,22,A,2.853482962,10.38590093
0,11250,23,A,8.551362359,5.57317464
0,11250,24,A,6.893227755,9.392298358
0,11250,25,A,1.288544112,5.582547995
0,11250,26,A,3.291051771,5.243135776
0,11250,27,A,2.130004227,5.048525691
0,11250,28,A,7.433406148,5.781538115
0,11250,29,A,8.98575852,6.200755949
0,11250,30,A,7.651796137,4.375632982
0,11250,31,A,7.062301073,3.963761073
0,11250,32,A,9.729790976,6.790769324
0,11250,33,A,9.907164844,4.491462196
0,11250,34,A,9.726410494,3.825127344
0,11250,35,A,6.260930773,4.272861223
0,11250,36,A,7.766806415,7.303516663
0,11250,37,A,1.313145717,6.326717169
0,11250,38,A,5.938756612,7.165933797
0,11250,39,A,2.389169437,5.773117608
0,11250,40,A,5.995124258,7.947208264
0,11250,41,A,2.083398576,4.202696099
0,11250,42,A,2.361870492,7.546831078
0,11250,43,A,2.794764565,9.521723509
0,11250,44,A,3.671711591,9.802350696
0,11250,45,A,6.003061389,6.42824821
0,11250,46,A,3.798871109,10.56012109
0,11250,47,A,7.014465431,6.681612907
0,11250,48,A,2.380352152,6.570767035
0,11250,49,A,8.75199862,7.031965262
0,11250,50,A,6.884095569,8.523480844
0,11250,51,B,9.103900165,3.221079378
0,11250,52,B,4.338492473,9.236228907
0,11250,53,B,8.544155803,2.528874601
0,11250,54,B,10.44785338,9.847648164
0,11250,55,B,-0.5132321392,6.126199503
0,11250,56,B,8.610708989,4.001473051
0,11250,57,B,7.644901336,2.640776974
0,11250,58,B,3.706363233,3.781562081
0,11250,59,B,8.014247623,3.38204921
0,11250,60,B,5.53921201,3.557292116
0,11250,61,B,2.706413993,8.511988442
0,11250,62,B,10.36291259,8.149347818
0,11250,63,B,5.072143419,7.743780891
0,11250,64,B,3.351212354,7.859713783
0,11250,65,B,5.889959049,9.93390368
0,11250,66,B,4.239021741,8.216414156
0,11250,67,B,10.24001737,3.103684457
0,11250,68,B,5.198747042,5.992721548
0,11250,69,B,10.82550086,4.005591983
0,11250,70,B,11.1125098,6.519740142
0,11250,71,B,-0.4503113609,5.182989293
0,11250,72,B,10.90887144,8.981349874
0,11250,73,B,9.660807257,5.471246218
0,11250,74,B,4.250561363,6.387493455
0,11250,75,B,9.009448676,4.76729365
0,11250,76,B,9.775536943,10.31759531
0,11250,77,B,0.3684743564,5.615473992
0,11250,78,B,11.21905095,5.68872359
0,11250,79,B,5.090648697,8.620294636
0,11250,80,B,0.3649726345,4.620572446
0,11250,81,B,9.463781349,9.345692706
0,11250,82,B,4.969703883,5.113208352
0,11250,83,B,0.2960088666,6.491411464
0,11250,84,B,4.223794604,5.564651789
0,11250,85,B,8.835546571,9.815930875
0,11250,86,B,4.928455195,6.912869243
0,11250,87,B,5.31655857,4.33114033
0,11250,88,B,4.830586014,10.07977895
0,11250,89,B,4.532084689,3.971242358
0,11250,90,B,3.544410359,8.792188569
0,11250,91,B,11.28452716,4.699614686
0,11250,92,B,10.25148299,6.118052961
0,11250,93,B,5.361815058,9.366184906
0,11250,94,B,12.02488785,4.263472388
0,11250,95,B,4.592636729,3.126955474
0,11250,96,B,4.048078702,4.686072281
0,11250,97,B,10.08351055,8.924352425
0,11250,98,B,4.056351205,7.280501824
0,11250,99,B,9.629525846,2.478742035
0,11250,100,B,10.51530561,5.139841277
0,11500,1,A,3.280236426,6.153459086
0,11500,2,A,1.580429127,7.273608596
0,11500,3,A,8.125020339,6.354555871
0,11500,4,A,8.443890672,7.928151904
0,11500,5,A,9.241774697,8.331704888
0,11500,6,A,5.968357499,5.27147705
0,11500,7,A,9.101013037,1.693863503
0,11500,8,A,11.14666261,3.038660126
0,11500,9,A,7.710701901,8.283153133
0,11500,10,A,8.066241617,4.954054776
0,11500,11,A,7.777160613,9.297512541
0,11500,12,A,8.530723615,8.937263453
0,11500,13,A,6.188551882,8.830224754
0,11500,14,A,2.979297752,4.515709731
0,11500,15,A,1.280126331,4.698369167
0,11500,16,A,9.652408278,7.665684938
0,11500,17,A,6.980711564,5.092054022
0,11500,18,A,6.970379004,7.54948571
0,11500,19,A,3.232031306,6.966021255
0,11500,20,A,11.73958569,3.454171551
0,11500,21,A,6.482279278,5.918602817
0,11500,22,A,2.857492613,10.28894563
0,11500,23,A,8.653535805,5.651250128
0,11500,24,A,6.883514571,9.496987875
0,11500,25,A,1.209448143,5.651193445
0,11500,26,A,3.231181024,5.30974952
0,11500,27,A,2.122721696,5.191758866
0,11500,28,A,7.532731294,5.772138259
0,11500,29,A,9.197205737,6.294941727
0,11500,30,A,7.587563787,4.324247102
0,11500,31,A,6.873174729,3.980212372
0,11500,32,A,9.777424785,6.840324043
0,11500,33,A,10.00520676,4.462424986
0,11500,34,A,9.718511149,3.84579443
0,11500,35,A,6.200163744,4.475142071
0,11500,36,A,7.796867248,7.225042673
0,11500,37,A,1.281827034,6.5115936
0,11500,38,A,6.010267945,7.306821421
0,11500,39,A,2.233494411,5.87728372
0,11500,40,A,6.035846948,8.036085669
0,11500,41,A,2.092530764,4.363611558
0,11500,42,A,2.441769268,7.508291668
0,11500,43,A,2.75603149,9.462206835
0,11500,44,A,3.640222853,9.755897009
0,11500,45,A,6.012774574,6.532586612
0,11500,46,A,3.676283693,10.61682406
0,11500,47,A,7.056662438,6.642879829
0,11500,48,A,2.36437712,6.622198573
0,11500,49,A,8.771640114,7.114272464
0,11500,50,A,6.980770801,8.550877408
0,11500,51,B,9.129984114,3.217049555
0,11500,52,B,4.380616322,9.116443283
0,11500,53,B,8.653167631,2.449574422
0,11500,54,B,10.3351417,9.729790976
0,11500,55,B,-0.4838665525,6.39096679
0,11500,56,B,8.629381164,4.041311436
0,11500,57,B,7.82632013,2.726584906
0,11500,58,B,3.626464456,3.844227788
0,11500,59,B,8.099229284,3.440347307
0,11500,60,B,5.283128463,3.397489002
0,11500,61,B,2.671866208,8.463611664
0,11500,62,B,10.61055749,8.101109255
0,11500,63,B,4.995621978,7.614040838
0,11500,64,B,3.378279916,7.832268648
0,11500,65,B,5.787918052,9.887640854
0,11500,66,B,4.252808196,8.198554429
0,11500,67,B,10.20511036,3.153025041
0,11500,68,B,5.191853814,5.873656705
0,11500,69,B,10.91291952,4.023765038
0,11500,70,B,11.13256282,6.573005993
0,11500,71,B,-0.4568330031,5.259219449
0,11500,72,B,10.87883001,9.002656729
0,11500,73,B,9.639552359,5.393010733
0,11500,74,B,4.221788672,6.370282431
0,11500,75,B,9.016619018,4.770781201
0,11500,76,B,9.684528389,10.32378158
0,11500,77,B,0.2929621796,5.752085233
0,11500,78,B,11.27105404,5.779031487
0,11500,79,B,5.184647258,8.496216537
0,11500,80,B,0.3348406426,4.842094992
0,11500,81,B,9.381276751,9.36080805
0,11500,82,B,5.01200947,4.960567472
0,11500,83,B,0.38103269,6.589661216
0,11500,84,B,4.23890995,5.558038825
0,11500,85,B,8.865004222,10.00520676
0,11500,86,B,5.120547835,6.743526344
0,11500,87,B,5.410664198,4.208049452
0,11500,88,B,4.676115046,9.995180245
0,11500,89,B,4.460286794,3.97659571
0,11500,90,B,3.536539167,8.775078932
0,11500,91,B,11.25809892,4.839744969
0,11500,92,B,10.29785561,6.119932932
0,11500,93,B,5.291492288,9.357556678
0,11500,94,B,11.98794972,4.283201064
0,11500,95,B,4.440491988,3.082839449
0,11500,96,B,4.052277934,4.755387165
0,11500,97,B,10.01864052,8.761547551
0,11500,98,B,4.178025561,7.215909378
0,11500,99,B,9.686864967,2.435189369
0,11500,100,B,10.51154567,5.171174131
0,11750,1,A,3.275306619,6.117936447
0,11750,2,A,1.630875021,7.304314792
0,11750,3,A,8.084505995,6.470312961
0,11750,4,A,8.579848491,7.883597846
0,11750,5,A,9.257604875,8.417571075
0,11750,6,A,5.978246695,5.395424752
0,11750,7,A,9.302895656,1.559471969
0,11750,8,A,11.18099625,2.870151728
0,11750,9,A,7.787299868,8.281180097
0,11750,10,A,8.1059194,5.089463087
0,11750,11,A,7.826006802,9.43839544
0,11750,12,A,8.518421716,8.918469462
0,11750,13,A,6.238199645,8.762287019
0,11750,14,A,2.898997474,4.514450119
0,11750,15,A,1.126729409,4.99602348
0,11750,16,A,9.609266555,7.59577646
0,11750,17,A,7.085924804,4.98098371
0,11750,18,A,6.859868399,7.579121062
0,11750,19,A,3.121692188,6.986599658
0,11750,20,A,11.6999079,3.342066065
0,11750,21,A,6.635082454,5.872182034
0,11750,22,A,2.913168112,10.38676219
0,11750,23,A,8.659204056,5.602440155
0,11750,24,A,6.896019794,9.347117561
0,11750,25,A,1.256760751,5.772451588
0,11750,26,A,3.178803717,5.305384745
0,11750,27,A,2.119040878,5.128874778
0,11750,28,A,7.544011121,5.856736964
0,11750,29,A,9.158955197,6.170525256
0,11750,30,A,7.756518015,4.344822342
0,11750,31,A,6.834321991,4.119016912
0,11750,32,A,9.692928984,6.771377772
0,11750,33,A,10.14649116,4.297167014
0,11750,34,A,9.626271321,3.907946846
0,11750,35,A,6.095806635,4.584623114
0,11750,36,A,7.745355404,7.297248369
0,11750,37,A,1.176688248,6.587654879
0,11750,38,A,5.988372927,7.084706307
0,11750,39,A,2.259098733,5.920029328
0,11750,40,A,6.007405477,7.928943886
0,11750,41,A,1.952764704,4.346088316
0,11750,42,A,2.499070601,7.612781226
0,11750,43,A,2.850036348,9.560593568
0,11750,44,A,3.763389026,9.814703009
0,11750,45,A,5.860038842,6.313967593
0,11750,46,A,3.823548104,10.60241094
0,11750,47,A,6.995256343,6.697358061
0,11750,48,A,2.249418284,6.639759002
0,11750,49,A,8.722560007,7.075527993
0,11750,50,A,7.090577964,8.515677203
0,11750,51,B,9.15328694,3.172333322
0,11750,52,B,4.420582377,9.219029614
0,11750,53,B,8.712748706,2.378448419
0,11750,54,B,10.3675531,9.683583678
0,11750,55,B,-0.5371791688,6.229158324
0,11750,56,B,8.739046151,4.052904592
0,11750,57,B,7.933478489,2.706218551
0,11750,58,B,3.65854363,3.89094208
0,11750,59,B,8.155315091,3.525572668
0,11750,60,B,5.19306619,3.329469943
0,11750,61,B,2.692745424,8.5682821
0,11750,62,B,10.5423243,8.034121507
0,11750,63,B,5.036559375,7.716384327
0,11750,64,B,3.408266206,7.898996759
0,11750,65,B,5.860660656,9.876619247
0,11750,66,B,4.251241554,8.257773522
0,11750,67,B,10.25859665,3.123208446
0,11750,68,B,4.997276794,5.951048852
0,11750,69,B,10.92839543,3.971557261
0,11750,70,B,11.23731532,6.632488031
0,11750,71,B,-0.4561190505,5.239601341
0,11750,72,B,10.94111909,8.898217046
0,11750,73,B,9.827862808,5.491082564
0,11750,74,B,4.087829646,6.52324689
0,11750,75,B,9.177219575,4.828408459
0,11750,76,B,9.562660903,10.20569293
0,11750,77,B,0.2849872598,5.698170682
0,11750,78,B,11.20024179,5.715739123
0,11750,79,B,5.195845969,8.534305838
0,11750,80,B,0.3130152058,4.688334859
0,11750,81,B,9.416149114,9.376669718
0,11750,82,B,5.038448793,5.057028073
0,11750,83,B,0.2321764439,6.608725446
0,11750,84,B,4.19860236,5.602000865
0,11750,85,B,8.66252072,9.932670425
0,11750,86,B,5.016104991,6.829612569
0,11750,87,B,5.324078455,4.240901712
0,11750,88,B,4.861023191,10.05911192
0,11750,89,B,4.520660445,4.073894486
0,11750,90,B,3.5521064,8.856333368
0,11750,91,B,11.39920541,4.742854024
0,11750,92,B,10.38959631,6.211777556
0,11750,93,B,5.402723917,9.305544141
0,11750,94,B,12.05259932,4.173095213
0,11750,95,B,4.308818427,3.144936756
0,11750,96,B,3.941926156,4.751832944
0,11750,97,B,10.07163241,8.719306453
0,11750,98,B,4.133732332,7.325589643
0,11750,99,B,9.628899188,2.411063072
0,11750,100,B,10.52627211,5.046469374
0,12000,1,A,3.191251122,6.130899431
0,12000,2,A,1.502723651,7.242275742
0,12000,3,A,8.047710904,6.400943421
0,12000,4,A,8.561314419,7.804052091
0,12000,5,A,9.210284396,8.422082059
0,12000,6,A,5.883717512,5.513023356
0,12000,7,A,9.303642017,1.566326178
0,12000,8,A,11.20110147,3.05550429
0,12000,9,A,7.812324791,8.238641494
0,12000,10,A,8.022784992,4.954684582
0,12000,11,A,7.837644269,9.24730618
0,12000,12,A,8.57890378,8.930020682
0,12000,13,A,6.203278323,8.764112434
0,12000,14,A,2.862783624,4.444856545
0,12000,15,A,1.176548646,4.879778594
0,12000,16,A,9.62858586,7.672789149
0,12000,17,A,7.02482574,4.970643869
0,12000,18,A,7.02043914,7.591637058
0,12000,19,A,3.141745214,6.938660393
0,12000,20,A,11.85893394,3.269638364
0,12000,21,A,6.673271124,5.784044744
0,12000,22,A,2.957508036,10.40658061
0,12000,23,A,8.580525293,5.544512094
0,12000,24,A,6.939993211,9.397985415
0,12000,25,A,1.259612198,5.735644145
0,12000,26,A,3.186772739,5.300316126
0,12000,27,A,2.091271152,5.036244472
0,12000,28,A,7.544887808,5.812402558
0,12000,29,A,9.14358135,6.115674159
0,12000,30,A,7.648662851,4.212075487
0,12000,31,A,6.802049152,4.042251421
0,12000,32,A,9.70436728,6.80599961
0,12000,33,A,9.993763179,4.436669065
0,12000,34,A,9.680434645,3.856932551
0,12000,35,A,6.061653825,4.707134571
0,12000,36,A,7.804073805,7.202483019
0,12000,37,A,1.175921989,6.504073716
0,12000,38,A,5.966024709,7.141084657
0,12000,39,A,2.305720129,5.756427746
0,12000,40,A,6.053631991,7.934850273
0,12000,41,A,1.925632148,4.222534992
0,12000,42,A,2.33868418,7.500771783
0,12000,43,A,2.836480602,9.54015239
0,12000,44,A,3.759312606,9.7169634
0,12000,45,A,5.942850351,6.382140105
0,12000,46,A,3.801086563,10.51011512
0,12000,47,A,6.892915987,6.703983556
0,12000,48,A,2.202386268,6.601832218
0,12000,49,A,8.800595525,6.982345321
0,12000,50,A,7.030210579,8.518442396
0,12000,51,B,9.158688009,3.252919875
0,12000,52,B,4.356669591,9.146387276
0,12000,53,B,8.80281708,2.39158526
0,12000,54,B,10.33511809,9.704052378
0,12000,55,B,-0.5699745197,6.232246254
0,12000,56,B,8.676067116,4.1046038
0,12000,57,B,8.033057725,2.545911255
0,12000,58,B,3.626151128,3.843601131
0,12000,59,B,8.156881734,3.419667624
0,12000,60,B,5.27462608,3.441260525
0,12000,61,B,2.679195146,8.347135134
0,12000,62,B,10.46705302,8.029983678
0,12000,63,B,5.12206417,7.603439098
0,12000,64,B,3.365683794,7.787867318
0,12000,65,B,5.880184644,9.757270992
0,12000,66,B,4.308894004,8.211714228
0,12000,67,B,10.30161555,3.22383729
0,12000,68,B,5.003230036,5.931622483
0,12000,69,B,10.93126872,4.015281785
0,12000,70,B,11.131193,6.627449583
0,12000,71,B,-0.429798131,5.17023731
0,12000,72,B,10.9145397,8.969383563
0,12000,73,B,9.880926104,5.454448445
0,12000,74,B,4.109617056,6.3919021
0,12000,75,B,9.142580241,4.916896216
0,12000,76,B,9.507641046,10.30788212
0,12000,77,B,0.3083152778,5.718872409
0,12000,78,B,11.25197581,5.731063737
0,12000,79,B,5.17941562,8.497849643
0,12000,80,B,0.3385207783,4.773615329
0,12000,81,B,9.417263172,9.459673298
0,12000,82,B,4.973857813,5.024734921
0,12000,83,B,0.2039768758,6.609665432
0,12000,84,B,4.124401175,5.501176108
0,12000,85,B,8.632827778,9.96196742
0,12000,86,B,4.881563135,6.825154349
0,12000,87,B,5.615283812,4.156513452
0,12000,88,B,4.830586014,10.06849912
0,12000,89,B,4.618648732,4.151137741
0,12000,90,B,3.484717147,8.749266332
0,12000,91,B,11.37100584,4.745987309
0,12000,92,B,10.32354855,6.233984519
0,12000,93,B,5.266123698,9.291844283
0,12000,94,B,12.078815,4.155049694
0,12000,95,B,4.385975941,3.23523403
0,12000,96,B,3.916139024,4.650668405
0,12000,97,B,10.01202756,8.787054694
0,12000,98,B,4.090275711,7.335666539
0,12000,99,B,9.700524826,2.500298405
0,12000,100,B,10.62167986,5.125362035
0,12250,1,A,3.185190272,6.007046042
0,12250,2,A,1.499253419,7.279298893
0,12250,3,A,7.969360171,6.3934926
0,12250,4,A,8.532824533,7.843189989
0,12250,5,A,9.231382899,8.467428099
0,12250,6,A,5.829501239,5.66090822
0,12250,7,A,9.276728939,1.616397354
0,12250,8,A,11.13309021,3.078065067
0,12250,9,A,7.787154064,8.244300395
0,12250,10,A,8.13781234,4.815282799
0,12250,11,A,7.848013801,9.299716863
0,12250,12,A,8.573295356,8.933623171
0,12250,13,A,6.193828082,8.845311761
0,12250,14,A,2.724078277,4.363099841
0,12250,15,A,1.108143832,4.83470652
0,12250,16,A,9.555418139,7.662221003
0,12250,17,A,7.172546758,4.968540316
0,12250,18,A,6.972729024,7.617780508
0,12250,19,A,3.191203648,6.7697953
0,12250,20,A,11.82870325,3.123838252
0,12250,21,A,6.66535246,5.795944898
0,12250,22,A,3.017448734,10.53638407
0,12250,23,A,8.562097815,5.552877914
0,12250,24,A,6.833367974,9.439139012
0,12250,25,A,1.221667955,5.620487249
0,12250,26,A,3.111871936,5.220777659
0,12250,27,A,2.124965779,5.005383973
0,12250,28,A,7.590738012,5.751074395
0,12250,29,A,9.133840104,6.173512112
0,12250,30,A,7.654881101,4.113489235
0,12250,31,A,6.74690333,4.209882187
0,12250,32,A,9.656472099,6.896674369
0,12250,33,A,10.11248163,4.374003358
0,12250,34,A,9.603598304,3.920542967
0,12250,35,A,6.14405923,4.880405251
0,12250,36,A,7.727091033,7.210020224
0,12250,37,A,1.224343057,6.416464538
0,12250,38,A,5.935069097,7.316847934
0,12250,39,A,2.235599092,5.815690926
0,12250,40,A,6.103260056,8.050644373
0,12250,41,A,1.710330706,4.204299242
0,12250,42,A,2.414046778,7.420690362
0,12250,43,A,2.737668507,9.628997304
0,12250,44,A,3.583972043,9.726477289
0,12250,45,A,5.965775294,6.536659883
0,12250,46,A,3.850459544,10.52150888
0,12250,47,A,6.905075002,6.685589147
0,12250,48,A,2.167215538,6.612981626
0,12250,49,A,8.661027346,6.96278669
0,12250,50,A,7.092191375,8.604941538
0,12250,51,B,9.154890085,3.148793523
0,12250,52,B,4.329887016,9.076187654
0,12250,53,B,8.923722622,2.340989271
0,12250,54,B,10.44606001,9.75047066
0,12250,55,B,-0.5956375438,6.288817012
0,12250,56,B,8.731631758,4.067287788
0,12250,57,B,8.05364549,2.629125561
0,12250,58,B,3.629284413,3.908773466
0,12250,59,B,8.167955297,3.393710165
0,12250,60,B,5.24605965,3.494239815
0,12250,61,B,2.716871721,8.455170499
0,12250,62,B,10.46735544,7.974445023
0,12250,63,B,4.961244013,7.583177188
0,12250,64,B,3.272225976,7.799665053
0,12250,65,B,5.791564629,9.805303153
0,12250,66,B,4.135306847,8.152525051
0,12250,67,B,10.24977936,3.256727339
0,12250,68,B,5.006397616,5.936718359
0,12250,69,B,11.03168363,3.999583632
0,12250,70,B,11.04107089,6.626898501
0,12250,71,B,-0.4619627737,5.256676607
0,12250,72,B,10.8928665,8.904796946
0,12250,73,B,9.868282189,5.413063759
0,12250,74,B,4.096573772,6.367969472
0,12250,75,B,9.222198751,4.931164473
0,12250,76,B,9.759790216,10.2847336
0,12250,77,B,0.2927517351,5.848799307
0,12250,78,B,11.06707716,5.833863981
0,12250,79,B,5.14960957,8.397519621
0,12250,80,B,0.2462541848,4.874069401
0,12250,81,B,9.497301204,9.426802284
0,12250,82,B,5.05367593,5.048036017
0,12250,83,B,0.2136900604,6.670137839
0,12250,84,B,4.142795586,5.442563407
0,12250,85,B,8.795845477,9.960124679
0,12250,86,B,4.923911383,6.767275888
0,12250,87,B,5.703826404,4.125960023
0,12250,88,B,4.749682697,9.909998969
0,12250,89,B,4.705911173,4.271659868
0,12250,90,B,3.500777202,8.827362285
0,12250,91,B,11.48129748,4.890745092
0,12250,92,B,10.15975685,6.147252649
0,12250,93,B,5.275825861,9.173946157
0,12250,94,B,12.05889738,4.1097997
0,12250,95,B,4.45367383,3.31152047
0,12250,96,B,3.886520905,4.621985594
0,12250,97,B,10.06254588,8.749385993
0,12250,98,B,4.010605239,7.283008452
0,12250,99,B,9.889646207,2.452692119
0,12250,100,B,10.7095693,4.967510583
0,12500,1,A,3.228700968,6.005830962
0,12500,2,A,1.458401905,7.235040705
0,12500,3,A,7.971950865,6.318636226
0,12500,4,A,8.563582172,7.733574884
0,12500,5,A,9.172379514,8.467076983
0,12500,6,A,5.851410379,5.665919886
0,12500,7,A,9.313495824,1.435699403
0,12500,8,A,11.12993338,2.990319358
0,12500,9,A,7.882405938,8.258400179
0,12500,10,A,8.12877102,4.774752739
0,12500,11,A,7.868660629,9.384031353
0,12500,12,A,8.507735691,8.922777911
0,12500,13,A,6.187844924,8.949544672
0,12500,14,A,2.769389927,4.362091605
0,12500,15,A,1.196946491,4.83880026
0,12500,16,A,9.555266983,7.624223226
0,12500,17,A,7.169270194,5.05148263
0,12500,18,A,7.022005783,7.714461844
0,12500,19,A,3.062473095,6.914847424
0,12500,20,A,11.76369379,3.322529543
0,12500,21,A,6.624841292,5.799109833
0,12500,22,A,2.981502074,10.50107199
0,12500,23,A,8.616534694,5.536515202
0,12500,24,A,6.985010863,9.45207745
0,12500,25,A,1.240088209,5.646841485
0,12500,26,A,3.106203681,5.221722368
0,12500,27,A,2.142112406,5.072819993
0,12500,28,A,7.583803845,5.730465564
0,12500,29,A,9.200837302,6.0924293
0,12500,30,A,7.542242939,4.084292553
0,12500,31,A,6.722150375,4.187009204
0,12500,32,A,9.610726133,6.779802826
0,12500,33,A,10.06619088,4.351330339
0,12500,34,A,9.594151211,3.891256984
0,12500,35,A,6.170356672,4.810700729
0,12500,36,A,7.73451487,7.173970122
0,12500,37,A,1.2100748,6.422921625
0,12500,38,A,6.135912688,7.306508092
0,12500,39,A,2.239045706,5.913449428
0,12500,40,A,6.130217666,8.079782448
0,12500,41,A,1.781451985,4.216685002
0,12500,42,A,2.2717106,7.581920722
0,12500,43,A,2.778910771,9.641745658
0,12500,44,A,3.6170646,9.689371596
0,12500,45,A,5.903802374,6.573286259
0,12500,46,A,3.859451776,10.54925216
0,12500,47,A,6.936369472,6.687596066
0,12500,48,A,2.266042345,6.695783541
0,12500,49,A,8.626561207,6.92205398
0,12500,50,A,7.091878046,8.607448167
0,12500,51,B,9.163919643,3.035840169
0,12500,52,B,4.505350995,9.093734052
0,12500,53,B,8.903253922,2.189835807
0,12500,54,B,10.35527189,9.718852821
0,12500,55,B,-0.4781043524,6.350230997
0,12500,56,B,8.735286209,3.985538957
0,12500,57,B,8.144047735,2.633830307
0,12500,58,B,3.534659196,3.903133552
0,12500,59,B,8.195107815,3.474500117
0,12500,60,B,5.151434433,3.563485421
0,12500,61,B,2.825337198,8.534246393
0,12500,62,B,10.51373897,8.024343764
0,12500,63,B,4.986756126,7.566338505
0,12500,64,B,3.301329204,7.876861113
0,12500,65,B,5.76994496,9.937527795
0,12500,66,B,4.258103132,8.091472028
0,12500,67,B,10.22805105,3.150919914
0,12500,68,B,5.000660427,5.973081044
0,12500,69,B,10.91417284,3.956399403
0,12500,70,B,11.18266374,6.621359868
0,12500,71,B,-0.4889824096,5.288289374
0,12500,72,B,10.86069128,9.026381013
0,12500,73,B,9.861818804,5.449397273
0,12500,74,B,4.121523541,6.40694187
0,12500,75,B,9.151082624,4.863992504
0,12500,76,B,9.66018372,10.2600286
0,12500,77,B,0.2794890526,5.745192005
0,12500,78,B,11.21621682,5.797994949
0,12500,79,B,5.195900318,8.346190423
0,12500,80,B,0.2264152927,4.80573544
0,12500,81,B,9.447168639,9.351290107
0,12500,82,B,5.068128014,5.059398463
0,12500,83,B,0.2990863282,6.646679345
0,12500,84,B,4.186006238,5.513322592
0,12500,85,B,8.808291757,10.01147333
0,12500,86,B,5.001097532,6.850827079
0,12500,87,B,5.571894559,4.240799368
0,12500,88,B,4.726694774,9.925429221
0,12500,89,B,4.525471725,4.228518149
0,12500,90,B,3.700110832,8.780126831
0,12500,91,B,11.32431989,4.837165913
0,12500,92,B,10.37259155,6.259327916
0,12500,93,B,5.387684148,9.225958693
0,12500,94,B,11.97135433,4.200806681
0,12500,95,B,4.244974983,3.337262219
0,12500,96,B,3.928199835,4.750373909
0,12500,97,B,10.03711327,8.658779489
0,12500,98,B,3.887467125,7.196843105
0,12500,99,B,9.885751433,2.410582844
0,12500,100,B,10.580267,5.040556461
0,12750,1,A,3.170443903,6.128328248
0,12750,2,A,1.391116339,7.181302943
0,12750,3,A,8.008990666,6.418848354
0,12750,4,A,8.573808075,7.786688821
0,12750,5,A,9.154573592,8.373467708
0,12750,6,A,5.796891214,5.721379037
0,12750,7,A,9.373089269,1.554361453
0,12750,8,A,11.14725305,2.898997474
0,12750,9,A,7.797048076,8.327680082
0,12750,10,A,8.15221015,4.891074166
0,12750,11,A,7.719592204,9.446380567
0,12750,12,A,8.416944418,8.941456384
0,12750,13,A,6.147192515,8.825524826
0,12750,14,A,2.824321584,4.477636229
0,12750,15,A,1.166330395,4.564931741
0,12750,16,A,9.633599116,7.649289509
0,12750,17,A,7.126344185,5.065269086
0,12750,18,A,7.005018338,7.618449477
0,12750,19,A,3.022680371,7.006652685
0,12750,20,A,11.69303918,3.270704558
0,12750,21,A,6.696728252,5.879239936
0,12750,22,A,2.951271381,10.40628618
0,12750,23,A,8.620965604,5.603516869
0,12750,24,A,6.758449248,9.470079409
0,12750,25,A,1.135578567,5.488313246
0,12750,26,A,2.991660846,5.341624853
0,12750,27,A,2.017835761,5.071848985
0,12750,28,A,7.649624883,5.748870073
0,12750,29,A,9.144469656,6.12549412
0,12750,30,A,7.615136698,4.228055242
0,12750,31,A,6.629204724,4.301348671
0,12750,32,A,9.677600519,6.744593516
0,12750,33,A,10.0687101,4.35038563
0,12750,34,A,9.577461353,3.846540751
0,12750,35,A,6.095893234,4.973893668
0,12750,36,A,7.744095792,7.285282051
0,12750,37,A,1.103420286,6.391272291
0,12750,38,A,6.048342873,7.333147315
0,12750,39,A,2.072062066,5.87861013
0,12750,40,A,6.107229743,8.071909868
0,12750,41,A,1.965624835,4.206474936
0,12750,42,A,2.228883785,7.496581998
0,12750,43,A,2.888920577,9.514480738
0,12750,44,A,3.676178201,9.686102902
0,12750,45,A,5.894336388,6.553892953
0,12750,46,A,3.844966235,10.50988928
0,12750,47,A,6.939203598,6.698302765
0,12750,48,A,2.178259971,6.603712189
0,12750,49,A,8.73497288,7.009159313
0,12750,50,A,7.063590307,8.601576797
0,12750,51,B,9.146075508,3.133597113
0,12750,52,B,4.471824842,9.173946157
0,12750,53,B,8.833984697,2.279151759
0,12750,54,B,10.3636546,9.781490185
0,12750,55,B,-0.5262029959,6.428430856
0,12750,56,B,8.717776025,4.06539837
0,12750,57,B,8.135520286,2.702812875
0,12750,58,B,3.690978644,3.984783189
0,12750,59,B,8.077578125,3.51400313
0,12750,60,B,5.096705857,3.575094322
0,12750,61,B,2.687382625,8.515293363
0,12750,62,B,10.57076476,8.202314372
0,12750,63,B,5.060882486,7.583803845
0,12750,64,B,3.251410201,7.923765305
0,12750,65,B,5.794045937,9.974291678
0,12750,66,B,4.257194796,8.083249529
0,12750,67,B,10.35779111,3.252003793
0,12750,68,B,4.869752081,5.892769745
0,12750,69,B,10.96492419,4.040206126
0,12750,70,B,11.14885591,6.688624222
0,12750,71,B,-0.428633435,5.3059054
0,12750,72,B,10.9792227,9.127562398
0,12750,73,B,9.866715546,5.490142578
0,12750,74,B,4.073584275,6.506580344
0,12750,75,B,9.197058466,4.880052559
0,12750,76,B,9.567699358,10.20852706
0,12750,77,B,0.285617066,5.706987968
0,12750,78,B,11.24880771,5.823524139
0,12750,79,B,5.118434168,8.433103666
0,12750,80,B,0.2353097293,4.687394874
0,12750,81,B,9.479128149,9.260111504
0,12750,82,B,5.031742933,5.0687157
0,12750,83,B,0.2002169334,6.64413157
0,12750,84,B,4.019023021,5.572571365
0,12750,85,B,8.785165279,9.80072761
0,12750,86,B,4.980520732,6.758855021
0,12750,87,B,5.644007357,4.196083135
0,12750,88,B,4.768233635,10.04249285
0,12750,89,B,4.603882585,4.273234383
0,12750,90,B,3.659552573,8.697750697
0,12750,91,B,11.35426265,4.898104337
0,12750,92,B,10.4091203,6.235395284
0,12750,93,B,5.378650621,9.297907341
0,12750,94,B,11.93029727,4.228681899
0,12750,95,B,4.335213601,3.20660422
0,12750,96,B,3.875560641,4.795179889
0,12750,97,B,10.07006576,8.784792117
0,12750,98,B,3.956756818,7.260089811
0,12750,99,B,9.793621144,2.50163996
0,12750,100,B,10.58893782,5.084695455
0,13000,1,A,3.132340634,6.100616779
0,13000,2,A,1.317562312,7.148005
0,13000,3,A,8.174428132,6.469920905
0,13000,4,A,8.728706309,7.932538504
0,13000,5,A,9.362256606,8.410364518
0,13000,6,A,5.805664413,5.656833359
0,13000,7,A,9.328373039,1.630882894
0,13000,8,A,11.13287615,2.943408251
0,13000,9,A,7.774029082,8.424106663
0,13000,10,A,8.047710904,4.970855872
0,13000,11,A,7.872261338,9.365846498
0,13000,12,A,8.580478294,8.918999075
0,13000,13,A,6.172416242,8.788163908
0,13000,14,A,2.865786953,4.513489743
0,13000,15,A,1.190333527,4.671901644
0,13000,16,A,9.732078745,7.521459337
0,13000,17,A,7.093820996,5.173542201
0,13000,18,A,7.028636065,7.746929924
0,13000,19,A,3.06274706,6.933535347
0,13000,20,A,11.79343411,3.274361909
0,13000,21,A,6.635045043,6.068547053
0,13000,22,A,2.939274847,10.2831893
0,13000,23,A,8.521596148,5.541528458
0,13000,24,A,6.916964767,9.54607601
0,13000,25,A,1.118850535,5.557409019
0,13000,26,A,3.121891579,5.338295342
0,13000,27,A,2.048541957,5.024849705
0,13000,28,A,7.535864579,5.953555481
0,13000,29,A,9.110775032,6.129272957
0,13000,30,A,7.639889653,4.258761439
0,13000,31,A,6.785216009,4.28331128
0,13000,32,A,9.648629436,6.694523929
0,13000,33,A,10.1571446,4.355110742
0,13000,34,A,9.651458843,3.922559921
0,13000,35,A,6.212678179,4.954350785
0,13000,36,A,7.840456129,7.450606155
0,13000,37,A,1.262131423,6.302154731
0,13000,38,A,6.040347485,7.218462774
0,13000,39,A,2.160384419,5.80797165
0,13000,40,A,6.063847125,7.962304714
0,13000,41,A,2.011285778,4.145698647
0,13000,42,A,2.251241902,7.507288703
0,13000,43,A,2.793323884,9.495107904
0,13000,44,A,3.712629803,9.666811941
0,13000,45,A,5.941275837,6.538332017
0,13000,46,A,3.815995155,10.50737005
0,13000,47,A,7.182819278,6.858096978
0,13000,48,A,2.199223364,6.661582879
0,13000,49,A,8.73277958,7.127597499
0,13000,50,A,6.961876621,8.704864997
0,13000,51,B,9.228921352,3.232247524
0,13000,52,B,4.450195867,9.14547049
0,13000,53,B,8.937383113,2.4091831
0,13000,54,B,10.40978669,9.838515978
0,13000,55,B,-0.6028441,6.340516221
0,13000,56,B,8.732450817,4.10938862
0,13000,57,B,8.1983922,2.793554506
0,13000,58,B,3.568185349,3.976452429
0,13000,59,B,8.079489586,3.562858764
0,13000,60,B,5.064075008,3.455655199
0,13000,61,B,2.764848776,8.444440175
0,13000,62,B,10.49805703,8.159881623
0,13000,63,B,5.03066369,7.645216238
0,13000,64,B,3.368671456,7.795800997
0,13000,65,B,5.913023863,9.896505137
0,13000,66,B,4.267221309,8.151868478
0,13000,67,B,10.37877033,3.247539485
0,13000,68,B,4.973263862,5.900653343
0,13000,69,B,11.06175058,4.059171162
0,13000,70,B,11.03762428,6.774162912
0,13000,71,B,-0.3838668175,5.361854225
0,13000,72,B,10.99798901,8.978515749
0,13000,73,B,9.823640787,5.459195847
0,13000,74,B,4.073897603,6.408195184
0,13000,75,B,9.160529711,4.908078931
0,13000,76,B,9.514480738,10.35149304
0,13000,77,B,0.3108093099,5.70415384
0,13000,78,B,11.23164707,5.830429963
0,13000,79,B,5.165669625,8.476875193
0,13000,80,B,0.228103173,4.698674701
0,13000,81,B,9.484141406,9.417715756
0,13000,82,B,5.020814223,5.017350289
0,13000,83,B,0.2635738525,6.662088918
0,13000,84,B,4.12837898,5.586695003
0,13000,85,B,8.792312002,9.935961152
0,13000,86,B,4.990785513,6.832461007
0,13000,87,B,5.605760808,4.24340834
0,13000,88,B,4.822141732,10.01279523
0,13000,89,B,4.674420868,4.229147956
0,13000,90,B,3.59556302,8.720925052
0,13000,91,B,11.38228567,4.95748407
0,13000,92,B,10.36553457,6.231477891
0,13000,93,B,5.400902203,9.31609182
0,13000,94,B,11.95317026,4.200169003
0,13000,95,B,4.134987172,3.366857524
0,13000,96,B,3.918653549,4.742439927
0,13000,97,B,10.10177493,8.923407714
0,13000,98,B,4.036924836,7.199036405
0,13000,99,B,9.857845698,2.460798131
0,13000,100,B,10.56814634,5.10835727
0,13250,1,A,3.12163393,6.055585643
0,13250,2,A,1.369872352,7.149217168
0,13250,3,A,8.140873635,6.50148836
0,13250,4,A,8.581737906,7.899657901
0,13250,5,A,9.26267737,8.507259419
0,13250,6,A,5.837937252,5.717932423
0,13250,7,A,9.507237967,1.680322672
0,13250,8,A,11.1703205,2.891484333
0,13250,9,A,7.745794697,8.445770643
0,13250,10,A,8.140873635,5.019869513
0,13250,11,A,7.898373223,9.447868564
0,13250,12,A,8.533759844,8.914118858
0,13250,13,A,6.11617299,8.813931671
0,13250,14,A,2.890142401,4.402579236
0,13250,15,A,1.220231734,4.642351908
0,13250,16,A,9.61154765,7.677952057
0,13250,17,A,7.116944329,5.185273915
0,13250,18,A,6.992552901,7.721041743
0,13250,19,A,2.92639404,6.940778118
0,13250,20,A,11.70148242,3.363794376
0,13250,21,A,6.608098789,6.144372558
0,13250,22,A,2.892699413,10.4399808
0,13250,23,A,8.585516742,5.654084255
0,13250,24,A,6.869728115,9.442782039
0,13250,25,A,1.153362335,5.437816713
0,13250,26,A,3.145945082,5.229421589
0,13250,27,A,2.152880359,5.022656405
0,13250,28,A,7.561137126,5.905691792
0,13250,29,A,9.228863675,6.142813788
0,13250,30,A,7.613256727,4.353073327
0,13250,31,A,6.72967026,4.287900992
0,13250,32,A,9.741070804,6.867534815
0,13250,33,A,10.11576426,4.370458314
0,13250,34,A,9.690311581,3.863967485
0,13250,35,A,6.219650132,5.031835829
0,13250,36,A,7.825419117,7.438201165
0,13250,37,A,1.225741226,6.257484159
0,13250,38,A,6.084586942,7.283464201
0,13250,39,A,2.186093184,5.813497626
0,13250,40,A,5.987596956,7.993853877
0,13250,41,A,2.001561384,4.142795586
0,13250,42,A,2.242805649,7.581923874
0,13250,43,A,2.733791462,9.577826637
0,13250,44,A,3.576331891,9.638299044
0,13250,45,A,5.807127137,6.633432742
0,13250,46,A,3.858327572,10.3351417
0,13250,47,A,7.156110396,6.804869109
0,13250,48,A,2.117160906,6.643191585
0,13250,49,A,8.797638587,7.037985538
0,13250,50,A,6.955576969,8.633625343
0,13250,51,B,9.120222119,3.266174431
0,13250,52,B,4.435478732,9.219378794
0,13250,53,B,9.014099794,2.459077914
0,13250,54,B,10.40156735,9.81250971
0,13250,55,B,-0.7438419405,6.43890138
0,13250,56,B,8.643502774,4.035546814
0,13250,57,B,8.140558734,2.845463956
0,13250,58,B,3.555965536,3.912846737
0,13250,59,B,7.911624219,3.580762577
0,13250,60,B,5.159686467,3.572575097
0,13250,61,B,2.750084546,8.428224245
0,13250,62,B,10.45044661,8.189154573
0,13250,63,B,4.958463419,7.695285824
0,13250,64,B,3.380169334,7.68646854
0,13250,65,B,5.878787847,9.972843956
0,13250,66,B,4.17896087,8.232902098
0,13250,67,B,10.31527919,3.219568779
0,13250,68,B,4.953739873,5.96331905
0,13250,69,B,10.99689157,4.049457978
0,13250,70,B,10.75356,6.724872123
0,13250,71,B,-0.4671728447,5.46852291
0,13250,72,B,10.99169095,8.983869099
0,13250,73,B,9.798753471,5.276961478
0,13250,74,B,3.968204562,6.438355781
0,13250,75,B,9.09054057,4.815998487
0,13250,76,B,9.531170602,10.36534878
0,13250,77,B,0.2481436031,5.845230406
0,13250,78,B,11.15543113,5.842252144
0,13250,79,B,5.072162314,8.534129289
0,13250,80,B,0.2522373427,4.873754498
0,13250,81,B,9.516055258,9.514795646
0,13250,82,B,5.035411092,5.078770698
0,13250,83,B,0.2538118579,6.633747643
0,13250,84,B,4.132787622,5.593307967
0,13250,85,B,8.705809708,9.947472435
0,13250,86,B,4.915984407,6.804061623
0,13250,87,B,5.670933143,4.334586944
0,13250,88,B,4.854712311,10.07915229
0,13250,89,B,4.679459316,4.247412333
0,13250,90,B,3.503639671,8.687660271
0,13250,91,B,11.53703723,4.842406761
0,13250,92,B,10.2226977,6.006145865
0,13250,93,B,5.409617145,9.339383623
0,13250,94,B,12.05048883,4.193854958
0,13250,95,B,4.165076207,3.39052807
0,13250,96,B,3.979116501,4.770387964
0,13250,97,B,10.06902501,8.888138577
0,13250,98,B,4.053117151,7.216633186
0,13250,99,B,9.970740619,2.471848807
0,13250,100,B,10.68763631,5.079995527
0,13500,1,A,3.127049949,6.109126995
0,13500,2,A,1.338739031,7.117701932
0,13500,3,A,8.179425879,6.53584709
0,13500,4,A,8.546662431,7.948831587
0,13500,5,A,9.257918204,8.512822949
0,13500,6,A,5.818148744,5.828225642
0,13500,7,A,9.388576203,1.6866475
0,13500,8,A,11.14626699,2.852555636
0,13500,9,A,7.694408817,8.488696652
0,13500,10,A,8.131188794,5.044276074
0,13500,11,A,7.913026395,9.458468732
0,13500,12,A,8.523165943,8.930650485
0,13500,13,A,6.120140768,8.968753754
0,13500,14,A,2.886401353,4.371169231
0,13500,15,A,1.252369428,4.631908956
0,13500,16,A,9.521114173,7.70662863
0,13500,17,A,7.173030136,5.150807776
0,13500,18,A,7.117438724,7.651199396
0,13500,19,A,2.982950945,6.91190087
0,13500,20,A,11.68542236,3.292941189
0,13500,21,A,6.643194737,5.913249465
0,13500,22,A,2.815233263,10.42864429
0,13500,23,A,8.649766506,5.661751667
0,13500,24,A,7.015425884,9.420849042
0,13500,25,A,1.166330395,5.457840121
0,13500,26,A,3.152398384,5.241046394
0,13500,27,A,2.177319985,5.019836448
0,13500,28,A,7.598925487,5.946629188
0,13500,29,A,9.250711648,6.218004764
0,13500,30,A,7.601568482,4.324245543
0,13500,31,A,6.718703762,4.346493428
0,13500,32,A,9.909684068,6.960302107
0,13500,33,A,10.06505251,4.368739754
0,13500,34,A,9.616337565,3.848877077
0,13500,35,A,6.120667197,5.013573043
0,13500,36,A,7.898083388,7.355505431
0,13500,37,A,1.258982392,6.256493789
0,13500,38,A,6.130478495,7.332204196
0,13500,39,A,2.178108054,5.794045937
0,13500,40,A,6.111309383,8.057687535
0,13500,41,A,1.978043037,4.13029674
0,13500,42,A,2.321780185,7.516420889
0,13500,43,A,2.65998606,9.510701902
0,13500,44,A,3.451290423,9.584735456
0,13500,45,A,5.899617766,6.709595408
0,13500,46,A,3.764930727,10.31178236
0,13500,47,A,7.046445409,6.718390433
0,13500,48,A,2.127469099,6.642248435
0,13500,49,A,8.902309211,7.031155289
0,13500,50,A,6.85827352,8.531038517
0,13500,51,B,9.07935679,3.279505326
0,13500,52,B,4.417145077,9.28397171
0,13500,53,B,8.991902278,2.523234687
0,13500,54,B,10.33545503,9.847915834
0,13500,55,B,-0.7012890912,6.460550966
0,13500,56,B,8.623549512,4.094783054
0,13500,57,B,8.09821759,2.776620823
0,13500,58,B,3.617921136,3.991711056
0,13500,59,B,7.914678777,3.521812726
0,13500,60,B,5.22613101,3.564072715
0,13500,61,B,2.835857063,8.351062807
0,13500,62,B,10.49073816,8.069223013
0,13500,63,B,5.038322832,7.666835906
0,13500,64,B,3.463303739,7.728665546
0,13500,65,B,6.037108198,9.944517672
0,13500,66,B,4.303668744,8.209207599
0,13500,67,B,10.32292189,3.215064091
0,13500,68,B,4.984772137,6.008945003
0,13500,69,B,10.91848617,4.017152403
0,13500,70,B,10.86466693,6.550759667
0,13500,71,B,-0.3082900855,5.460103977
0,13500,72,B,10.85722734,9.008116635
0,13500,73,B,9.794744452,5.314933671
0,13500,74,B,4.048517992,6.296336897
0,13500,75,B,9.08120091,4.819306186
0,13500,76,B,9.549074865,10.43011748
0,13500,77,B,0.349227482,5.765874838
0,13500,78,B,11.32087327,5.760545104
0,13500,79,B,5.131974999,8.503956855
0,13500,80,B,0.2468839908,4.690480923
0,13500,81,B,9.43197614,9.495586557
0,13500,82,B,5.090962026,5.088455397
0,13500,83,B,0.2384430146,6.647578184
0,13500,84,B,4.123403512,5.496722478
0,13500,85,B,8.72825689,10.01733479
0,13500,86,B,4.915184718,6.855315003
0,13500,87,B,5.696626083,4.279441122
0,13500,88,B,4.852970897,10.02871742
0,13500,89,B,4.671415118,4.161942921
0,13500,90,B,3.639624255,8.726199681
0,13500,91,B,11.51012371,4.854712311
0,13500,92,B,10.23371931,5.995124258
0,13500,93,B,5.388310805,9.350976778
0,13500,94,B,11.92569339,4.227888343
0,13500,95,B,4.263762225,3.291976113
0,13500,96,B,4.06606439,4.744420667
0,13500,97,B,10.05314602,8.870017478
0,13500,98,B,4.048017602,7.162284992
0,13500,99,B,9.926561296,2.429549455
0,13500,100,B,10.68029413,5.069998632
0,13750,1,A,2.997562129,6.113842707
0,13750,2,A,1.225878405,7.048489056
0,13750,3,A,8.299132889,6.541986468
0,13750,4,A,8.487443338,7.957604786
0,13750,5,A,9.145414366,8.512144336
0,13750,6,A,5.882743232,5.752085233
0,13750,7,A,9.342830237,1.661581218
0,13750,8,A,11.12848955,2.653892686
0,13750,9,A,7.676708143,8.276644805
0,13750,10,A,8.1780322,5.168818656
0,13750,11,A,7.80770621,9.330892263
0,13750,12,A,8.494509761,9.020397854
0,13750,13,A,6.115233004,8.850904438
0,13750,14,A,2.899080176,4.494523753
0,13750,15,A,1.29897508,4.530195271
0,13750,16,A,9.609053492,7.841631142
0,13750,17,A,7.172403479,5.012629892
0,13750,18,A,7.007647227,7.555114801
0,13750,19,A,3.004524463,6.857062473
0,13750,20,A,11.52234352,3.231983832
0,13750,21,A,6.768836327,5.922535956
0,13750,22,A,2.799590454,10.34704819
0,13750,23,A,8.761547551,5.712971126
0,13750,24,A,6.972499874,9.445288667
0,13750,25,A,0.9860448975,5.31655857
0,13750,26,A,3.051506596,5.397397332
0,13750,27,A,2.112999462,5.008847906
0,13750,28,A,7.626729854,5.888696474
0,13750,29,A,9.347897028,6.27601778
0,13750,30,A,7.761730367,4.382190838
0,13750,31,A,6.750261773,4.208364354
0,13750,32,A,9.97675842,7.029895677
0,13750,33,A,10.06223255,4.310773975
0,13750,34,A,9.589427664,3.85472823
0,13750,35,A,6.262205911,4.985197278
0,13750,36,A,7.946263553,7.308584877
0,13750,37,A,1.121716153,6.177585383
0,13750,38,A,6.015907859,7.281381017
0,13750,39,A,1.976931578,5.742797614
0,13750,40,A,6.061568802,8.020895577
0,13750,41,A,2.03017996,4.067287788
0,13750,42,A,2.261292032,7.427452906
0,13750,43,A,2.555123344,9.417175697
0,13750,44,A,3.315670609,9.492139856
0,13750,45,A,6.01998113,6.562039494
0,13750,46,A,3.722841819,10.19268634
0,13750,47,A,7.169583522,6.731236903
0,13750,48,A,2.004362634,6.607472132
0,13750,49,A,9.030755016,7.11036443
0,13750,50,A,6.921598795,8.553401332
0,13750,51,B,9.161726344,3.191564451
0,13750,52,B,4.385979028,9.202862345
0,13750,53,B,8.967494142,2.389799243
0,13750,54,B,10.3268654,9.96669583
0,13750,55,B,-0.6846228475,6.477754119
0,13750,56,B,8.635271427,4.000843245
0,13750,57,B,8.17247253,2.751117141
0,13750,58,B,3.587845545,3.983481277
0,13750,59,B,7.947467499,3.506747637
0,13750,60,B,5.26955929,3.596071588
0,13750,61,B,2.933894458,8.403534589
0,13750,62,B,10.49319942,8.172049041
0,13750,63,B,5.095761148,7.658442167
0,13750,64,B,3.339365105,7.657687027
0,13750,65,B,5.997513448,9.939841124
0,13750,66,B,4.314220589,7.988624311
0,13750,67,B,10.35075357,3.247704818
0,13750,68,B,5.067462386,5.964521979
0,13750,69,B,10.94099155,4.058785406
0,13750,70,B,10.83518413,6.604146757
0,13750,71,B,-0.4258134782,5.384237534
0,13750,72,B,10.80544783,9.082454225
0,13750,73,B,9.777730242,5.289925645
0,13750,74,B,4.14903098,6.276547318
0,13750,75,B,9.056761285,4.759147108
0,13750,76,B,9.525814101,10.42600698
0,13750,77,B,0.2138740045,5.774909892
0,13750,78,B,11.26880563,5.803978107
0,13750,79,B,5.109448409,8.570162071
0,13750,80,B,0.174071408,4.667962175
0,13750,81,B,9.374789747,9.482261434
0,13750,82,B,5.039393503,5.048840594
0,13750,83,B,0.156820152,6.697124625
0,13750,84,B,4.179296258,5.533571812
0,13750,85,B,8.723066396,10.07351238
0,13750,86,B,4.950901069,6.861584675
0,13750,87,B,5.523444021,4.391346883
0,13750,88,B,4.724298012,9.979988561
0,13750,89,B,4.494840247,4.154293274
0,13750,90,B,3.778836595,8.656684832
0,13750,91,B,11.47349261,4.805420537
0,13750,92,B,10.24051649,5.974861821
0,13750,93,B,5.39363739,9.398602716
0,13750,94,B,11.89861173,4.087126681
0,13750,95,B,4.306162902,3.29509381
0,13750,96,B,3.911022606,4.838288932
0,13750,97,B,10.01617326,8.925789957
0,13750,98,B,3.961033859,7.08964266
0,13750,99,B,9.969800634,2.460882309
0,13750,100,B,10.66695662,5.079995527
0,14000,1,A,3.133285343,6.070113696
0,14000,2,A,1.231694468,7.005399371
0,14000,3,A,8.226527267,6.496135011
0,14000,4,A,8.686285718,7.850847927
0,14000,5,A,9.190552569,8.50185645
0,14000,6,A,5.872312068,5.712341319
0,14000,7,A,9.629735255,1.626474251
0,14000,8,A,11.1672151,2.631649462
0,14000,9,A,7.836362391,8.259906989
0,14000,10,A,8.066241617,5.096076051
0,14000,11,A,7.784334107,9.287057757
0,14000,12,A,8.513403948,9.016933919
0,14000,13,A,6.304796768,9.016028575
0,14000,14,A,2.819956809,4.449891845
0,14000,15,A,1.171630479,4.411852825
0,14000,16,A,9.730504231,7.722052585
0,14000,17,A,7.089371418,5.031116276
0,14000,18,A,6.946446369,7.447457122
0,14000,19,A,2.978335809,6.826820812
0,14000,20,A,11.51482364,3.243576987
0,14000,21,A,6.727273848,5.86317988
0,14000,22,A,2.883252322,10.31811332
0,14000,23,A,8.754399249,5.666859872
0,14000,24,A,7.050364378,9.259724173
0,14000,25,A,0.9761994539,5.299818324
0,14000,26,A,2.968905951,5.273681371
0,14000,27,A,1.928295507,4.942173061
0,14000,28,A,7.655556079,5.908122843
0,14000,29,A,9.307737441,6.239311104
0,14000,30,A,7.724175028,4.371246382
0,14000,31,A,6.737980554,4.144753939
0,14000,32,A,9.940544566,6.928181991
0,14000,33,A,10.07514917,4.34700473
0,14000,34,A,9.513907616,3.988358913
0,14000,35,A,6.19105851,4.916124704
0,14000,36,A,7.922960727,7.368101551
0,14000,37,A,1.044218512,6.115417223
0,14000,38,A,5.978119493,7.244029749
0,14000,39,A,2.075840903,5.71139661
0,14000,40,A,6.06660725,8.085135798
0,14000,41,A,2.033787032,4.044470041
0,14000,42,A,2.196746354,7.257315512
0,14000,43,A,2.513556141,9.582814702
0,14000,44,A,3.428979307,9.455593867
0,14000,45,A,5.962015351,6.532273284
0,14000,46,A,3.751754932,10.2434813
0,14000,47,A,7.119137628,6.679851023
0,14000,48,A,1.966643179,6.439291092
0,14000,49,A,8.940516399,7.04613208
0,14000,50,A,6.967544872,8.295491034
0,14000,51,B,9.29656783,3.186503959
0,14000,52,B,4.334955381,9.206190652
0,14000,53,B,9.128616404,2.396261806
0,14000,54,B,10.36852444,9.846310219
0,14000,55,B,-0.6842843267,6.517548415
0,14000,56,B,8.586776354,3.926211222
0,14000,57,B,8.35878655,2.857745175
0,14000,58,B,3.531637701,3.955812109
0,14000,59,B,7.826006802,3.493299829
0,14000,60,B,5.054302587,3.570378649
0,14000,61,B,2.94372158,8.543842474
0,14000,62,B,10.56951145,8.264040093
0,14000,63,B,5.048976002,7.640829638
0,14000,64,B,3.178717981,7.684068976
0,14000,65,B,5.819681908,9.822374808
0,14000,66,B,4.266568151,8.024951715
0,14000,67,B,10.3548814,3.288696296
0,14000,68,B,4.990898433,5.965208468
0,14000,69,B,10.93829913,4.012485211
0,14000,70,B,10.80826779,6.694577464
0,14000,71,B,-0.4975657125,5.384237534
0,14000,72,B,10.91949942,9.169559557
0,14000,73,B,9.76730495,5.311076903
0,14000,74,B,4.089877359,6.32986305
0,14000,75,B,8.973792202,4.779598486
0,14000,76,B,9.53620905,10.34771421
0,14000,77,B,0.1475777397,5.738925435
0,14000,78,B,11.29079373,5.879923275
0,14000,79,B,5.127730043,8.494925993
0,14000,80,B,0.1563509386,4.67329509
0,14000,81,B,9.445374407,9.489022162
0,14000,82,B,5.01955461,5.122527907
0,14000,83,B,0.2418010104,6.673897781
0,14000,84,B,4.053746957,5.527178326
0,14000,85,B,8.692046871,10.0265131
0,14000,86,B,4.959008624,6.859868399
0,14000,87,B,5.545757606,4.352275048
0,14000,88,B,4.852205683,9.981080461
0,14000,89,B,4.582116486,4.298867491
0,14000,90,B,3.74325255,8.57166101
0,14000,91,B,11.40961205,4.802992426
0,14000,92,B,10.33142385,5.967895328
0,14000,93,B,5.357604608,9.179899399
0,14000,94,B,11.92935729,4.124656826
0,14000,95,B,4.108363742,3.38833477
0,14000,96,B,3.84579443,4.771366921
0,14000,97,B,9.990929054,8.829881509
0,14000,98,B,3.977855322,7.133498785
0,14000,99,B,10.11909459,2.469154812
0,14000,100,B,10.66298147,5.070225374
0,14250,1,A,2.983200975,6.036900871
0,14250,2,A,1.195661687,6.952446848
0,14250,3,A,8.163546658,6.46936825
0,14250,4,A,8.525356091,7.850759756
0,14250,5,A,9.196983719,8.468415748
0,14250,6,A,5.85548365,5.672813114
0,14250,7,A,9.661225563,1.644738628
0,14250,8,A,11.11513294,2.566774757
0,14250,9,A,7.697542103,8.312292687
0,14250,10,A,8.20227973,5.038763697
0,14250,11,A,7.850847927,9.420009822
0,14250,12,A,8.437827213,8.860742007
0,14250,13,A,6.246416891,8.910496692
0,14250,14,A,2.805857025,4.375632982
0,14250,15,A,1.15868892,4.387852795
0,14250,16,A,9.59814155,7.699775935
0,14250,17,A,7.189636549,5.004796679
0,14250,18,A,6.84958,7.538591007
0,14250,19,A,2.880128358,6.812167639
0,14250,20,A,11.55442269,3.132025731
0,14250,21,A,6.810093348,5.759261874
0,14250,22,A,2.870402703,10.33670835
0,14250,23,A,8.782912146,5.685032927
0,14250,24,A,7.032032296,9.325283839
0,14250,25,A,0.9644252287,5.233526509
0,14250,26,A,3.037071328,5.219610291
0,14250,27,A,1.966449881,4.874452009
0,14250,28,A,7.660181184,5.860646556
0,14250,29,A,9.309617412,6.286310384
0,14250,30,A,7.695099387,4.293692114
0,14250,31,A,6.758543253,4.204214214
0,14250,32,A,9.877995373,6.975319831
0,14250,33,A,10.06461637,4.329602029
0,14250,34,A,9.547658482,3.931165379
0,14250,35,A,6.107399791,4.878525279
0,14250,36,A,7.77397712,7.263610144
0,14250,37,A,0.9937894928,6.075725124
0,14250,38,A,5.923011459,7.156171802
0,14250,39,A,1.955483383,5.603254179
0,14250,40,A,5.957295158,8.003127838
0,14250,41,A,2.052538077,3.998638924
0,14250,42,A,2.104048582,7.254030313
0,14250,43,A,2.562435048,9.51178135
0,14250,44,A,3.378279916,9.443312648
0,14250,45,A,6.017451349,6.409497891
0,14250,46,A,3.788768637,10.06223255
0,14250,47,A,6.992866229,6.707423934
0,14250,48,A,1.962475805,6.360411793
0,14250,49,A,8.847711914,7.048800831
0,14250,50,A,6.920174009,8.357725325
0,14250,51,B,9.341284061,3.154068944
0,14250,52,B,4.395101863,9.082433758
0,14250,53,B,9.154493286,2.383791019
0,14250,54,B,10.35155189,9.830603643
0,14250,55,B,-0.7303688135,6.547313053
0,14250,56,B,8.624367907,3.896553653
0,14250,57,B,8.401881267,2.810915488
0,14250,58,B,3.529232844,4.009046391
0,14250,59,B,7.841673229,3.420294281
0,14250,60,B,5.144199817,3.564151049
0,14250,61,B,2.788623956,8.46770364
0,14250,62,B,10.43321354,8.174741461
0,14250,63,B,4.967343061,7.58844483
0,14250,64,B,3.169631453,7.688768904
0,14250,65,B,5.737533563,9.869061575
0,14250,66,B,4.207419646,7.964527931
0,14250,67,B,10.3984136,3.313409888
0,14250,68,B,5.006643585,5.924900878
0,14250,69,B,11.02034712,3.98068945
0,14250,70,B,10.83333407,6.747843315
0,14250,71,B,-0.5861270095,5.544200325
0,14250,72,B,10.90130105,9.113112945
0,14250,73,B,9.739553799,5.375600835
0,14250,74,B,4.007440305,6.368481582
0,14250,75,B,9.005730087,4.763866122
0,14250,76,B,9.52487095,10.34522202
0,14250,77,B,0.1638708235,5.71855908
0,14250,78,B,11.15073588,5.850157064
0,14250,79,B,5.150298222,8.456705489
0,14250,80,B,0.006013375911,4.731577362
0,14250,81,B,9.397684444,9.406370782
0,14250,82,B,5.077496771,5.023018544
0,14250,83,B,0.09274524616,6.674524438
0,14250,84,B,4.068862303,5.653454449
0,14250,85,B,8.702345773,9.931727281
0,14250,86,B,4.925337498,6.785667214
0,14250,87,B,5.668454435,4.167889959
0,14250,88,B,4.698668403,9.979592545
0,14250,89,B,4.571776644,4.365919797
0,14250,90,B,3.689130163,8.566402129
0,14250,91,B,11.4067175,4.85425401
0,14250,92,B,10.32338397,6.031732532
0,14250,93,B,5.357604608,9.233478578
0,14250,94,B,11.87247477,4.084607456
0,14250,95,B,4.246541626,3.513352855
0,14250,96,B,3.894626916,4.917855025
0,14250,97,B,10.02369314,8.898217046
0,14250,98,B,3.900313595,7.116631
0,14250,99,B,10.14519815,2.456305813
0,14250,100,B,10.55478501,4.979103739
0,14500,1,A,2.921985397,5.938441709
0,14500,2,A,1.071896916,6.835575305
0,14500,3,A,8.216100827,6.444227966
0,14500,4,A,8.543634637,7.892730032
0,14500,5,A,9.170186214,8.496843194
0,14500,6,A,5.873429113,5.57787145
0,14500,7,A,9.676211797,1.610508666
0,14500,8,A,11.22881294,2.476082679
0,14500,9,A,7.713521858,8.278766534
0,14500,10,A,8.294746289,5.069655685
0,14500,11,A,7.745481369,9.532394
0,14500,12,A,8.346132169,8.907303574
0,14500,13,A,6.174154594,8.941889981
0,14500,14,A,2.770764229,4.434852075
0,14500,15,A,1.05429541,4.326138095
0,14500,16,A,9.633995063,7.772106498
0,14500,17,A,7.288961694,5.111015052
0,14500,18,A,6.938033736,7.532417965
0,14500,19,A,2.916002239,6.737980554
0,14500,20,A,11.48662407,3.086286063
0,14500,21,A,6.703048245,5.899617766
0,14500,22,A,3.062863979,10.38358354
0,14500,23,A,8.790203727,5.694391845
0,14500,24,A,7.002814015,9.291844283
0,14500,25,A,0.9184734948,5.198135973
0,14500,26,A,2.934376284,5.213100918
0,14500,27,A,1.819824724,4.824314719
0,14500,28,A,7.619836626,5.918462685
0,14500,29,A,9.382765381,6.239352248
0,14500,30,A,7.785128288,4.343167802
0,14500,31,A,6.895126714,4.237214563
0,14500,32,A,9.818677087,6.927237287
0,14500,33,A,10.03564528,4.303150173
0,14500,34,A,9.471921593,3.889347097
0,14500,35,A,6.325772459,4.876903529
0,14500,36,A,7.876040174,7.273630642
0,14500,37,A,1.008981179,6.047873699
0,14500,38,A,5.898134119,7.159950638
0,14500,39,A,1.909737417,5.617040635
0,14500,40,A,6.074500295,7.972331227
0,14500,41,A,2.040082087,3.959846017
0,14500,42,A,1.969583167,7.246662342
0,14500,43,A,2.551029604,9.6653193
0,14500,44,A,3.268956599,9.333117052
0,14500,45,A,5.95198254,6.467163928
0,14500,46,A,3.856932551,10.05390966
0,14500,47,A,7.053025308,6.73186356
0,14500,48,A,2.022535689,6.459581064
0,14500,49,A,8.865944207,7.062425164
0,14500,50,A,6.908580853,8.43135753
0,14500,51,B,9.425421144,3.129232337
0,14500,52,B,4.303880748,8.932996514
0,14500,53,B,9.175462159,2.391108159
0,14500,54,B,10.2749716,9.935506118
0,14500,55,B,-0.7873946068,6.475874147
0,14500,56,B,8.519371196,3.75424553
0,14500,57,B,8.383104936,2.75979773
0,14500,58,B,3.581921921,4.023387797
0,14500,59,B,7.756447867,3.326609049
0,14500,60,B,5.154488217,3.618087205
0,14500,61,B,2.731598162,8.512822949
0,14500,62,B,10.59583105,8.276573234
0,14500,63,B,4.979585423,7.601568482
0,14500,64,B,3.082155115,7.600009635
0,14500,65,B,5.671718826,9.837886169
0,14500,66,B,4.126223469,7.919378705
0,14500,67,B,10.44722357,3.292311383
0,14500,68,B,4.940513945,5.987881488
0,14500,69,B,10.9511456,4.011231896
0,14500,70,B,10.78609742,6.702698689
0,14500,71,B,-0.4975844187,5.461269588
0,14500,72,B,11.02164452,9.056761285
0,14500,73,B,9.729790976,5.275199204
0,14500,74,B,3.986478942,6.329236393
0,14500,75,B,8.979682465,4.641335579
0,14500,76,B,9.463775051,10.29566231
0,14500,77,B,0.146115015,5.790752179
0,14500,78,B,11.17172889,5.76775166
0,14500,79,B,5.198088735,8.328525637
0,14500,80,B,0.0319595105,4.634129023
0,14500,81,B,9.469414964,9.306170798
0,14500,82,B,5.048349345,5.189347186
0,14500,83,B,0.04449265187,6.706797277
0,14500,84,B,3.96767923,5.510508933
0,14500,85,B,8.704580012,9.820656251
0,14500,86,B,4.883538536,6.801109166
0,14500,87,B,5.758697868,4.30709821
0,14500,88,B,4.668751046,9.771797266
0,14500,89,B,4.812726287,4.373126354
0,14500,90,B,3.587533776,8.477017757
0,14500,91,B,11.56103566,4.766372559
0,14500,92,B,10.33952673,5.917973011
0,14500,93,B,5.275454855,9.139216571
0,14500,94,B,11.81388871,3.952304308
0,14500,95,B,4.202066293,3.598397147
0,14500,96,B,3.959786781,4.804682629
0,14500,97,B,10.14779151,8.929395573
0,14500,98,B,3.862714171,7.064618463
0,14500,99,B,10.14651793,2.400409901
0,14500,100,B,10.62573444,4.960255703
0,14750,1,A,2.91505753,5.89718941
0,14750,2,A,1.17324129,6.89069581
0,14750,3,A,8.086710311,6.496764814
0,14750,4,A,8.546393639,7.780408752
0,14750,5,A,8.97253259,8.431529153
0,14750,6,A,5.869687877,5.59813648
0,14750,7,A,9.63949725,1.578294085
0,14750,8,A,11.20713502,2.48406862
0,14750,9,A,7.795927263,8.406604576
0,14750,10,A,8.245736355,5.105838046
0,14750,11,A,7.664522339,9.638808598
0,14750,12,A,8.406869583,9.089333421
0,14750,13,A,6.154780104,8.825157963
0,14750,14,A,2.729091534,4.251554882
0,14750,15,A,1.092083776,4.388488899
0,14750,16,A,9.701848056,7.802037959
0,14750,17,A,7.254951586,5.068166599
0,14750,18,A,7.008431376,7.585082476
0,14750,19,A,2.880115888,6.793275953
0,14750,20,A,11.57772552,3.089828722
0,14750,21,A,6.755049872,5.832610667
0,14750,22,A,3.00795393,10.35917135
0,14750,23,A,8.805462494,5.643326107
0,14750,24,A,7.095637988,9.174572814
0,14750,25,A,0.8621282098,5.229738082
0,14750,26,A,2.901735556,5.092841997
0,14750,27,A,1.912395254,4.824635889
0,14750,28,A,7.700639174,5.903172568
0,14750,29,A,9.272297916,6.287247186
0,14750,30,A,7.820870113,4.374889222
0,14750,31,A,6.895734383,4.185442562
0,14750,32,A,9.897087947,6.9804559
0,14750,33,A,10.15027787,4.371246382
0,14750,34,A,9.58785315,3.966612647
0,14750,35,A,6.295856671,4.845413224
0,14750,36,A,7.906532235,7.305254778
0,14750,37,A,1.008664686,6.058317984
0,14750,38,A,6.049747341,7.126344185
0,14750,39,A,1.924866041,5.574130214
0,14750,40,A,6.002434732,7.909038864
0,14750,41,A,1.897742078,3.901485849
0,14750,42,A,2.034128845,7.220342745
0,14750,43,A,2.526681301,9.589106465
0,14750,44,A,3.335068919,9.309617412
0,14750,45,A,5.928300577,6.406555273
0,14750,46,A,3.770854351,10.0614313
0,14750,47,A,7.008219327,6.720897061
0,14750,48,A,2.002783395,6.367654564
0,14750,49,A,8.962140792,7.050364378
0,14750,50,A,6.878112411,8.372642282
0,14750,51,B,9.463148394,3.195324393
0,14750,52,B,4.307327361,9.006315391
0,14750,53,B,9.350101351,2.425698191
0,14750,54,B,10.17273308,9.761508867
0,14750,55,B,-0.8245814298,6.392522553
0,14750,56,B,8.512774139,3.743567454
0,14750,57,B,8.527862719,2.780164085
0,14750,58,B,3.620511214,4.112750342
0,14750,59,B,7.716611497,3.382077552
0,14750,60,B,5.162324973,3.605493599
0,14750,61,B,2.640732887,8.453290528
0,14750,62,B,10.66852327,8.233960554
0,14750,63,B,5.070883807,7.588848591
0,14750,64,B,3.053073238,7.692528846
0,14750,65,B,5.713803034,9.691360687
0,14750,66,B,4.124401175,7.824795574
0,14750,67,B,10.46203976,3.254543486
0,14750,68,B,4.943033169,5.943165255
0,14750,69,B,10.99595158,3.952326132
0,14750,70,B,10.7644018,6.619065288
0,14750,71,B,-0.5926741729,5.476858072
0,14750,72,B,10.8643536,9.174259485
0,14750,73,B,9.676154828,5.268666779
0,14750,74,B,3.963684685,6.425911632
0,14750,75,B,8.973043328,4.526895839
0,14750,76,B,9.456824854,10.30945826
0,14750,77,B,0.1275357351,5.679591402
0,14750,78,B,11.1117692,5.685488678
0,14750,79,B,4.983490338,8.35020544
0,14750,80,B,0.06612964042,4.601678263
0,14750,81,B,9.403949767,9.304755311
0,14750,82,B,4.926272807,5.149188132
0,14750,83,B,0.1080983443,6.634418386
0,14750,84,B,3.908146809,5.700699354
0,14750,85,B,8.681080372,9.94066108
0,14750,86,B,4.944667219,6.795020303
0,14750,87,B,5.676573056,4.38033291
0,14750,88,B,4.669062816,9.892452132
0,14750,89,B,4.725620955,4.35902657
0,14750,90,B,3.575409225,8.480339127
0,14750,91,B,11.63921506,4.675488389
0,14750,92,B,10.19101058,5.926922555
0,14750,93,B,5.252806247,9.107210268
0,14750,94,B,11.90835492,3.875608965
0,14750,95,B,4.283106116,3.564349448
0,14750,96,B,3.922747289,4.943662976
0,14750,97,B,9.967920663,8.698940099
0,14750,98,B,3.819474833,7.087178118
0,14750,99,B,10.24239646,2.347770708
0,14750,100,B,10.66860042,4.988379209
0,15000,1,A,2.962834621,5.888069817
0,15000,2,A,1.206553432,6.847421348
0,15000,3,A,8.092649385,6.596505633
0,15000,4,A,8.65007187,7.79699951
0,15000,5,A,8.930179722,8.532347434
0,15000,6,A,5.921441644,5.52892361
0,15000,7,A,9.686995914,1.570695678
0,15000,8,A,11.01443797,2.382550175
0,15000,9,A,7.745917848,8.372886685
0,15000,10,A,8.358471642,5.228335332
0,15000,11,A,7.62695186,9.537153761
0,15000,12,A,8.284344095,9.069691934
0,15000,13,A,6.159279401,8.788390645
0,15000,14,A,2.671637473,4.274808898
0,15000,15,A,1.029775272,4.433988473
0,15000,16,A,9.646445586,7.809713718
0,15000,17,A,7.284652249,5.124732229
0,15000,18,A,6.989732944,7.534297936
0,15000,19,A,2.91802864,6.796722567
0,15000,20,A,11.54396319,2.837189878
0,15000,21,A,6.710269083,5.810591071
0,15000,22,A,3.056448999,10.28063986
0,15000,23,A,8.825524826,5.888069817
0,15000,24,A,6.868597952,9.314742903
0,15000,25,A,0.8155988986,5.280924141
0,15000,26,A,2.961581306,5.091588683
0,15000,27,A,1.882175527,4.785266742
0,15000,28,A,7.73118477,5.906006695
0,15000,29,A,9.524252133,6.230093633
0,15000,30,A,7.900917513,4.498390063
0,15000,31,A,7.040917284,4.147273163
0,15000,32,A,9.930467669,7.025487038
0,15000,33,A,10.14683126,4.211762158
0,15000,34,A,9.488841334,3.963292631
0,15000,35,A,6.413315505,4.758814885
0,15000,36,A,7.867992826,7.379826969
0,15000,37,A,1.103105383,6.05936448
0,15000,38,A,6.000631145,7.121131394
0,15000,39,A,1.915870154,5.515841816
0,15000,40,A,5.974130721,7.914235687
0,15000,41,A,1.791612559,3.904073538
0,15000,42,A,2.118037911,7.203407256
0,15000,43,A,2.406174202,9.594151211
0,15000,44,A,3.17422274,9.324909104
0,15000,45,A,5.943889062,6.425573224
0,15000,46,A,3.799935099,9.999746338
0,15000,47,A,7.035249033,6.674370136
0,15000,48,A,2.087177412,6.326717169
0,15000,49,A,8.937578354,7.01792936
0,15000,50,A,6.897321493,8.353118292
0,15000,51,B,9.468819797,3.054559581
0,15000,52,B,4.27677938,9.157569314
0,15000,53,B,9.068578019,2.268246666
0,15000,54,B,10.1067252,9.693131538
0,15000,55,B,-0.788517236,6.402923707
0,15000,56,B,8.677934428,3.709303457
0,15000,57,B,8.414209486,2.853966338
0,15000,58,B,3.497432336,4.085741734
0,15000,59,B,7.815353632,3.470426846
0,15000,60,B,5.150869182,3.61004856
0,15000,61,B,2.656646179,8.506394964
0,15000,62,B,10.59927766,8.124922224
0,15000,63,B,5.077181868,7.638603276
0,15000,64,B,3.058086495,7.75362791
0,15000,65,B,5.720125723,9.695011509
0,15000,66,B,4.111374215,7.758266432
0,15000,67,B,10.46203976,3.229790532
0,15000,68,B,5.046804857,6.068762268
0,15000,69,B,11.05161183,3.841937839
0,15000,70,B,10.69032873,6.572026647
0,15000,71,B,-0.5543265015,5.418245371
0,15000,72,B,10.73347044,9.097549102
0,15000,73,B,9.677600519,5.193695996
0,15000,74,B,4.043204067,6.285560295
0,15000,75,B,8.9216344,4.623969582
0,15000,76,B,9.408232141,10.32029738
0,15000,77,B,0.1221823833,5.850268855
0,15000,78,B,11.20469074,5.651449096
0,15000,79,B,4.821145013,8.400369658
0,15000,80,B,0.02267301957,4.693629954
0,15000,81,B,9.241477028,9.397050104
0,15000,82,B,5.057657879,5.209756052
0,15000,83,B,0.08760728172,6.725183897
0,15000,84,B,3.964232616,5.620487249
0,15000,85,B,8.521596148,10.02463313
0,15000,86,B,4.811159645,6.889467813
0,15000,87,B,5.5518683,4.447698545
0,15000,88,B,4.72029437,9.88520193
0,15000,89,B,4.569583345,4.367173111
0,15000,90,B,3.684616966,8.500698087
0,15000,91,B,11.52510967,4.645807632
0,15000,92,B,10.32189216,5.78161999
0,15000,93,B,5.29525223,8.981768155
0,15000,94,B,11.8957776,3.863230612
0,15000,95,B,4.256544521,3.596192826
0,15000,96,B,3.995878798,4.923017931
0,15000,97,B,9.922693794,8.701491934
0,15000,98,B,3.758375769,7.041118823
0,15000,99,B,10.09105878,2.362810477
0,15000,100,B,10.62105006,4.895167906
0,15250,1,A,2.94372158,5.777464844
0,15250,2,A,1.273782836,6.921883931
0,15250,3,A,8.060376546,6.629405129
0,15250,4,A,8.661654003,7.720415086
0,15250,5,A,9.009762005,8.464570355
0,15250,6,A,5.925355913,5.496095821
0,15250,7,A,9.642372315,1.493950452
0,15250,8,A,11.05467156,2.348546943
0,15250,9,A,7.771487637,8.366498524
0,15250,10,A,8.392839947,5.173506168
0,15250,11,A,7.480405429,9.294577642
0,15250,12,A,8.286358848,9.085897686
0,15250,13,A,6.081080194,8.780718846
0,15250,14,A,2.495921571,4.212458094
0,15250,15,A,0.7830080073,4.406652507
0,15250,16,A,9.602506323,7.77990074
0,15250,17,A,7.351193804,5.132891081
0,15250,18,A,6.94148035,7.536804565
0,15250,19,A,2.900393388,6.688395073
0,15250,20,A,11.46058159,2.918836367
0,15250,21,A,6.738610357,5.910100435
0,15250,22,A,2.933752744,10.21388668
0,15250,23,A,8.782505752,5.852418614
0,15250,24,A,6.703015183,9.417263172
0,15250,25,A,0.7424936784,5.357917937
0,15250,26,A,2.917540721,4.938743594
0,15250,27,A,1.66457752,4.875643917
0,15250,28,A,7.696545436,5.957020989
0,15250,29,A,9.527067415,6.257484159
0,15250,30,A,7.854311861,4.476976656
0,15250,31,A,6.917667381,4.205182259
0,15250,32,A,9.98766036,7.079344905
0,15250,33,A,10.10177493,4.201751391
0,15250,34,A,9.497161071,3.838353271
0,15250,35,A,6.448269747,4.899576548
0,15250,36,A,7.857026327,7.543384464
0,15250,37,A,1.065628786,6.102891601
0,15250,38,A,5.956375438,7.147337197
0,15250,39,A,1.915418475,5.508252335
0,15250,40,A,5.861290462,7.94405923
0,15250,41,A,1.627428407,4.09395063
0,15250,42,A,2.162906872,7.198096419
0,15250,43,A,2.378764913,9.53025134
0,15250,44,A,3.24733693,9.292697671
0,15250,45,A,5.969535236,6.408508513
0,15250,46,A,3.80171955,9.982865343
0,15250,47,A,7.038103425,6.762312269
0,15250,48,A,2.063268399,6.288190355
0,15250,49,A,8.898530375,6.89669169
0,15250,50,A,6.804425097,8.386812922
0,15250,51,B,9.330892263,3.027477919
0,15250,52,B,4.330200344,9.099060637
0,15250,53,B,9.00622722,2.133153258
0,15250,54,B,10.06285921,9.650518857
0,15250,55,B,-1.014557794,6.512533586
0,15250,56,B,8.513403948,3.721839143
0,15250,57,B,8.418933032,2.775555479
0,15250,58,B,3.480285004,4.071712098
0,15250,59,B,7.7216684,3.427187508
0,15250,60,B,5.122608208,3.775608839
0,15250,61,B,2.66799247,8.510002992
0,15250,62,B,10.57948285,8.13803951
0,15250,63,B,4.854693321,7.500895216
0,15250,64,B,2.978335809,7.735941217
0,15250,65,B,5.76304071,9.791595425
0,15250,66,B,4.051758838,7.889020134
0,15250,67,B,10.34516822,3.140178571
0,15250,68,B,5.01294478,5.971013024
0,15250,69,B,10.9973639,3.800472471
0,15250,70,B,10.67867732,6.503692683
0,15250,71,B,-0.5989456003,5.547017218
0,15250,72,B,10.69578285,9.037648244
0,15250,73,B,9.601952934,5.178380687
0,15250,74,B,4.023831168,6.41142609
0,15250,75,B,8.928446162,4.524841919
0,15250,76,B,9.2365454,10.27432749
0,15250,77,B,0.07715124715,5.839562151
0,15250,78,B,11.1208012,5.595827191
0,15250,79,B,4.968540316,8.322887603
0,15250,80,B,-0.08679200401,4.693348116
0,15250,81,B,9.047244513,9.465951205
0,15250,82,B,4.954684582,5.199364252
0,15250,83,B,-0.06983640966,6.676236052
0,15250,84,B,3.942901084,5.706358162
0,15250,85,B,8.27717339,10.02464248
0,15250,86,B,4.940877658,6.818968893
0,15250,87,B,5.520848775,4.500964396
0,15250,88,B,4.779200134,9.965727363
0,15250,89,B,4.442935318,4.416982853
0,15250,90,B,3.674918589,8.535762063
0,15250,91,B,11.4618412,4.699928015
0,15250,92,B,10.22868086,5.733439824
0,15250,93,B,5.245119665,9.136660061
0,15250,94,B,11.87751322,3.899759366
0,15250,95,B,4.176559147,3.493219529
0,15250,96,B,3.863138178,4.964620478
0,15250,97,B,9.842924623,8.738559627
0,15250,98,B,3.692238256,7.088152745
0,15250,99,B,9.98139379,2.346517394
0,15250,100,B,10.56645096,4.784115277
0,15500,1,A,3.012992378,5.68148082
0,15500,2,A,1.228121893,6.832766371
0,15500,3,A,8.085435033,6.677794905
0,15500,4,A,8.504363079,7.588817101
0,15500,5,A,8.985635707,8.444830657
0,15500,6,A,5.92380826,5.506986361
0,15500,7,A,9.709111293,1.51995672
0,15500,8,A,11.00848473,2.312364583
0,15500,9,A,7.760834467,8.344878855
0,15500,10,A,8.381851622,5.297132201
0,15500,11,A,7.664545957,9.445686175
0,15500,12,A,8.340492255,8.956182825
0,15500,13,A,6.095893234,8.787369601
0,15500,14,A,2.470729327,4.245837817
0,15500,15,A,0.720655629,4.478091413
0,15500,16,A,9.554158527,7.851162834
0,15500,17,A,7.373873727,5.247312964
0,15500,18,A,6.7601021,7.602815561
0,15500,19,A,2.940224327,6.563125065
0,15500,20,A,11.44974172,2.883869595
0,15500,21,A,6.657123625,6.003881107
0,15500,22,A,2.854911047,10.21482512
0,15500,23,A,8.777292699,5.955446474
0,15500,24,A,6.741576745,9.441842053
0,15500,25,A,0.7228489287,5.369197764
0,15500,26,A,2.853796291,4.937117715
0,15500,27,A,1.641155627,4.89322522
0,15500,28,A,7.6041702,5.982381706
0,15500,29,A,9.59861393,6.239985235
0,15500,30,A,7.86485954,4.449265187
0,15500,31,A,7.022005783,4.320173831
0,15500,32,A,9.95131425,7.080598219
0,15500,33,A,10.07413904,4.206748902
0,15500,34,A,9.473543344,3.997064408
0,15500,35,A,6.452374507,4.851579026
0,15500,36,A,7.655293134,7.483670976
0,15500,37,A,0.9558906049,6.098613868
0,15500,38,A,5.86625841,7.115519542
0,15500,39,A,1.974757024,5.540719157
0,15500,40,A,5.969699812,7.965507628
0,15500,41,A,1.520270049,4.077030889
0,15500,42,A,2.18605697,7.123421882
0,15500,43,A,2.372751537,9.455558881
0,15500,44,A,3.246335538,9.255945337
0,15500,45,A,5.822298884,6.367272297
0,15500,46,A,3.669250334,10.01486169
0,15500,47,A,7.031155289,6.795922714
0,15500,48,A,2.014119905,6.273183648
0,15500,49,A,9.035572048,6.949563593
0,15500,50,A,6.954953476,8.580188584
0,15500,51,B,9.387636217,3.04837331
0,15500,52,B,4.246228297,9.109713807
0,15500,53,B,9.006002062,2.251892176
0,15500,54,B,10.0690141,9.699844834
0,15500,55,B,-0.8660400689,6.565486108
0,15500,56,B,8.635334406,3.718896374
0,15500,57,B,8.337373139,2.850187502
0,15500,58,B,3.458957123,3.99699602
0,15500,59,B,7.731694913,3.506459628
0,15500,60,B,5.247626293,3.795661865
0,15500,61,B,2.540467756,8.363365238
0,15500,62,B,10.42297604,8.157248598
0,15500,63,B,4.925025728,7.613415729
0,15500,64,B,3.085346078,7.62328324
0,15500,65,B,5.721029127,9.734179168
0,15500,66,B,4.086053503,8.025887026
0,15500,67,B,10.37694223,3.157291609
0,15500,68,B,4.910396172,6.004830587
0,15500,69,B,10.94863898,3.772475553
0,15500,70,B,10.79812418,6.666301939
0,15500,71,B,-0.7393923601,5.47081068
0,15500,72,B,10.73925639,9.01658244
0,15500,73,B,9.56874011,5.192480471
0,15500,74,B,3.905013523,6.414775083
0,15500,75,B,8.829566608,4.568928346
0,15500,76,B,9.479357299,10.37288922
0,15500,77,B,-0.05611854346,5.838199138
0,15500,78,B,11.05628837,5.714426573
0,15500,79,B,4.997903451,8.391251478
0,15500,80,B,-0.1582309098,4.757893794
0,15500,81,B,9.033214877,9.536411154
0,15500,82,B,4.977403036,5.198759512
0,15500,83,B,0.0660951734,6.697124625
0,15500,84,B,4.027695887,5.642762059
0,15500,85,B,8.497156522,10.14087801
0,15500,86,B,4.834076714,6.840638945
0,15500,87,B,5.428613671,4.600418651
0,15500,88,B,4.68948373,9.95530207
0,15500,89,B,4.414172392,4.250614897
0,15500,90,B,3.440630719,8.516867876
0,15500,91,B,11.38980555,4.574283273
0,15500,92,B,10.2506755,5.81668703
0,15500,93,B,5.179210457,9.145099465
0,15500,94,B,11.89301118,3.880260569
0,15500,95,B,4.273174551,3.445673892
0,15500,96,B,3.875297196,4.876077887
0,15500,97,B,9.765250104,8.89229498
0,15500,98,B,3.79205469,7.146072972
0,15500,99,B,10.03596019,2.323669603
0,15500,100,B,10.60734002,4.857059937
0,15750,1,A,2.948108179,5.616413978
0,15750,2,A,1.17999526,6.816148936
0,15750,3,A,8.058683939,6.852605262
0,15750,4,A,8.48668262,7.600321403
0,15750,5,A,8.936633644,8.337688046
0,15750,6,A,5.885223093,5.544183091
0,15750,7,A,9.621692632,1.495203766
0,15750,8,A,10.98042441,2.393640106
0,15750,9,A,7.890267213,8.413728514
0,15750,10,A,8.431044202,5.361364551
0,15750,11,A,7.669029206,9.425862298
0,15750,12,A,8.421957674,9.080260925
0,15750,13,A,6.06975628,8.859482395
0,15750,14,A,2.432996069,4.05541122
0,15750,15,A,0.7743247737,4.516894515
0,15750,16,A,9.667354419,7.792683297
0,15750,17,A,7.357267315,5.28240576
0,15750,18,A,6.752704658,7.629391561
0,15750,19,A,2.896028612,6.586758152
0,15750,20,A,11.51200368,2.88168253
0,15750,21,A,6.69546864,5.909470628
0,15750,22,A,2.890455729,10.06379919
0,15750,23,A,8.648497357,6.103450907
0,15750,24,A,6.810822351,9.469101636
0,15750,25,A,0.7526214693,5.314874825
0,15750,26,A,2.814603457,4.779598486
0,15750,27,A,1.775006147,4.781393434
0,15750,28,A,7.692451692,6.07794376
0,15750,29,A,9.429308912,6.218004764
0,15750,30,A,7.984109886,4.591432164
0,15750,31,A,7.088820718,4.411285971
0,15750,32,A,10.13116483,6.977199802
0,15750,33,A,10.1725242,4.250301568
0,15750,34,A,9.640230458,3.862202869
0,15750,35,A,6.384068887,4.804579745
0,15750,36,A,7.534849771,7.578185758
0,15750,37,A,0.9882381973,6.036587542
0,15750,38,A,5.928175869,7.193083163
0,15750,39,A,1.90911076,5.519908789
0,15750,40,A,5.973497734,8.024058917
0,15750,41,A,1.473746272,3.96620391
0,15750,42,A,2.062300072,7.074297006
0,15750,43,A,2.333431597,9.434810266
0,15750,44,A,3.276023898,9.2267341
0,15750,45,A,5.825391514,6.395995838
0,15750,46,A,3.717745404,10.01297227
0,15750,47,A,6.921598795,6.720819118
0,15750,48,A,2.082995307,6.214136116
0,15750,49,A,9.19327963,7.04532593
0,15750,50,A,6.961846704,8.583948526
0,15750,51,B,9.330297095,3.049626625
0,15750,52,B,4.239961727,8.974982537
0,15750,53,B,8.962449396,2.194553054
0,15750,54,B,10.02123925,9.879465843
0,15750,55,B,-0.6716882044,6.585567478
0,15750,56,B,8.654102942,3.804525477
0,15750,57,B,8.398470693,2.92313368
0,15750,58,B,3.430238919,3.99517499
0,15750,59,B,7.79655392,3.595444931
0,15750,60,B,5.19306619,3.887478147
0,15750,61,B,2.444902553,8.229887283
0,15750,62,B,10.41580006,8.231995131
0,15750,63,B,4.951217499,7.646156223
0,15750,64,B,3.003880659,7.592577044
0,15750,65,B,5.794384585,9.768643715
0,15750,66,B,4.028778294,8.014317251
0,15750,67,B,10.34079111,3.087710284
0,15750,68,B,4.897372227,6.106599937
0,15750,69,B,10.92983926,3.824801419
0,15750,70,B,10.9993982,6.605278832
0,15750,71,B,-0.6803262134,5.509308357
0,15750,72,B,10.50057917,9.200579082
0,15750,73,B,9.564158651,5.263607607
0,15750,74,B,3.861656097,6.521642159
0,15750,75,B,9.021069749,4.596002214
0,15750,76,B,9.479128149,10.51781224
0,15750,77,B,0.02307095676,5.749968317
0,15750,78,B,11.1081232,5.654953388
0,15750,79,B,5.041142789,8.439504072
0,15750,80,B,-0.1789105931,4.607496097
0,15750,81,B,9.113339689,9.599700397
0,15750,82,B,4.755700494,5.319065199
0,15750,83,B,0.1665837132,6.740499778
0,15750,84,B,3.881792397,5.749103865
0,15750,85,B,8.530291792,10.1847285
0,15750,86,B,4.875142578,6.891980676
0,15750,87,B,5.460334279,4.782546982
0,15750,88,B,4.695854744,9.922488025
0,15750,89,B,4.476346849,4.432260423
0,15750,90,B,3.32002915,8.481490096
0,15750,91,B,11.41465346,4.68030542
0,15750,92,B,10.27967008,5.956048079
0,15750,93,B,5.117594951,9.24381842
0,15750,94,B,11.75281162,3.837723465
0,15750,95,B,4.214977318,3.631147065
0,15750,96,B,3.761195726,4.948084214
0,15750,97,B,9.686060603,8.835864668
0,15750,98,B,3.819144185,7.234267761
0,15750,99,B,10.00050683,2.305471356
0,15750,100,B,10.47118642,5.007559667
0,16000,1,A,2.906240244,5.726197053
0,16000,2,A,1.261774008,6.907954196
0,16000,3,A,8.232944611,6.857463991
0,16000,4,A,8.526609405,7.733261556
0,16000,5,A,8.990190665,8.434928849
0,16000,6,A,5.926340207,5.622822971
0,16000,7,A,9.706604665,1.480163996
0,16000,8,A,11.06443355,2.406489105
0,16000,9,A,7.812324791,8.478860035
0,16000,10,A,8.314916419,5.343359238
0,16000,11,A,7.623173024,9.407413702
0,16000,12,A,8.44884882,9.091251042
0,16000,13,A,6.082626572,8.871406414
0,16000,14,A,2.475452873,4.094369451
0,16000,15,A,0.7668636756,4.619855167
0,16000,16,A,9.671719199,7.830407432
0,16000,17,A,7.392071597,5.284084084
0,16000,18,A,6.696189314,7.685122756
0,16000,19,A,2.948405919,6.591122931
0,16000,20,A,11.44693579,3.021246655
0,16000,21,A,6.788262696,5.888069817
0,16000,22,A,2.876954261,10.26017116
0,16000,23,A,8.759589743,5.885196056
0,16000,24,A,6.734370188,9.486961362
0,16000,25,A,0.8710218353,5.399012785
0,16000,26,A,2.728920061,4.87358373
0,16000,27,A,1.711927345,4.785352909
0,16000,28,A,7.716341815,6.188238553
0,16000,29,A,9.470434072,6.250746013
0,16000,30,A,8.030923663,4.561750131
0,16000,31,A,7.069689398,4.444276872
0,16000,32,A,10.01706601,7.067054236
0,16000,33,A,10.15025401,4.280035969
0,16000,34,A,9.608636752,3.959276042
0,16000,35,A,6.363734185,4.857541763
0,16000,36,A,7.58693713,7.606363499
0,16000,37,A,0.9600386292,6.123692875
0,16000,38,A,5.994179549,7.146409807
0,16000,39,A,1.963316596,5.58382781
0,16000,40,A,5.864076022,7.995645364
0,16000,41,A,1.47076414,3.980839029
0,16000,42,A,2.119098555,7.249892277
0,16000,43,A,2.423493869,9.384740685
0,16000,44,A,3.216527849,9.315054677
0,16000,45,A,5.992919937,6.46936825
0,16000,46,A,3.695094317,10.02900726
0,16000,47,A,7.101378668,6.814816895
0,16000,48,A,2.042332356,6.362468206
0,16000,49,A,9.089375934,7.044195139
0,16000,50,A,6.943673649,8.533189304
0,16000,51,B,9.321837225,3.09129932
0,16000,52,B,4.190099978,8.969068655
0,16000,53,B,9.03834733,2.238330876
0,16000,54,B,10.00258047,9.927318636
0,16000,55,B,-0.694046321,6.503692683
0,16000,56,B,8.657267403,3.794095222
0,16000,57,B,8.375585051,2.881995859
0,16000,58,B,3.504870942,4.112948731
0,16000,59,B,7.770862553,3.642483574
0,16000,60,B,5.229766566,3.970812516
0,16000,61,B,2.440533101,8.302738504
0,16000,62,B,10.53469768,8.30772682
0,16000,63,B,4.942956442,7.642353336
0,16000,64,B,2.944348237,7.631116454
0,16000,65,B,5.670774117,9.831903016
0,16000,66,B,4.070764318,7.990817611
0,16000,67,B,10.33451505,3.137045286
0,16000,68,B,5.084382127,6.047554041
0,16000,69,B,10.95177226,3.868980742
0,16000,70,B,10.83552737,6.730296917
0,16000,71,B,-0.6817269323,5.555093368
0,16000,72,B,10.54685671,9.274524616
0,16000,73,B,9.670357749,5.313988961
0,16000,74,B,3.981319256,6.513139776
0,16000,75,B,9.013208618,4.628802438
0,16000,76,B,9.334341885,10.50600071
0,16000,77,B,0,5.598452974
0,16000,78,B,11.1105363,5.764933262
0,16000,79,B,4.981297039,8.476790168
0,16000,80,B,-0.1134841657,4.560878735
0,16000,81,B,9.13376295,9.556677751
0,16000,82,B,4.649228624,5.318397604
0,16000,83,B,0.1807905643,6.68705758
0,16000,84,B,3.896610335,5.823187193
0,16000,85,B,8.437827213,10.14302723
0,16000,86,B,4.899518291,6.890407798
0,16000,87,B,5.412123773,4.860978882
0,16000,88,B,4.529389997,9.878422496
0,16000,89,B,4.448950284,4.445486351
0,16000,90,B,3.372981672,8.472716897
0,16000,91,B,11.41800512,4.698361372
0,16000,92,B,10.32175899,5.972260103
0,16000,93,B,5.195300428,9.244445077
0,16000,94,B,11.89319158,3.900149019
0,16000,95,B,4.228055242,3.57006532
0,16000,96,B,3.705736575,5.010749921
0,16000,97,B,9.781518528,8.860112205
0,16000,98,B,3.79033528,7.203423004
0,16000,99,B,9.970113962,2.345577408
0,16000,100,B,10.57161028,4.947441812
0,16250,1,A,2.83687655,5.841383865
0,16250,2,A,1.359004061,7.014506164
0,16250,3,A,8.210147585,6.904820911
0,16250,4,A,8.643480948,7.745481369
0,16250,5,A,8.982189094,8.473656882
0,16250,6,A,5.870210091,5.554061599
0,16250,7,A,9.756832319,1.520188989
0,16250,8,A,10.9130113,2.459787241
0,16250,9,A,7.880525967,8.43574413
0,16250,10,A,8.303839146,5.331965473
0,16250,11,A,7.574717317,9.390769502
0,16250,12,A,8.404800562,9.103934638
0,16250,13,A,6.115417223,8.926241846
0,16250,14,A,2.597180221,4.156303008
0,16250,15,A,0.8866729866,4.524089912
0,16250,16,A,9.699154928,7.85004892
0,16250,17,A,7.382587093,5.315563477
0,16250,18,A,6.781822053,7.533494042
0,16250,19,A,2.849096363,6.738130131
0,16250,20,A,11.41838458,2.992838583
0,16250,21,A,6.778549512,5.843263837
0,16250,22,A,2.815613641,10.24398171
0,16250,23,A,8.793037852,5.778156057
0,16250,24,A,6.804869109,9.350036793
0,16250,25,A,0.8973729223,5.371704393
0,16250,26,A,2.805230368,5.041769446
0,16250,27,A,1.823885398,4.762280393
0,16250,28,A,7.796369701,6.265940881
0,16250,29,A,9.473228442,6.209258332
0,16250,30,A,7.885278898,4.636950539
0,16250,31,A,7.096025319,4.246782527
0,16250,32,A,9.999077369,7.033835884
0,16250,33,A,10.24709639,4.202362302
0,16250,34,A,9.595095921,4.007456209
0,16250,35,A,6.488720617,4.877898622
0,16250,36,A,7.672789149,7.533357951
0,16250,37,A,0.959003554,6.201722592
0,16250,38,A,5.879923275,7.219402759
0,16250,39,A,1.858978194,5.579754539
0,16250,40,A,5.969142406,8.038357809
0,16250,41,A,1.641155627,3.956669084
0,16250,42,A,2.186093184,7.377007012
0,16250,43,A,2.465895565,9.450928581
0,16250,44,A,3.269528696,9.326590155
0,16250,45,A,5.967727693,6.424966921
0,16250,46,A,3.707038699,10.09610667
0,16250,47,A,6.934794959,6.692949416
0,16250,48,A,1.993021401,6.39820016
0,16250,49,A,9.047868056,6.926898879
0,16250,50,A,6.974787643,8.373901894
0,16250,51,B,9.317450625,3.169004796
0,16250,52,B,4.260002093,9.049814252
0,16250,53,B,8.998795506,2.211159467
0,16250,54,B,9.996433559,10.02619977
0,16250,55,B,-0.7757254926,6.552364292
0,16250,56,B,8.547413473,3.927155931
0,16250,57,B,8.466450326,2.925548525
0,16250,58,B,3.528513613,3.949180438
0,16250,59,B,7.809595631,3.508964681
0,16250,60,B,5.214971536,3.917697873
0,16250,61,B,2.450608931,8.30858655
0,16250,62,B,10.43478967,8.479176528
0,16250,63,B,4.931572891,7.556985416
0,16250,64,B,3.143938513,7.76866768
0,16250,65,B,5.725138979,9.81250971
0,16250,66,B,4.137807271,7.976315645
0,16250,67,B,10.30740662,3.195006341
0,16250,68,B,4.987250281,5.972041864
0,16250,69,B,11.06801715,3.925379878
0,16250,70,B,10.8318142,6.705542403
0,16250,71,B,-0.6628223524,5.479975769
0,16250,72,B,10.58704053,9.398596418
0,16250,73,B,9.76369125,5.22058339
0,16250,74,B,3.867233698,6.51343559
0,16250,75,B,9.031344262,4.641003544
0,16250,76,B,9.344433094,10.50988928
0,16250,77,B,0.04637262308,5.656833359
0,16250,78,B,11.13506945,5.808797698
0,16250,79,B,5.015145967,8.383663889
0,16250,80,B,0.03148873828,4.63570346
0,16250,81,B,9.078771837,9.63873026
0,16250,82,B,4.472568013,5.245655
0,16250,83,B,0.06642564928,6.617811974
0,16250,84,B,3.889973754,5.834177309
0,16250,85,B,8.35866531,10.17001757
0,16250,86,B,4.946204243,6.783562768
0,16250,87,B,5.359171251,4.920197975
0,16250,88,B,4.65380351,9.855375278
0,16250,89,B,4.459918358,4.393492708
0,16250,90,B,3.450707617,8.569771588
0,16250,91,B,11.58276397,4.660250231
0,16250,92,B,10.28281584,5.92378927
0,16250,93,B,5.226006624,9.171439528
0,16250,94,B,11.93022132,3.785578383
0,16250,95,B,4.345347181,3.541399695
0,16250,96,B,3.627368228,4.889184748
0,16250,97,B,9.751723974,9.007882033
0,16250,98,B,3.779055453,7.171776822
0,16250,99,B,9.907134927,2.361870492
0,16250,100,B,10.69139625,4.954350785
0,16500,1,A,2.949696865,5.87766542
0,16500,2,A,1.316294748,7.075241717
0,16500,3,A,8.289644179,6.905075002
0,16500,4,A,8.696607543,7.680980001
0,16500,5,A,9.070702819,8.481708473
0,16500,6,A,5.965838275,5.55646431
0,16500,7,A,9.761049828,1.649462174
0,16500,8,A,10.91349786,2.506628275
0,16500,9,A,7.989561132,8.359541997
0,16500,10,A,8.289106376,5.401470603
0,16500,11,A,7.647105659,9.391038746
0,16500,12,A,8.37138267,9.085582785
0,16500,13,A,6.133719388,8.91670343
0,16500,14,A,2.617159245,4.292758372
0,16500,15,A,0.8886564057,4.525786629
0,16500,16,A,9.729874428,7.861239731
0,16500,17,A,7.353930917,5.345164363
0,16500,18,A,6.86299706,7.593257236
0,16500,19,A,2.832300054,6.754287123
0,16500,20,A,11.47221096,2.992287503
0,16500,21,A,6.774509303,5.941905643
0,16500,22,A,2.914734793,10.28652901
0,16500,23,A,8.727057048,5.937341898
0,16500,24,A,6.812838413,9.443215636
0,16500,25,A,0.9026995074,5.347891424
0,16500,26,A,2.694625395,5.100361882
0,16500,27,A,1.79053874,4.785266742
0,16500,28,A,7.702501555,6.305815875
0,16500,29,A,9.49604789,6.183225296
0,16500,30,A,7.878244496,4.630019538
0,16500,31,A,7.086864789,4.286021021
0,16500,32,A,10.10247153,7.009380861
0,16500,33,A,10.08385222,4.372813025
0,16500,34,A,9.554493795,4.045211675
0,16500,35,A,6.476703453,4.875142578
0,16500,36,A,7.665895921,7.513931582
0,16500,37,A,0.9688118281,6.268763986
0,16500,38,A,5.849734617,7.289798795
0,16500,39,A,1.902329323,5.654714061
0,16500,40,A,6.088020658,8.085450699
0,16500,41,A,1.64184152,3.934153077
0,16500,42,A,2.213666095,7.346614144
0,16500,43,A,2.373068031,9.52487095
0,16500,44,A,3.124512144,9.276717916
0,16500,45,A,5.882429903,6.459267735
0,16500,46,A,3.718269717,9.921234711
0,16500,47,A,6.824977976,6.79023263
0,16500,48,A,1.912721123,6.400089582
0,16500,49,A,9.214041299,6.957140541
0,16500,50,A,7.039657672,8.494509761
0,16500,51,B,9.368050821,3.198785178
0,16500,52,B,4.228995228,9.048614743
0,16500,53,B,8.982708191,2.321125312
0,16500,54,B,10.09105878,9.997060216
0,16500,55,B,-0.7416486408,6.48182739
0,16500,56,B,8.607039887,3.942875637
0,16500,57,B,8.435117473,3.025813656
0,16500,58,B,3.596886866,4.005928694
0,16500,59,B,7.802193833,3.549698965
0,16500,60,B,5.428416857,3.872114027
0,16500,61,B,2.440481139,8.301307201
0,16500,62,B,10.43242313,8.565992752
0,16500,63,B,4.908501935,7.549502943
0,16500,64,B,3.14021321,7.752283274
0,16500,65,B,5.680959656,9.792456683
0,16500,66,B,4.155676351,8.041263505
0,16500,67,B,10.40468973,3.310058755
0,16500,68,B,4.998456106,5.913564368
0,16500,69,B,11.03451776,3.956756818
0,16500,70,B,10.92858595,6.8750547
0,16500,71,B,-0.5986306972,5.462308298
0,16500,72,B,10.72304243,9.499807832
0,16500,73,B,9.7761636,5.359797908
0,16500,74,B,3.882124795,6.524476285
0,16500,75,B,8.944589669,4.760400422
0,16500,76,B,9.458723813,10.52150888
0,16500,77,B,0.1469622161,5.763654532
0,16500,78,B,11.19658473,5.829781357
0,16500,79,B,5.089328353,8.33828025
0,16500,80,B,-0.05855129177,4.713537234
0,16500,81,B,9.122560277,9.593493064
0,16500,82,B,4.484806932,5.271090079
0,16500,83,B,0.09667523623,6.683187421
0,16500,84,B,3.859267557,5.810677669
0,16500,85,B,8.530369347,10.16187103
0,16500,86,B,4.968450569,6.738443459
0,16500,87,B,5.478728691,4.87327196
0,16500,88,B,4.645095521,9.869535503
0,16500,89,B,4.658360813,4.485164135
0,16500,90,B,3.407447811,8.550109045
0,16500,91,B,11.50939156,4.662139649
0,16500,92,B,10.45831412,5.934535971
0,16500,93,B,5.203436058,9.103051289
0,16500,94,B,11.98293647,3.827308047
0,16500,95,B,4.533863892,3.714823103
0,16500,96,B,3.64714414,4.869752081
0,16500,97,B,9.767120719,9.024797099
0,16500,98,B,3.856760929,7.188696563
0,16500,99,B,9.944857784,2.487638667
0,16500,100,B,10.65097687,4.947457557
0,16750,1,A,2.941509386,5.922696556
0,16750,2,A,1.255507437,6.9947462
0,16750,3,A,8.273743921,6.859556631
0,16750,4,A,8.787612074,7.693468832
0,16750,5,A,9.042661501,8.681707029
0,16750,6,A,5.948542224,5.681586313
0,16750,7,A,9.720112434,1.714332202
0,16750,8,A,10.93892579,2.531694557
0,16750,9,A,8.173042318,8.292761873
0,16750,10,A,8.314585751,5.346226574
0,16750,11,A,7.5790691,9.278006047
0,16750,12,A,8.326626678,9.203946574
0,16750,13,A,6.110685844,8.933760352
0,16750,14,A,2.580630491,4.216551834
0,16750,15,A,0.8826464812,4.588696385
0,16750,16,A,9.744359964,7.966732253
0,16750,17,A,7.350466982,5.299188518
0,16750,18,A,6.728218559,7.60648316
0,16750,19,A,2.826884676,6.836860109
0,16750,20,A,11.4725479,2.972054982
0,16750,21,A,6.768522999,6.015907859
0,16750,22,A,2.766690958,10.2527363
0,16750,23,A,8.821938957,5.928239168
0,16750,24,A,6.827428763,9.270138017
0,16750,25,A,0.8356472011,5.398650646
0,16750,26,A,2.71060515,5.045842717
0,16750,27,A,1.770540046,4.86329533
0,16750,28,A,7.776471278,6.18395172
0,16750,29,A,9.632032474,6.304170111
0,16750,30,A,7.948568141,4.57553191
0,16750,31,A,7.10852479,4.371398393
0,16750,32,A,10.07122933,7.147039616
0,16750,33,A,10.06682069,4.389118705
0,16750,34,A,9.552898915,3.955497206
0,16750,35,A,6.449867879,4.989443581
0,16750,36,A,7.686369835,7.48403131
0,16750,37,A,0.9768292599,6.165486807
0,16750,38,A,5.762439104,7.297281269
0,16750,39,A,1.926970486,5.682526299
0,16750,40,A,6.083900151,8.131815451
0,16750,41,A,1.643094834,3.983658985
0,16750,42,A,2.091467967,7.37951364
0,16750,43,A,2.407118911,9.438904009
0,16750,44,A,3.240037477,9.430401627
0,16750,45,A,5.990342745,6.566493127
0,16750,46,A,3.696961802,10.14901039
0,16750,47,A,7.049265365,6.828682077
0,16750,48,A,2.012898463,6.425450406
0,16750,49,A,9.16745758,6.965655457
0,16750,50,A,7.177730064,8.356785339
0,16750,51,B,9.283702924,3.202280919
0,16750,52,B,4.191709132,9.071487726
0,16750,53,B,9.042348172,2.4135697
0,16750,54,B,10.01958523,10.26520961
0,16750,55,B,-0.7012890912,6.483223983
0,16750,56,B,8.609134469,3.913300197
0,16750,57,B,8.306026117,2.933695067
0,16750,58,B,3.623533727,3.931481872
0,16750,59,B,7.716923265,3.559162734
0,16750,60,B,5.371527156,4.039722638
0,16750,61,B,2.548717182,8.312715136
0,16750,62,B,10.5222269,8.533448076
0,16750,63,B,4.821778,7.504060147
0,16750,64,B,3.18628619,7.637110228
0,16750,65,B,5.679079685,9.724151063
0,16750,66,B,4.119561695,8.141188543
0,16750,67,B,10.43431255,3.416383185
0,16750,68,B,4.998603374,5.848175768
0,16750,69,B,11.15544053,3.98068945
0,16750,70,B,10.9450853,6.7738795
0,16750,71,B,-0.6103639849,5.404603889
0,16750,72,B,10.64220367,9.485081391
0,16750,73,B,9.760810501,5.387684148
0,16750,74,B,3.916449228,6.44889955
0,16750,75,B,9.016968561,4.792046604
0,16750,76,B,9.182077189,10.62152709
0,16750,77,B,0.04073270946,5.832610667
0,16750,78,B,11.18994309,5.728215296
0,16750,79,B,5.094501536,8.272503115
0,16750,80,B,-0.03491820482,4.667503967
0,16750,81,B,9.338149491,9.656593596
0,16750,82,B,4.430465475,5.238226437
0,16750,83,B,0.1898677387,6.811232329
0,16750,84,B,3.816968205,5.730465564
0,16750,85,B,8.495454472,10.06083753
0,16750,86,B,4.944292782,6.669961491
0,16750,87,B,5.482462093,4.926973114
0,16750,88,B,4.583949692,9.872810645
0,16750,89,B,4.559556832,4.490937883
0,16750,90,B,3.382694857,8.55543563
0,16750,91,B,11.5022905,4.662015262
0,16750,92,B,10.44042009,6.016534516
0,16750,93,B,5.143311508,9.084323173
0,16750,94,B,11.9825561,3.720659432
0,16750,95,B,4.415905831,3.642093471
0,16750,96,B,3.513979512,4.753507194
0,16750,97,B,9.877249056,9.059130932
0,16750,98,B,3.923813235,7.185563278
0,16750,99,B,10.01202756,2.577796364
0,16750,100,B,10.59900684,4.944607684
0,17000,1,A,2.812714039,5.902227858
0,17000,2,A,1.248300881,6.971559889
0,17000,3,A,8.047662338,6.828987535
0,17000,4,A,8.691515303,7.580056373
0,17000,5,A,9.201205739,8.588961783
0,17000,6,A,5.862690206,5.652133431
0,17000,7,A,9.827438705,1.741347067
0,17000,8,A,10.91390989,2.606767444
0,17000,9,A,8.134831633,8.339286417
0,17000,10,A,8.214271496,5.470273118
0,17000,11,A,7.68751559,9.411449186
0,17000,12,A,8.489636638,9.085274181
0,17000,13,A,6.228657934,8.966835995
0,17000,14,A,2.565847368,4.295107549
0,17000,15,A,0.8026878736,4.411791725
0,17000,16,A,9.623933407,7.945885033
0,17000,17,A,7.220029417,5.231019881
0,17000,18,A,6.725085117,7.725564841
0,17000,19,A,2.919281954,6.70617062
0,17000,20,A,11.56010818,2.948405919
0,17000,21,A,6.741084148,6.029002186
0,17000,22,A,2.621306518,10.22109012
0,17000,23,A,8.820198241,5.970475222
0,17000,24,A,6.895421055,9.398602716
0,17000,25,A,0.7960749095,5.386416663
0,17000,26,A,2.804211657,5.142051896
0,17000,27,A,1.671294402,4.845939112
0,17000,28,A,7.643956626,6.109434065
0,17000,29,A,9.617768938,6.372693012
0,17000,30,A,8.023717107,4.659195305
0,17000,31,A,7.094071346,4.39537268
0,17000,32,A,10.03501548,7.190181333
0,17000,33,A,10.07601901,4.486551283
0,17000,34,A,9.585659851,4.012798539
0,17000,35,A,6.30719318,4.961927352
0,17000,36,A,7.692215518,7.656496065
0,17000,37,A,0.9518920873,6.186358582
0,17000,38,A,5.945999382,7.27237103
0,17000,39,A,1.821692099,5.580381196
0,17000,40,A,5.919089342,8.208267614
0,17000,41,A,1.667096745,4.07988391
0,17000,42,A,2.169173443,7.317787919
0,17000,43,A,2.542481788,9.299777962
0,17000,44,A,3.341121356,9.472598633
0,17000,45,A,5.930171196,6.495097868
0,17000,46,A,3.560923684,10.22395731
0,17000,47,A,7.022005783,6.932393822
0,17000,48,A,1.992520063,6.424949688
0,17000,49,A,9.053001342,6.903254268
0,17000,50,A,7.140426648,8.495454472
0,17000,51,B,9.368523176,3.189057822
0,17000,52,B,4.245522914,9.045905002
0,17000,53,B,8.891983212,2.371320231
0,17000,54,B,10.06881245,10.27936923
0,17000,55,B,-0.7541708701,6.461426738
0,17000,56,B,8.665950188,3.903668237
0,17000,57,B,8.312403367,3.034766123
0,17000,58,B,3.451994267,3.919138627
0,17000,59,B,7.781254357,3.590839474
0,17000,60,B,5.217943532,3.922117483
0,17000,61,B,2.543341517,8.269974347
0,17000,62,B,10.39530078,8.568595428
0,17000,63,B,5.009827083,7.548567632
0,17000,64,B,3.182095316,7.612781226
0,17000,65,B,5.448452564,9.823715535
0,17000,66,B,4.063557762,8.03155032
0,17000,67,B,10.42526653,3.403589661
0,17000,68,B,4.939569235,5.917343205
0,17000,69,B,11.1234732,3.879999979
0,17000,70,B,10.93941704,6.623040938
0,17000,71,B,-0.5702579325,5.390817433
0,17000,72,B,10.75708818,9.424103566
0,17000,73,B,9.677600519,5.33036392
0,17000,74,B,3.978645729,6.470860891
0,17000,75,B,8.922777911,4.796918154
0,17000,76,B,9.123813591,10.52000554
0,17000,77,B,0.04503113609,5.875461099
0,17000,78,B,11.16358235,5.640226946
0,17000,79,B,4.942403363,8.342726495
0,17000,80,B,-0.000939985603,4.618149267
0,17000,81,B,9.209643457,9.657798206
0,17000,82,B,4.495324482,5.176187387
0,17000,83,B,0.06517233514,6.795782581
0,17000,84,B,3.855343936,5.74685062
0,17000,85,B,8.334224112,10.08193603
0,17000,86,B,5.000030621,6.756559833
0,17000,87,B,5.393950718,4.815232916
0,17000,88,B,4.482936313,9.917081936
0,17000,89,B,4.447366227,4.359697536
0,17000,90,B,3.423940858,8.565362949
0,17000,91,B,11.53299669,4.620342567
0,17000,92,B,10.31947528,5.96013538
0,17000,93,B,5.169920816,9.14104666
0,17000,94,B,12.08288827,3.815401563
0,17000,95,B,4.335900089,3.502981524
0,17000,96,B,3.618004586,4.791419947
0,17000,97,B,9.906821598,9.298024256
0,17000,98,B,3.942271278,7.177585206
0,17000,99,B,9.896505137,2.557134964
0,17000,100,B,10.66820994,4.917064689
0,17250,1,A,2.941841609,5.844203822
0,17250,2,A,1.290600233,6.922367309
0,17250,3,A,8.155315091,6.786069396
0,17250,4,A,8.57454867,7.593517029
0,17250,5,A,9.098870741,8.489937308
0,17250,6,A,5.895252991,5.638978309
0,17250,7,A,9.856780356,1.682212091
0,17250,8,A,11.02634445,2.429862784
0,17250,9,A,8.018045541,8.337070958
0,17250,10,A,8.318559258,5.432803457
0,17250,11,A,7.713895321,9.418845638
0,17250,12,A,8.46770364,9.058014599
0,17250,13,A,6.226578,8.854758849
0,17250,14,A,2.623583579,4.318659927
0,17250,15,A,0.8568511976,4.464380534
0,17250,16,A,9.564116139,7.855684397
0,17250,17,A,7.241687067,5.388934297
0,17250,18,A,6.781996126,7.77932085
0,17250,19,A,2.929699738,6.68777153
0,17250,20,A,11.61425427,2.891124898
0,17250,21,A,6.670239633,6.046127362
0,17250,22,A,2.608265192,10.13251479
0,17250,23,A,8.866570864,5.993661533
0,17250,24,A,6.821162192,9.484454734
0,17250,25,A,0.8225665262,5.335130407
0,17250,26,A,2.707096183,5.147941053
0,17250,27,A,1.749626536,4.850325711
0,17250,28,A,7.686153632,6.174933899
0,17250,29,A,9.682791696,6.317956566
0,17250,30,A,7.854941671,4.750312503
0,17250,31,A,7.085298147,4.376259639
0,17250,32,A,10.10797852,7.257942169
0,17250,33,A,9.98305648,4.385969675
0,17250,34,A,9.531517313,3.92578499
0,17250,35,A,6.384146442,4.901885318
0,17250,36,A,7.612943399,7.6041702
0,17250,37,A,0.8766900901,6.162022874
0,17250,38,A,5.988648277,7.281441809
0,17250,39,A,1.842812646,5.693132233
0,17250,40,A,5.828225642,8.05522001
0,17250,41,A,1.706387198,4.042251421
0,17250,42,A,2.163846858,7.320607876
0,17250,43,A,2.553940883,9.28016453
0,17250,44,A,3.421672303,9.579435366
0,17250,45,A,5.87240339,6.541986468
0,17250,46,A,3.492821924,10.36737656
0,17250,47,A,6.989273184,6.86299706
0,17250,48,A,1.99026285,6.450807865
0,17250,49,A,9.183659341,6.954013491
0,17250,50,A,7.099581497,8.620332618
0,17250,51,B,9.301606278,3.231220192
0,17250,52,B,4.193902432,9.105640536
0,17250,53,B,9.129354311,2.449001017
0,17250,54,B,9.989039639,10.20663765
0,17250,55,B,-0.7976494248,6.568247811
0,17250,56,B,8.559822229,3.997445441
0,17250,57,B,8.31964815,3.040527688
0,17250,58,B,3.412007442,3.911150709
0,17250,59,B,7.714461844,3.683803578
0,17250,60,B,5.128825969,3.948569339
0,17250,61,B,2.497275184,8.287461789
0,17250,62,B,10.25878152,8.485747309
0,17250,63,B,4.840847913,7.586603536
0,17250,64,B,3.1402482,7.681296495
0,17250,65,B,5.434769165,9.762444178
0,17250,66,B,4.044929672,8.093008371
0,17250,67,B,10.51131496,3.373971541
0,17250,68,B,4.972634056,5.951667637
0,17250,69,B,11.07104495,3.818575177
0,17250,70,B,10.85754224,6.614538555
0,17250,71,B,-0.6542299797,5.385804177
0,17250,72,B,10.68669632,9.433382183
0,17250,73,B,9.725150882,5.303912064
0,17250,74,B,3.928609812,6.453944271
0,17250,75,B,8.947096298,4.803953088
0,17250,76,B,9.118173677,10.54131188
0,17250,77,B,-0.02161966887,5.784358072
0,17250,78,B,11.18756064,5.665735668
0,17250,79,B,4.943592641,8.391478917
0,17250,80,B,-0.03589894765,4.661509843
0,17250,81,B,9.196034233,9.643239509
0,17250,82,B,4.510050923,5.111641709
0,17250,83,B,0.1328890869,6.6501226
0,17250,84,B,3.938226348,5.71855908
0,17250,85,B,8.337045641,10.09544538
0,17250,86,B,4.901534355,6.814420879
0,17250,87,B,5.422651294,4.951545143
0,17250,88,B,4.550278566,9.960729698
0,17250,89,B,4.489057911,4.351193356
0,17250,90,B,3.368203018,8.613228213
0,17250,91,B,11.56683617,4.552663604
0,17250,92,B,10.37370643,5.875384759
0,17250,93,B,5.240616551,9.033938685
0,17250,94,B,11.97891201,3.808122578
0,17250,95,B,4.349755824,3.45102252
0,17250,96,B,3.642798478,4.78621145
0,17250,97,B,9.858157466,9.185670259
0,17250,98,B,3.86921377,7.174436179
0,17250,99,B,10.0164362,2.60424822
0,17250,100,B,10.6291639,4.86391887
0,17500,1,A,2.799701227,5.938999946
0,17500,2,A,1.298746775,7.035792238
0,17500,3,A,8.101023516,6.705542403
0,17500,4,A,8.598112869,7.615615352
0,17500,5,A,8.953953311,8.577644168
0,17500,6,A,5.789563067,5.623078055
0,17500,7,A,9.885436531,1.848165998
0,17500,8,A,11.03887759,2.535141171
0,17500,9,A,7.992697582,8.344252198
0,17500,10,A,8.329212428,5.557821542
0,17500,11,A,7.497211807,9.466300573
0,17500,12,A,8.315209293,9.150128513
0,17500,13,A,6.284205255,8.773198961
0,17500,14,A,2.627573089,4.381899553
0,17500,15,A,0.9091251042,4.418719591
0,17500,16,A,9.465655022,7.934105146
0,17500,17,A,7.282695123,5.408990488
0,17500,18,A,6.621466425,7.735593416
0,17500,19,A,2.807174252,6.795332071
0,17500,20,A,11.65049489,2.867582746
0,17500,21,A,6.581465864,6.010581274
0,17500,22,A,2.541897416,10.08319565
0,17500,23,A,9.002555448,5.967968593
0,17500,24,A,6.640694313,9.473121904
0,17500,25,A,0.8064667097,5.281239044
0,17500,26,A,2.793054864,5.150298222
0,17500,27,A,1.730826824,4.887298478
0,17500,28,A,7.49154355,6.254289468
0,17500,29,A,9.766450415,6.489660603
0,17500,30,A,7.935045132,4.856592282
0,17500,31,A,7.04393878,4.502531038
0,17500,32,A,9.997686873,7.34974743
0,17500,33,A,10.07154424,4.385024965
0,17500,34,A,9.581206788,3.983386801
0,17500,35,A,6.309183367,4.954350785
0,17500,36,A,7.616703341,7.59132373
0,17500,37,A,0.9088102009,6.215556393
0,17500,38,A,5.842875683,7.291357642
0,17500,39,A,1.750186392,5.670133121
0,17500,40,A,5.72921225,8.192287859
0,17500,41,A,1.759026392,4.018438453
0,17500,42,A,2.167792593,7.418486039
0,17500,43,A,2.603108645,9.228300899
0,17500,44,A,3.378364098,9.521774957
0,17500,45,A,5.82666366,6.541239781
0,17500,46,A,3.521812726,10.29973558
0,17500,47,A,6.925977675,6.920624319
0,17500,48,A,1.925862759,6.446655472
0,17500,49,A,8.978515749,6.866460995
0,17500,50,A,7.137031652,8.487617931
0,17500,51,B,9.264811432,3.249843558
0,17500,52,B,4.20993887,9.097864004
0,17500,53,B,8.985128711,2.40900833
0,17500,54,B,9.983587089,10.2395765
0,17500,55,B,-0.7002347143,6.510062809
0,17500,56,B,8.614654723,4.008725268
0,17500,57,B,8.291179407,3.047515613
0,17500,58,B,3.475440103,3.794408551
0,17500,59,B,7.859090241,3.828531743
0,17500,60,B,5.071245711,3.884962056
0,17500,61,B,2.429791931,8.310291477
0,17500,62,B,10.23612989,8.482430081
0,17500,63,B,4.876958637,7.575030646
0,17500,64,B,3.145818485,7.717908458
0,17500,65,B,5.581026748,9.733023455
0,17500,66,B,4.083662747,8.008299451
0,17500,67,B,10.50862967,3.342066065
0,17500,68,B,4.86391887,5.933600662
0,17500,69,B,11.09837728,3.873114808
0,17500,70,B,10.83051412,6.68486428
0,17500,71,B,-0.6025307715,5.379537606
0,17500,72,B,10.6254587,9.552898915
0,17500,73,B,9.739321516,5.347683588
0,17500,74,B,3.824497537,6.407017445
0,17500,75,B,9.010388662,4.81429293
0,17500,76,B,9.058186221,10.59774723
0,17500,77,B,0.03243501411,5.802403591
0,17500,78,B,11.19502588,5.76711565
0,17500,79,B,4.916296177,8.448646717
0,17500,80,B,-0.001253314137,4.64102225
0,17500,81,B,9.186479298,9.681225054
0,17500,82,B,4.550226604,5.156311597
0,17500,83,B,0.1384257405,6.728301591
0,17500,84,B,3.759627509,5.653139546
0,17500,85,B,8.390034015,10.05550768
0,17500,86,B,4.809514276,6.72758875
0,17500,87,B,5.378544087,4.842264193
0,17500,88,B,4.561620369,10.01891726
0,17500,89,B,4.414625852,4.335270283
0,17500,90,B,3.409201515,8.558701416
0,17500,91,B,11.51263034,4.64321555
0,17500,92,B,10.41061335,5.864699562
0,17500,93,B,5.121981551,9.238491835
0,17500,94,B,12.04958659,3.837884833
0,17500,95,B,4.343872862,3.380466742
0,17500,96,B,3.625211142,4.738467425
0,17500,97,B,9.788761299,9.189500794
0,17500,98,B,3.840872496,7.12846033
0,17500,99,B,10.01397996,2.66360587
0,17500,100,B,10.67854978,4.858158925
0,17750,1,A,2.817136852,5.890576445
0,17750,2,A,1.202495679,7.095254512
0,17750,3,A,8.076669629,6.81959555
0,17750,4,A,8.465853586,7.559877514
0,17750,5,A,8.907662561,8.471206935
0,17750,6,A,5.779586437,5.679508368
0,17750,7,A,9.705626892,1.723149487
0,17750,8,A,11.09653004,2.397589945
0,17750,9,A,7.894619453,8.247310868
0,17750,10,A,8.41334589,5.646559981
0,17750,11,A,7.638288368,9.428197304
0,17750,12,A,8.383104936,9.062714527
0,17750,13,A,6.178963405,8.86610633
0,17750,14,A,2.567719466,4.308818427
0,17750,15,A,1.001084667,4.51067758
0,17750,16,A,9.436384785,7.891785328
0,17750,17,A,7.419115848,5.337921593
0,17750,18,A,6.577065095,7.826285489
0,17750,19,A,2.906940551,6.761349179
0,17750,20,A,11.45396862,2.983391492
0,17750,21,A,6.659884595,5.910415337
0,17750,22,A,2.503146846,10.10183854
0,17750,23,A,9.022295146,5.920029328
0,17750,24,A,6.697987864,9.475117857
0,17750,25,A,0.8290673018,5.472596181
0,17750,26,A,2.688701771,5.102422679
0,17750,27,A,1.656526817,5.019269925
0,17750,28,A,7.58658347,6.19056525
0,17750,29,A,9.759475315,6.416149637
0,17750,30,A,7.978597798,4.804579745
0,17750,31,A,7.014423871,4.498888793
0,17750,32,A,9.9926483,7.265424072
0,17750,33,A,10.14643681,4.385963281
0,17750,34,A,9.638175612,3.951737454
0,17750,35,A,6.335816293,4.995710151
0,17750,36,A,7.324330031,7.517995403
0,17750,37,A,0.894239637,6.314509952
0,17750,38,A,5.820704182,7.236635829
0,17750,39,A,1.829525312,5.802217799
0,17750,40,A,5.776524859,8.151868478
0,17750,41,A,1.791798352,4.035167677
0,17750,42,A,2.123114149,7.447192604
0,17750,43,A,2.519288013,9.218821765
0,17750,44,A,3.343842118,9.557773611
0,17750,45,A,5.878295226,6.553762269
0,17750,46,A,3.394969778,10.40723089
0,17750,47,A,6.907398395,6.763802604
0,17750,48,A,2.032248874,6.580525878
0,17750,49,A,9.055194642,6.884141228
0,17750,50,A,7.139481937,8.629288268
0,17750,51,B,9.216245509,3.281803069
0,17750,52,B,4.170890891,9.089676529
0,17750,53,B,9.040154872,2.428296141
0,17750,54,B,10.00905399,10.11412038
0,17750,55,B,-0.7344420845,6.54793971
0,17750,56,B,8.648497357,4.066343079
0,17750,57,B,8.320821145,3.041936825
0,17750,58,B,3.383003461,3.774742855
0,17750,59,B,7.839543228,3.855206946
0,17750,60,B,5.118221608,3.952326132
0,17750,61,B,2.432115319,8.230096166
0,17750,62,B,10.26198424,8.436449909
0,17750,63,B,4.911738104,7.578790588
0,17750,64,B,3.184357894,7.644902909
0,17750,65,B,5.542468444,9.745457403
0,17750,66,B,3.970185858,8.009617323
0,17750,67,B,10.3548814,3.298722809
0,17750,68,B,4.947756715,5.835468412
0,17750,69,B,11.04702413,3.883707183
0,17750,70,B,10.97023994,6.849268232
0,17750,71,B,-0.5404917217,5.476356123
0,17750,72,B,10.53067288,9.449925616
0,17750,73,B,9.835366945,5.318712507
0,17750,74,B,3.957604393,6.342954261
0,17750,75,B,9.052061357,4.815546244
0,17750,76,B,9.248205019,10.56731815
0,17750,77,B,0.07935556847,5.882388966
0,17750,78,B,11.20619503,5.878669961
0,17750,79,B,4.786526354,8.383663889
0,17750,80,B,-0.006927867089,4.684812669
0,17750,81,B,9.138171595,9.656187115
0,17750,82,B,4.474083289,5.126799365
0,17750,83,B,0.0319595105,6.846855132
0,17750,84,B,3.803808407,5.639913618
0,17750,85,B,8.395334105,10.11630277
0,17750,86,B,4.835236059,6.73173106
0,17750,87,B,5.351462424,4.788415772
0,17750,88,B,4.405712521,9.868595517
0,17750,89,B,4.313856876,4.272604576
0,17750,90,B,3.339231938,8.647552646
0,17750,91,B,11.52704345,4.751000566
0,17750,92,B,10.42130705,6.002121404
0,17750,93,B,5.160723611,9.09494528
0,17750,94,B,11.91404198,3.889682468
0,17750,95,B,4.223355314,3.41622101
0,17750,96,B,3.523765125,4.721971228
0,17750,97,B,9.709090827,9.05787132
0,17750,98,B,3.843706623,7.089727259
0,17750,99,B,10.04068374,2.552919023
0,17750,100,B,10.72335576,4.946517571
0,18000,1,A,2.888002905,5.938999946
0,18000,2,A,1.179055275,7.04393878
0,18000,3,A,8.122415595,6.721523718
0,18000,4,A,8.346132169,7.594457015
0,18000,5,A,8.978115823,8.57454867
0,18000,6,A,5.805037755,5.735165492
0,18000,7,A,9.758079398,1.748404398
0,18000,8,A,10.97783521,2.479861515
0,18000,9,A,8.034056949,8.276886563
0,18000,10,A,8.380514856,5.749814782
0,18000,11,A,7.545204301,9.594499513
0,18000,12,A,8.205134328,9.116920363
0,18000,13,A,6.223743872,8.933484611
0,18000,14,A,2.551747584,4.328320373
0,18000,15,A,0.7438419405,4.619089253
0,18000,16,A,9.406818885,7.875306991
0,18000,17,A,7.416799736,5.356977951
0,18000,18,A,6.526680607,7.922330924
0,18000,19,A,2.952845896,6.807259222
0,18000,20,A,11.52331936,2.896652152
0,18000,21,A,6.636329533,5.995954599
0,18000,22,A,2.634491636,10.13190542
0,18000,23,A,9.078380954,6.015594531
0,18000,24,A,6.67421111,9.513594288
0,18000,25,A,0.8118200618,5.508599046
0,18000,26,A,2.648252772,5.194360442
0,18000,27,A,1.66457752,4.926028404
0,18000,28,A,7.478632522,6.175248802
0,18000,29,A,9.766355464,6.537805588
0,18000,30,A,8.163546658,4.886665523
0,18000,31,A,7.216844689,4.54653733
0,18000,32,A,10.03591295,7.418366379
0,18000,33,A,10.20411842,4.427536877
0,18000,34,A,9.717001764,4.022056841
0,18000,35,A,6.386888844,5.009496607
0,18000,36,A,7.396768862,7.608186501
0,18000,37,A,0.9437268391,6.312089063
0,18000,38,A,5.872090062,7.284888423
0,18000,39,A,1.798411316,5.740682594
0,18000,40,A,5.718245751,8.146861613
0,18000,41,A,1.57760917,4.134996668
0,18000,42,A,2.105126886,7.364637623
0,18000,43,A,2.435775088,9.297827442
0,18000,44,A,3.331359361,9.472598633
0,18000,45,A,5.862690206,6.546999725
0,18000,46,A,3.489853215,10.31822196
0,18000,47,A,6.888862982,6.954022847
0,18000,48,A,2.068908312,6.518486828
0,18000,49,A,8.969698465,7.004073627
0,18000,50,A,7.190263206,8.627501193
0,18000,51,B,9.280192873,3.356866509
0,18000,52,B,4.100843857,9.033888302
0,18000,53,B,8.952778298,2.433985938
0,18000,54,B,10.05784595,9.957580821
0,18000,55,B,-0.830320616,6.705857292
0,18000,56,B,8.656096376,4.115997564
0,18000,57,B,8.418824389,3.084092763
0,18000,58,B,3.368517921,3.809697094
0,18000,59,B,7.875826039,3.732056172
0,18000,60,B,5.091113942,3.962181739
0,18000,61,B,2.448056307,8.328240953
0,18000,62,B,10.26213616,8.451410556
0,18000,63,B,4.809593002,7.543697792
0,18000,64,B,3.180050796,7.616221655
0,18000,65,B,5.542468444,9.757990545
0,18000,66,B,4.053015364,8.070899954
0,18000,67,B,10.42869599,3.310682294
0,18000,68,B,4.951217499,5.906242872
0,18000,69,B,11.09525958,3.89088568
0,18000,70,B,10.82675418,6.846228475
0,18000,71,B,-0.5898134119,5.636134781
0,18000,72,B,10.66570331,9.252591619
0,18000,73,B,9.814583349,5.391140209
0,18000,74,B,3.903266949,6.262227519
0,18000,75,B,9.09276289,4.877324966
0,18000,76,B,9.275154425,10.53508152
0,18000,77,B,0.06360569247,5.618293949
0,18000,78,B,11.23617948,5.861270095
0,18000,79,B,4.938309623,8.441920951
0,18000,80,B,-0.08240540453,4.506290981
0,18000,81,B,9.056447956,9.676525126
0,18000,82,B,4.562315382,5.055453558
0,18000,83,B,0.05357917937,6.703037335
0,18000,84,B,3.846028635,5.500023505
0,18000,85,B,8.364769708,10.18018579
0,18000,86,B,4.816799558,6.718703762
0,18000,87,B,5.441316328,4.862671791
0,18000,88,B,4.476661753,9.91031387
0,18000,89,B,4.324247102,4.289467635
0,18000,90,B,3.277196037,8.525370259
0,18000,91,B,11.52860064,4.708115494
0,18000,92,B,10.43368274,5.993234839
0,18000,93,B,5.080330899,9.144154754
0,18000,94,B,11.96598507,3.841281234
0,18000,95,B,4.225054216,3.421736537
0,18000,96,B,3.473560132,4.709954528
0,18000,97,B,9.66054537,9.10908715
0,18000,98,B,3.901253581,7.106291159
0,18000,99,B,9.939599855,2.638572653
0,18000,100,B,10.75413158,5.029714209
0,18250,1,A,2.846769002,5.900241306
0,18250,2,A,1.23984101,7.025452397
0,18250,3,A,8.00950022,6.81157244
0,18250,4,A,8.481896489,7.550597224
0,18250,5,A,8.780126831,8.543319736
0,18250,6,A,5.814301519,5.719353479
0,18250,7,A,9.724521073,1.754639792
0,18250,8,A,11.02853142,2.611387613
0,18250,9,A,7.923905438,8.261166601
0,18250,10,A,8.427284259,5.761485089
0,18250,11,A,7.536491236,9.652712157
0,18250,12,A,8.168161561,9.162353001
0,18250,13,A,6.122844861,8.926901415
0,18250,14,A,2.433309398,4.19860236
0,18250,15,A,0.7908412206,4.567390045
0,18250,16,A,9.411192538,8.04892195
0,18250,17,A,7.363533885,5.436876728
0,18250,18,A,6.562751891,7.915520553
0,18250,19,A,2.849557696,6.752780997
0,18250,20,A,11.57489139,3.030941852
0,18250,21,A,6.616245331,6.064160453
0,18250,22,A,2.596060741,10.13483975
0,18250,23,A,9.070627244,6.018713786
0,18250,24,A,6.690190865,9.538033913
0,18250,25,A,0.9010569064,5.369628196
0,18250,26,A,2.771146836,5.122527907
0,18250,27,A,1.822343948,4.874384305
0,18250,28,A,7.52709138,6.202338337
0,18250,29,A,9.732078745,6.546519499
0,18250,30,A,8.121788938,4.920824632
0,18250,31,A,7.283635109,4.520390765
0,18250,32,A,9.981796868,7.421949974
0,18250,33,A,10.22805105,4.393212445
0,18250,34,A,9.713184564,4.045244575
0,18250,35,A,6.48809396,5.023283062
0,18250,36,A,7.36873136,7.645846047
0,18250,37,A,0.9201467111,6.209888138
0,18250,38,A,5.783509409,7.301027205
0,18250,39,A,1.795577189,5.709192289
0,18250,40,A,5.688408688,8.139299122
0,18250,41,A,1.543969652,4.041150835
0,18250,42,A,2.167980263,7.418290422
0,18250,43,A,2.563027411,9.271078002
0,18250,44,A,3.424570664,9.492752432
0,18250,45,A,5.845143808,6.556399581
0,18250,46,A,3.557532179,10.2790559
0,18250,47,A,6.842843267,6.959672298
0,18250,48,A,1.989090596,6.515674667
0,18250,49,A,9.019138242,6.990217895
0,18250,50,A,7.097666866,8.694091264
0,18250,51,B,9.253426113,3.33639781
0,18250,52,B,4.180519718,9.026044178
0,18250,53,B,8.902309211,2.372479575
0,18250,54,B,10.10390525,10.0396729
0,18250,55,B,-0.8931445694,6.632437134
0,18250,56,B,8.690480228,4.095517272
0,18250,57,B,8.356362891,3.014812863
0,18250,58,B,3.345408761,3.771222239
0,18250,59,B,7.963268319,3.807492772
0,18250,60,B,5.155821032,4.121523541
0,18250,61,B,2.474508164,8.278171366
0,18250,62,B,10.33921498,8.408171219
0,18250,63,B,4.777006834,7.457845774
0,18250,64,B,3.165405454,7.610891805
0,18250,65,B,5.5518683,9.854182405
0,18250,66,B,4.055006569,8.043253693
0,18250,67,B,10.31446202,3.242323673
0,18250,68,B,4.867558781,5.809424355
0,18250,69,B,11.05656097,3.89094208
0,18250,70,B,10.78700396,6.817021217
0,18250,71,B,-0.5551295447,5.535787267
0,18250,72,B,10.4716878,9.213720269
0,18250,73,B,9.832562736,5.417763687
0,18250,74,B,3.846855653,6.279166807
0,18250,75,B,9.081850948,4.8636071
0,18250,76,B,9.316197311,10.52031887
0,18250,77,B,0.1040250734,5.633647047
0,18250,78,B,11.27606729,5.676573056
0,18250,79,B,4.891685078,8.369005152
0,18250,80,B,-0.02816791874,4.501803103
0,18250,81,B,9.065221155,9.699711437
0,18250,82,B,4.500337739,4.999156765
0,18250,83,B,-0.002531947752,6.578949741
0,18250,84,B,3.810011997,5.467346747
0,18250,85,B,8.37138267,10.2126208
0,18250,86,B,4.824629623,6.620206812
0,18250,87,B,5.438510401,4.955579157
0,18250,88,B,4.524401682,9.927370335
0,18250,89,B,4.239224854,4.134047235
0,18250,90,B,3.346662075,8.543215817
0,18250,91,B,11.56840282,4.635382337
0,18250,92,B,10.46673189,6.032431652
0,18250,93,B,5.170234145,9.184285998
0,18250,94,B,12.05354403,3.79489665
0,18250,95,B,4.36191299,3.384897651
0,18250,96,B,3.501367248,4.62555205
0,18250,97,B,9.552934948,9.062832996
0,18250,98,B,3.862514639,7.075924792
0,18250,99,B,9.870475488,2.580573809
0,18250,100,B,10.67279276,4.996798889
0,18500,1,A,2.818067391,6.015907859
0,18500,2,A,1.243867046,7.14798432
0,18500,3,A,8.135205384,6.757504544
0,18500,4,A,8.337373139,7.605223547
0,18500,5,A,8.825211498,8.441384043
0,18500,6,A,5.888687027,5.685259657
0,18500,7,A,9.736684204,1.788165945
0,18500,8,A,11.03106337,2.512958144
0,18500,9,A,7.899308534,8.300867889
0,18500,10,A,8.232707239,5.685032927
0,18500,11,A,7.612466318,9.687047613
0,18500,12,A,8.264630535,9.141005721
0,18500,13,A,6.201099052,9.017938162
0,18500,14,A,2.459315666,4.21364213
0,18500,15,A,0.8215820561,4.587507626
0,18500,16,A,9.421584342,7.999482166
0,18500,17,A,7.309954706,5.423716929
0,18500,18,A,6.555892954,7.990345281
0,18500,19,A,2.831293319,6.791199167
0,18500,20,A,11.60301687,2.890893117
0,18500,21,A,6.631285101,6.06917371
0,18500,22,A,2.592364938,10.22230446
0,18500,23,A,8.916794753,5.897504312
0,18500,24,A,6.813872184,9.516370159
0,18500,25,A,0.95345873,5.409303817
0,18500,26,A,2.728005119,5.223296883
0,18500,27,A,1.890363007,4.774874941
0,18500,28,A,7.434346134,6.359315933
0,18500,29,A,9.658391431,6.434414015
0,18500,30,A,8.08077392,4.86838088
0,18500,31,A,7.210316232,4.517257479
0,18500,32,A,9.8892752,7.328127761
0,18500,33,A,10.28590548,4.290886187
0,18500,34,A,9.634852431,4.143456538
0,18500,35,A,6.43367924,4.9633734
0,18500,36,A,7.360713928,7.479465443
0,18500,37,A,0.9531454014,6.292890283
0,18500,38,A,5.705385252,7.309128515
0,18500,39,A,1.823288657,5.634560266
0,18500,40,A,5.71863938,8.19062832
0,18500,41,A,1.43975241,3.995640294
0,18500,42,A,2.152047441,7.402425984
0,18500,43,A,2.636012694,9.333760854
0,18500,44,A,3.47606676,9.666498613
0,18500,45,A,5.725252345,6.507471519
0,18500,46,A,3.424142841,10.45441227
0,18500,47,A,6.621258587,7.049892022
0,18500,48,A,1.878388738,6.5178665
0,18500,49,A,8.971535923,6.929887194
0,18500,50,A,7.19626789,8.670938504
0,18500,51,B,9.281383547,3.298523277
0,18500,52,B,4.187009204,9.043288158
0,18500,53,B,9.057532913,2.405303127
0,18500,54,B,9.996120231,9.986407046
0,18500,55,B,-0.7445060096,6.638511923
0,18500,56,B,8.734227753,4.07950634
0,18500,57,B,8.388072534,3.056448999
0,18500,58,B,3.263316685,3.777802138
0,18500,59,B,7.907530475,3.83614895
0,18500,60,B,5.060882486,4.065751061
0,18500,61,B,2.50001531,8.431214251
0,18500,62,B,10.25292839,8.349024555
0,18500,63,B,4.737716381,7.513271862
0,18500,64,B,3.071872951,7.724488357
0,18500,65,B,5.540588473,9.847289177
0,18500,66,B,4.025163939,8.00855074
0,18500,67,B,10.42738468,3.302703184
0,18500,68,B,4.975468183,5.780675281
0,18500,69,B,11.07499455,3.926739194
0,18500,70,B,10.80262788,6.869101458
0,18500,71,B,-0.5442516641,5.641480261
0,18500,72,B,10.49493926,9.153579802
0,18500,73,B,9.851610303,5.370232839
0,18500,74,B,3.922686188,6.308036052
0,18500,75,B,9.112847092,4.915811375
0,18500,76,B,9.446380567,10.61012705
0,18500,77,B,0.114364915,5.341624853
0,18500,78,B,11.22092147,5.89809633
0,18500,79,B,4.886366287,8.39938711
0,18500,80,B,-0.1231270924,4.477606462
0,18500,81,B,8.985443618,9.70531199
0,18500,82,B,4.505350995,4.841552512
0,18500,83,B,0.08533872642,6.44260149
0,18500,84,B,3.928513163,5.615787321
0,18500,85,B,8.473030225,10.30255554
0,18500,86,B,4.761963916,6.703971023
0,18500,87,B,5.381693117,4.944922588
0,18500,88,B,4.514450119,9.872525509
0,18500,89,B,3.956127012,4.210883579
0,18500,90,B,3.398047955,8.61747468
0,18500,91,B,11.48380411,4.770740264
0,18500,92,B,10.38057434,6.084526808
0,18500,93,B,5.223813324,9.14543326
0,18500,94,B,11.92254436,3.812846125
0,18500,95,B,4.259693551,3.442205235
0,18500,96,B,3.462044127,4.901151064
0,18500,97,B,9.58785315,9.07046744
0,18500,98,B,3.737269392,7.096655128
0,18500,99,B,10.02619977,2.620679861
0,18500,100,B,10.72696938,5.094372058
0,18750,1,A,2.904777058,5.967800852
0,18750,2,A,1.193766127,7.022300406
0,18750,3,A,8.095099896,6.800008618
0,18750,4,A,8.407231233,7.536177908
0,18750,5,A,8.825787772,8.621730596
0,18750,6,A,5.712867724,5.708814719
0,18750,7,A,9.497577303,1.807998711
0,18750,8,A,11.17705548,2.317691168
0,18750,9,A,7.933352525,8.221488818
0,18750,10,A,8.277199891,5.735792149
0,18750,11,A,7.574048148,9.662800076
0,18750,12,A,8.086382814,9.048928071
0,18750,13,A,6.210903181,8.966285684
0,18750,14,A,2.495035119,4.255001496
0,18750,15,A,0.8043143476,4.571149987
0,18750,16,A,9.348048241,8.023382065
0,18750,17,A,7.27539596,5.517360487
0,18750,18,A,6.548722255,7.881537661
0,18750,19,A,2.829309899,6.774131736
0,18750,20,A,11.59628906,2.852229648
0,18750,21,A,6.55013301,6.064160453
0,18750,22,A,2.591652098,10.17609205
0,18750,23,A,8.947096298,6.020607787
0,18750,24,A,6.689330383,9.62058897
0,18750,25,A,0.9817627411,5.434769165
0,18750,26,A,2.803896753,5.169448462
0,18750,27,A,1.794432516,4.79298659
0,18750,28,A,7.446827319,6.395051134
0,18750,29,A,9.698458123,6.429814853
0,18750,30,A,7.989720172,4.938939429
0,18750,31,A,7.143575681,4.587822529
0,18750,32,A,9.975071102,7.401724115
0,18750,33,A,10.3055172,4.283626183
0,18750,34,A,9.666498613,4.292914249
0,18750,35,A,6.378609375,5.060414076
0,18750,36,A,7.357764586,7.587850614
0,18750,37,A,0.9137969492,6.236017257
0,18750,38,A,5.699430294,7.345743436
0,18750,39,A,1.91976393,5.632393733
0,18750,40,A,5.735626911,8.217625384
0,18750,41,A,1.527789933,3.989612228
0,18750,42,A,2.14849376,7.369173799
0,18750,43,A,2.587467036,9.372283119
0,18750,44,A,3.49227482,9.656187115
0,18750,45,A,5.672348632,6.543370465
0,18750,46,A,3.543460879,10.40472279
0,18750,47,A,6.655161048,6.949595402
0,18750,48,A,1.916448259,6.481691769
0,18750,49,A,9.113745932,7.031851894
0,18750,50,A,7.084044833,8.700193413
0,18750,51,B,9.415601183,3.430868725
0,18750,52,B,4.252181539,9.086527496
0,18750,53,B,9.056926609,2.631014979
0,18750,54,B,9.864967837,9.971719965
0,18750,55,B,-0.9265795064,6.743578306
0,18750,56,B,8.754085921,4.174789391
0,18750,57,B,8.399723944,3.226181743
0,18750,58,B,3.253916829,3.661243924
0,18750,59,B,7.895565737,3.913786722
0,18750,60,B,4.996336808,4.091130673
0,18750,61,B,2.430556471,8.409987277
0,18750,62,B,10.33204739,8.375692611
0,18750,63,B,4.730169674,7.604374408
0,18750,64,B,3.050879939,7.728561628
0,18750,65,B,5.559477039,9.859092777
0,18750,66,B,3.905953509,8.118342324
0,18750,67,B,10.54663847,3.288382968
0,18750,68,B,4.858954055,5.791381985
0,18750,69,B,11.10977959,3.889367565
0,18750,70,B,10.74967536,6.907640868
0,18750,71,B,-0.6106773134,5.685972912
0,18750,72,B,10.4614131,9.235358549
0,18750,73,B,9.798921228,5.391433178
0,18750,74,B,3.907428368,6.364050678
0,18750,75,B,8.993001291,4.962557158
0,18750,76,B,9.12134178,10.55094278
0,18750,77,B,0.13253797,5.48982925
0,18750,78,B,11.20739953,5.824131902
0,18750,79,B,4.812165102,8.38909871
0,18750,80,B,-0.0538925079,4.538877148
0,18750,81,B,8.851844423,9.623885932
0,18750,82,B,4.445818574,4.930537816
0,18750,83,B,-0.01817305499,6.478067447
0,18750,84,B,3.861460857,5.615473992
0,18750,85,B,8.259402517,10.31271767
0,18750,86,B,4.74159912,6.77807554
0,18750,87,B,5.372560929,4.880997269
0,18750,88,B,4.573960401,9.899591185
0,18750,89,B,4.045244575,4.15420103
0,18750,90,B,3.286328226,8.674319407
0,18750,91,B,11.61070217,4.721234355
0,18750,92,B,10.41942708,6.004314703
0,18750,93,B,5.238097327,9.16745758
0,18750,94,B,11.92506358,3.817884573
0,18750,95,B,4.236515113,3.341648819
0,18750,96,B,3.42110673,4.677884802
0,18750,97,B,9.633828993,9.071727052
0,18750,98,B,3.773972048,7.15449075
0,18750,99,B,10.01679991,2.667365813
0,18750,100,B,10.75013054,5.020115483
0,19000,1,A,2.797485773,5.915262936
0,19000,2,A,1.182501889,7.018559169
0,19000,3,A,8.258223349,6.798608742
0,19000,4,A,8.326079143,7.619523298
0,19000,5,A,8.851217766,8.577055299
0,19000,6,A,5.702894228,5.713286028
0,19000,7,A,9.570306753,1.815425528
0,19000,8,A,11.11501643,2.327717682
0,19000,9,A,7.766433234,8.189585005
0,19000,10,A,8.280333177,5.791877957
0,19000,11,A,7.517691524,9.679031754
0,19000,12,A,8.172418775,9.035397267
0,19000,13,A,6.191685167,8.847457824
0,19000,14,A,2.492286869,4.151213367
0,19000,15,A,0.9346322509,4.600418651
0,19000,16,A,9.388262874,8.046276762
0,19000,17,A,7.323427833,5.46632961
0,19000,18,A,6.735930502,7.969938538
0,19000,19,A,2.847843049,6.731236903
0,19000,20,A,11.5825556,2.846769002
0,19000,21,A,6.592119034,5.99209489
0,19000,22,A,2.851606156,10.46517305
0,19000,23,A,9.032634988,6.055700583
0,19000,24,A,6.531404154,9.574627221
0,19000,25,A,0.8233837403,5.459710739
0,19000,26,A,2.718243124,5.085999154
0,19000,27,A,1.784240679,4.763853334
0,19000,28,A,7.441077947,6.395067038
0,19000,29,A,9.784037752,6.56635839
0,19000,30,A,8.007110695,4.946517571
0,19000,31,A,7.15660986,4.560015966
0,19000,32,A,9.988600346,7.437479419
0,19000,33,A,10.29120556,4.155889913
0,19000,34,A,9.604943799,4.29165144
0,19000,35,A,6.352422705,5.069342357
0,19000,36,A,7.323025889,7.323342382
0,19000,37,A,1.020197708,6.198891723
0,19000,38,A,5.79705024,7.371250584
0,19000,39,A,1.910677402,5.597300937
0,19000,40,A,5.815944423,8.133630864
0,19000,41,A,1.428464788,3.913160065
0,19000,42,A,2.121234177,7.384213569
0,19000,43,A,2.794637332,9.526769909
0,19000,44,A,3.587690444,9.658391431
0,19000,45,A,5.626127162,6.587105777
0,19000,46,A,3.67765411,10.53448512
0,19000,47,A,6.556399581,6.860014931
0,19000,48,A,1.932660283,6.501333263
0,19000,49,A,9.094085168,7.082484488
0,19000,50,A,7.16582358,8.841191253
0,19000,51,B,9.480694792,3.353868631
0,19000,52,B,4.253434854,9.05770127
0,19000,53,B,9.035454944,2.588720351
0,19000,54,B,9.777109883,10.11783498
0,19000,55,B,-0.8704266684,6.679537695
0,19000,56,B,8.679044514,4.156201682
0,19000,57,B,8.457363799,3.266763299
0,19000,58,B,3.28160468,3.69160845
0,19000,59,B,7.860203046,3.894270388
0,19000,60,B,4.943662976,4.033593162
0,19000,61,B,2.497275184,8.383175084
0,19000,62,B,10.36597858,8.440346437
0,19000,63,B,4.767657617,7.560712484
0,19000,64,B,3.071554945,7.710376102
0,19000,65,B,5.576934583,9.901808342
0,19000,66,B,3.970499187,8.083876186
0,19000,67,B,10.54421371,3.280030164
0,19000,68,B,4.691468144,5.868016791
0,19000,69,B,11.15984917,3.935973217
0,19000,70,B,10.7910977,6.649492797
0,19000,71,B,-0.5834177309,5.785924715
0,19000,72,B,10.40001318,9.51988736
0,19000,73,B,9.736802292,5.297614003
0,19000,74,B,3.80308413,6.361356504
0,19000,75,B,8.987565316,4.974478265
0,19000,76,B,9.165253257,10.60593471
0,19000,77,B,0.05357917937,5.265799348
0,19000,78,B,11.16628442,5.724915616
0,19000,79,B,4.90289008,8.378498536
0,19000,80,B,-0.01621202367,4.338275179
0,19000,81,B,8.960882753,9.58785315
0,19000,82,B,4.540587072,4.946812006
0,19000,83,B,0.08500199845,6.427888346
0,19000,84,B,3.758689098,5.509882276
0,19000,85,B,8.301639517,10.1440113
0,19000,86,B,4.716451808,6.720195581
0,19000,87,B,5.35290468,4.98537031
0,19000,88,B,4.602937876,9.927633544
0,19000,89,B,4.06539837,4.098778094
0,19000,90,B,3.354662187,8.661093477
0,19000,91,B,11.67566037,4.795343639
0,19000,92,B,10.28720244,5.849530407
0,19000,93,B,5.233839837,9.154206459
0,19000,94,B,11.91770801,3.720971201
0,19000,95,B,4.17581483,3.260515718
0,19000,96,B,3.502073028,4.674548404
0,19000,97,B,9.728376248,9.034622568
0,19000,98,B,3.765242496,7.156984908
0,19000,99,B,10.08414036,2.595116031
0,19000,100,B,10.76283515,4.918318003
0,19250,1,A,2.838221186,6.052751516
0,19250,2,A,1.300549594,7.092246483
0,19250,3,A,8.304472132,6.761249979
0,19250,4,A,8.369005152,7.687202261
0,19250,5,A,8.722068733,8.61481996
0,19250,6,A,5.82979071,5.548108357
0,19250,7,A,9.589742572,1.795892092
0,19250,8,A,11.0940125,2.494157487
0,19250,9,A,7.728770511,8.2883971
0,19250,10,A,8.350832097,5.762738403
0,19250,11,A,7.400193324,9.820342923
0,19250,12,A,8.096095999,9.174572814
0,19250,13,A,6.142798121,8.811858401
0,19250,14,A,2.44112844,4.260323358
0,19250,15,A,0.7732948227,4.514750851
0,19250,16,A,9.380429661,8.059123231
0,19250,17,A,7.342540873,5.629887105
0,19250,18,A,6.772859961,7.947066401
0,19250,19,A,2.831863293,6.865028187
0,19250,20,A,11.69203532,2.868136975
0,19250,21,A,6.529704303,6.121597782
0,19250,22,A,2.768312709,10.38550257
0,19250,23,A,9.025115103,6.101759878
0,19250,24,A,6.515344093,9.564865226
0,19250,25,A,0.9226659352,5.43459683
0,19250,26,A,2.665630814,5.251448589
0,19250,27,A,1.780019404,4.789853304
0,19250,28,A,7.476428205,6.460236064
0,19250,29,A,9.758215702,6.426541435
0,19250,30,A,8.012981651,4.997115382
0,19250,31,A,7.175850093,4.673921747
0,19250,32,A,9.966040691,7.406773223
0,19250,33,A,10.28626245,4.188262518
0,19250,34,A,9.59323354,4.280890662
0,19250,35,A,6.476391685,5.03258627
0,19250,36,A,7.440926033,7.367293828
0,19250,37,A,0.9314402791,6.305499382
0,19250,38,A,5.707879409,7.337499555
0,19250,39,A,1.788792602,5.659653316
0,19250,40,A,5.876720711,8.073484388
0,19250,41,A,1.426271488,4.026898323
0,19250,42,A,2.192986412,7.481658743
0,19250,43,A,2.743817975,9.480068135
0,19250,44,A,3.570370776,9.735542679
0,19250,45,A,5.610942537,6.458346643
0,19250,46,A,3.656857324,10.55979826
0,19250,47,A,6.559745428,6.943612243
0,19250,48,A,1.98534936,6.513180509
0,19250,49,A,9.116758191,7.119643046
0,19250,50,A,7.159005927,8.934429321
0,19250,51,B,9.448108624,3.381128214
0,19250,52,B,4.179708177,9.069207828
0,19250,53,B,9.200635199,2.559629121
0,19250,54,B,9.867342203,9.971993934
0,19250,55,B,-0.9651778469,6.619577003
0,19250,56,B,8.675440458,4.098337229
0,19250,57,B,8.498288597,3.212640912
0,19250,58,B,3.14895177,3.81164162
0,19250,59,B,7.884912566,3.924126564
0,19250,60,B,5.00886995,3.983345657
0,19250,61,B,2.50756826,8.365245209
0,19250,62,B,10.44744941,8.343084335
0,19250,63,B,4.731738018,7.445449413
0,19250,64,B,3.267389956,7.753941239
0,19250,65,B,5.558258303,9.774584298
0,19250,66,B,4.072647407,8.127835709
0,19250,67,B,10.5008925,3.278043126
0,19250,68,B,4.878211951,5.738925435
0,19250,69,B,11.18300872,3.831067989
0,19250,70,B,10.69954279,6.597445619
0,19250,71,B,-0.534061472,5.672649435
0,19250,72,B,10.46517305,9.29121448
0,19250,73,B,9.807183124,5.266426005
0,19250,74,B,3.852687658,6.2765972
0,19250,75,B,8.972589848,4.92020747
0,19250,76,B,9.220046391,10.53067288
0,19250,77,B,0.10911939,5.373974076
0,19250,78,B,11.24896204,5.656749181
0,19250,79,B,4.931696659,8.315015023
0,19250,80,B,0.01942636913,4.310147318
0,19250,81,B,9.034150188,9.557299721
0,19250,82,B,4.486108844,4.892963584
0,19250,83,B,0.05671246471,6.468354263
0,19250,84,B,3.790021951,5.520222118
0,19250,85,B,8.388975892,10.1670362
0,19250,86,B,4.718822198,6.601942435
0,19250,87,B,5.381768318,4.830559513
0,19250,88,B,4.557906739,9.896773039
0,19250,89,B,4.081773328,4.146328454
0,19250,90,B,3.311569279,8.696746799
0,19250,91,B,11.69592753,4.672041775
0,19250,92,B,10.36895903,5.799426327
0,19250,93,B,5.175746523,9.076135698
0,19250,94,B,12.05080533,3.70772099
0,19250,95,B,4.12837898,3.406936093
0,19250,96,B,3.421234266,4.769800278
0,19250,97,B,9.696578152,8.896023747
0,19250,98,B,3.806166126,7.086498721
0,19250,99,B,10.18004408,2.466208894
0,19250,100,B,10.83114077,4.83998587
0,19500,1,A,2.899855585,6.019041144
0,19500,2,A,1.374236908,7.077131138
0,19500,3,A,8.145597182,6.712788307
0,19500,4,A,8.482543444,7.701268983
0,19500,5,A,8.795334607,8.600478556
0,19500,6,A,5.729031181,5.590158936
0,19500,7,A,9.710336126,1.67963084
0,19500,8,A,11.03543098,2.412316386
0,19500,9,A,7.837286629,8.340492255
0,19500,10,A,8.216765272,5.723048023
0,19500,11,A,7.407086552,9.795589969
0,19500,12,A,8.073536344,9.225645365
0,19500,13,A,6.051491904,8.816025777
0,19500,14,A,2.371897005,4.229308556
0,19500,15,A,0.8682333686,4.607809426
0,19500,16,A,9.451241909,7.995830868
0,19500,17,A,7.303231528,5.608738216
0,19500,18,A,6.950253548,8.027477049
0,19500,19,A,2.953160799,6.813242381
0,19500,20,A,11.51474491,2.889550383
0,19500,21,A,6.45583378,6.00134916
0,19500,22,A,2.86341343,10.36471897
0,19500,23,A,8.906676917,6.000241432
0,19500,24,A,6.464644703,9.56108639
0,19500,25,A,0.9647385572,5.513642219
0,19500,26,A,2.825230656,5.131142533
0,19500,27,A,1.815101178,4.923194277
0,19500,28,A,7.26449845,6.437563041
0,19500,29,A,9.698144795,6.369029117
0,19500,30,A,7.946263553,4.886665523
0,19500,31,A,7.094384674,4.653555392
0,19500,32,A,9.92983786,7.277724379
0,19500,33,A,10.29942225,4.191395804
0,19500,34,A,9.617454037,4.303465075
0,19500,35,A,6.387154697,4.971479411
0,19500,36,A,7.610750099,7.367293828
0,19500,37,A,0.9624566394,6.296637567
0,19500,38,A,5.748409468,7.375535458
0,19500,39,A,1.967266718,5.680755447
0,19500,40,A,6.0407852,8.054905102
0,19500,41,A,1.554171884,3.986287204
0,19500,42,A,2.205959479,7.440128468
0,19500,43,A,2.658905942,9.510774331
0,19500,44,A,3.532152567,9.659605385
0,19500,45,A,5.735003372,6.556828264
0,19500,46,A,3.726748201,10.54055803
0,19500,47,A,6.622096227,7.095395516
0,19500,48,A,1.988927661,6.505582104
0,19500,49,A,9.07493434,7.026705711
0,19500,50,A,7.111770473,8.884989544
0,19500,51,B,9.413711762,3.33639781
0,19500,52,B,4.232128513,8.964016039
0,19500,53,B,9.136282174,2.484899964
0,19500,54,B,9.841649263,10.01679991
0,19500,55,B,-0.9824975147,6.676889361
0,19500,56,B,8.698940099,4.12371684
0,19500,57,B,8.496216537,3.263003356
0,19500,58,B,3.229645676,3.747661193
0,19500,59,B,7.80865092,3.909206458
0,19500,60,B,5.054929244,3.972379158
0,19500,61,B,2.587064854,8.396269409
0,19500,62,B,10.32567099,8.371697571
0,19500,63,B,4.845312455,7.471945558
0,19500,64,B,3.213810777,7.734828198
0,19500,65,B,5.442875176,9.961976776
0,19500,66,B,4.134047235,8.058054136
0,19500,67,B,10.3943608,3.292769567
0,19500,68,B,4.826512743,5.718872409
0,19500,69,B,11.13938048,3.894091111
0,19500,70,B,10.71174214,6.615483266
0,19500,71,B,-0.5633678224,5.815751721
0,19500,72,B,10.60836419,9.268258045
0,19500,73,B,9.748948328,5.27974405
0,19500,74,B,3.941293169,6.359303274
0,19500,75,B,8.9295499,4.934924416
0,19500,76,B,9.096919293,10.59491311
0,19500,77,B,0.0991427601,5.176312095
0,19500,78,B,11.17736881,5.631453747
0,19500,79,B,5.036756189,8.374331737
0,19500,80,B,0.02569293981,4.272547894
0,19500,81,B,9.067221394,9.516009136
0,19500,82,B,4.442058631,4.956230756
0,19500,83,B,0.0328994961,6.297590211
0,19500,84,B,3.711306341,5.496499563
0,19500,85,B,8.407493119,10.13500895
0,19500,86,B,4.823999817,6.56635839
0,19500,87,B,5.338804896,4.806773045
0,19500,88,B,4.466498257,9.83600935
0,19500,89,B,4.204837754,4.054876535
0,19500,90,B,3.374548315,8.657267403
0,19500,91,B,11.75438613,4.78306242
0,19500,92,B,10.33075511,5.787491358
0,19500,93,B,5.185273915,9.246638377
0,19500,94,B,11.95655389,3.677752716
0,19500,95,B,4.158496308,3.273969855
0,19500,96,B,3.50802627,4.569583345
0,19500,97,B,9.713184564,9.019185241
0,19500,98,B,3.883080526,7.159243681
0,19500,99,B,10.0986259,2.505368663
0,19500,100,B,10.85124418,4.836910842
0,19750,1,A,2.957569442,5.996068967
0,19750,2,A,1.330465385,7.01257601
0,19750,3,A,8.209207599,6.693203882
0,19750,4,A,8.545323666,7.617997801
0,19750,5,A,8.71336738,8.630232979
0,19750,6,A,5.754853231,5.650935225
0,19750,7,A,9.73113404,1.771014751
0,19750,8,A,11.12552474,2.505368663
0,19750,9,A,7.7960548,8.174883167
0,19750,10,A,8.330152414,5.702265996
0,19750,11,A,7.464776789,9.758845505
0,19750,12,A,8.173488146,9.172379514
0,19750,13,A,6.138121576,8.777875509
0,19750,14,A,2.472333609,4.186755112
0,19750,15,A,0.8710845022,4.654409641
0,19750,16,A,9.355676707,8.123982238
0,19750,17,A,7.334989969,5.569182028
0,19750,18,A,6.801109166,8.12993548
0,19750,19,A,2.898602271,6.920487338
0,19750,20,A,11.57804043,3.030312046
0,19750,21,A,6.556399581,5.958255409
0,19750,22,A,2.781417399,10.30349552
0,19750,23,A,8.976235851,6.057267226
0,19750,24,A,6.535316155,9.547634864
0,19750,25,A,0.894239637,5.537455187
0,19750,26,A,2.755724459,5.113208352
0,19750,27,A,1.846445053,4.925211231
0,19750,28,A,7.358520629,6.468040934
0,19750,29,A,9.700964751,6.516920185
0,19750,30,A,7.983611055,4.922391274
0,19750,31,A,7.131357441,4.646348836
0,19750,32,A,10.02840252,7.395498121
0,19750,33,A,10.24411111,4.182857208
0,19750,34,A,9.591946888,4.251506073
0,19750,35,A,6.368599274,4.945867297
0,19750,36,A,7.504218397,7.382646926
0,19750,37,A,1.032417521,6.300410168
0,19750,38,A,5.747698634,7.173030136
0,19750,39,A,1.906108159,5.715805253
0,19750,40,A,5.913762757,7.940058388
0,19750,41,A,1.546488876,4.101612221
0,19750,42,A,2.182699571,7.498060946
0,19750,43,A,2.771461739,9.422529047
0,19750,44,A,3.602498721,9.682631134
0,19750,45,A,5.717856039,6.451138339
0,19750,46,A,3.611111358,10.55572499
0,19750,47,A,6.67421111,7.089371418
0,19750,48,A,2.113087636,6.533526598
0,19750,49,A,9.142895142,7.085633521
0,19750,50,A,7.255435541,8.880043991
0,19750,51,B,9.371173221,3.287611338
0,19750,52,B,4.396625994,8.990962293
0,19750,53,B,9.121658273,2.395539067
0,19750,54,B,9.926059024,10.08571487
0,19750,55,B,-0.9092794066,6.760689785
0,19750,56,B,8.670314968,4.150278059
0,19750,57,B,8.519687695,3.198166505
0,19750,58,B,3.24759515,3.610363464
0,19750,59,B,7.849737152,3.892756298
0,19750,60,B,5.106941781,4.13875661
0,19750,61,B,2.559676967,8.438464812
0,19750,62,B,10.3680412,8.355845353
0,19750,63,B,4.833405971,7.399253338
0,19750,64,B,3.222088003,7.849588315
0,19750,65,B,5.440949999,10.00583342
0,19750,66,B,4.186695876,8.11708901
0,19750,67,B,10.44167341,3.319402493
0,19750,68,B,4.728127583,5.765245032
0,19750,69,B,11.10144713,3.981754196
0,19750,70,B,10.70887302,6.630538175
0,19750,71,B,-0.5391140209,5.85184337
0,19750,72,B,10.50819727,9.296660262
0,19750,73,B,9.817836295,5.24605965
0,19750,74,B,3.783560141,6.386233843
0,19750,75,B,8.979995794,4.911738104
0,19750,76,B,9.220945437,10.57828465
0,19750,77,B,-0.01385573418,5.150554279
0,19750,78,B,11.16389568,5.798457856
0,19750,79,B,5.13921462,8.325139157
0,19750,80,B,0.1171848718,4.254688168
0,19750,81,B,9.118493335,9.63501068
0,19750,82,B,4.453044024,4.939254333
0,19750,83,B,0.05731235502,6.28137113
0,19750,84,B,3.721839143,5.494428409
0,19750,85,B,8.382013036,10.17146711
0,19750,86,B,4.671271838,6.572026647
0,19750,87,B,5.381063311,4.892963584
0,19750,88,B,4.527283993,9.87016216
0,19750,89,B,4.128693883,4.085867069
0,19750,90,B,3.515514978,8.723315811
0,19750,91,B,11.70783401,4.80990633
0,19750,92,B,10.26558277,5.817884225
0,19750,93,B,5.326898412,9.23943182
0,19750,94,B,11.95875821,3.826701858
0,19750,95,B,4.303150173,3.357811217
0,19750,96,B,3.451000477,4.561123474
0,19750,97,B,9.704997083,8.97253259
0,19750,98,B,3.887805773,7.240737581
0,19750,99,B,10.13515465,2.556068053
0,19750,100,B,10.83675864,4.924768792
0,20000,1,A,2.924711423,6.019649095
0,20000,2,A,1.300000089,7.065558449
0,20000,3,A,8.24132771,6.739555067
0,20000,4,A,8.528802704,7.667149235
0,20000,5,A,8.769735027,8.674004499
0,20000,6,A,5.721285506,5.652384406
0,20000,7,A,9.861818804,1.730077354
0,20000,8,A,11.0752237,2.572113938
0,20000,9,A,7.838277255,8.174393315
0,20000,10,A,8.151868478,5.822897482
0,20000,11,A,7.45220586,9.689371596
0,20000,12,A,8.123042252,9.132900119
0,20000,13,A,6.200145037,8.770065676
0,20000,14,A,2.426815235,4.330792707
0,20000,15,A,0.8605457421,4.581242964
0,20000,16,A,9.40428694,8.112360601
0,20000,17,A,7.231935901,5.417450359
0,20000,18,A,6.947120263,7.943191674
0,20000,19,A,2.855720571,6.907786453
0,20000,20,A,11.63588239,3.004472501
0,20000,21,A,6.542236498,6.115286809
0,20000,22,A,2.793323884,10.33294841
0,20000,23,A,8.869412974,5.862408527
0,20000,24,A,6.530144542,9.535579241
0,20000,25,A,0.803374362,5.490769236
0,20000,26,A,2.751024531,5.216920097
0,20000,27,A,1.707953841,5.017956477
0,20000,28,A,7.347240801,6.33205635
0,20000,29,A,9.637112764,6.504139189
0,20000,30,A,8.028103707,4.912364761
0,20000,31,A,7.09004216,4.564519704
0,20000,32,A,10.00730401,7.438010029
0,20000,33,A,10.25027398,4.238480537
0,20000,34,A,9.560001728,4.207780671
0,20000,35,A,6.29790354,5.074982271
0,20000,36,A,7.53147798,7.226609316
0,20000,37,A,0.9556520297,6.294770255
0,20000,38,A,5.582831984,7.272634483
0,20000,39,A,1.895401456,5.758317165
0,20000,40,A,6.01780682,7.958544772
0,20000,41,A,1.567582657,4.102723828
0,20000,42,A,2.129082902,7.517713238
0,20000,43,A,2.694625395,9.490407976
0,20000,44,A,3.565992049,9.692818209
0,20000,45,A,5.659437607,6.449214458
0,20000,46,A,3.715047577,10.49728532
0,20000,47,A,6.547300395,7.096733053
0,20000,48,A,2.018528548,6.538017116
0,20000,49,A,9.121481731,7.059181662
0,20000,50,A,7.175536765,8.820824898
0,20000,51,B,9.374914452,3.261734454
0,20000,52,B,4.349810657,8.979902265
0,20000,53,B,9.119113663,2.418582956
0,20000,54,B,9.885436531,10.15152961
0,20000,55,B,-0.9739951325,6.651067311
0,20000,56,B,8.643794277,4.036924836
0,20000,57,B,8.453257465,3.084790273
0,20000,58,B,3.115965676,3.65130086
0,20000,59,B,7.864232883,3.874933984
0,20000,60,B,5.072162314,4.05321792
0,20000,61,B,2.685538868,8.557315601
0,20000,62,B,10.2609639,8.510065345
0,20000,63,B,4.824006115,7.478525457
0,20000,64,B,3.134230053,7.789441832
0,20000,65,B,5.481832287,9.948417139
0,20000,66,B,4.167425391,8.063922923
0,20000,67,B,10.39463477,3.397174099
0,20000,68,B,4.789405915,5.662984574
0,20000,69,B,11.12581301,3.943574757
0,20000,70,B,10.68933545,6.755425552
0,20000,71,B,-0.7100024588,5.781538115
0,20000,72,B,10.46858553,9.429327524
0,20000,73,B,9.689251935,5.27462608
0,20000,74,B,3.853785088,6.398761031
0,20000,75,B,8.935688933,4.833446908
0,20000,76,B,9.118328004,10.63009921
0,20000,77,B,-0.06896376788,5.233058878
0,20000,78,B,10.9379858,5.826970753
0,20000,79,B,5.14960957,8.400983556
0,20000,80,B,0.08522536134,4.323933774
0,20000,81,B,8.953676197,9.711304593
0,20000,82,B,4.331453659,4.911111447
0,20000,83,B,-0.03822608119,6.273150586
0,20000,84,B,3.787968783,5.550166249
0,20000,85,B,8.287933361,10.27560141
0,20000,86,B,4.688961516,6.606218818
0,20000,87,B,5.343675731,4.779684369
0,20000,88,B,4.526173101,9.879343638
0,20000,89,B,4.047891335,4.116510284
0,20000,90,B,3.519407375,8.684580791
0,20000,91,B,11.66610988,4.804994399
0,20000,92,B,10.15591778,5.818824211
0,20000,93,B,5.288359002,9.237551849
0,20000,94,B,11.98624066,3.806150459
0,20000,95,B,4.26158297,3.423940858
0,20000,96,B,3.32915504,4.566409122
0,20000,97,B,9.594816006,9.132419046
0,20000,98,B,3.781040916,7.207815902
0,20000,99,B,10.14526461,2.579947152
0,20000,100,B,10.81892096,4.918318003
0,20250,1,A,2.823716751,6.004628032
0,20250,2,A,1.287495432,7.047993063
0,20250,3,A,8.235659459,6.708694569
0,20250,4,A,8.572668699,7.655556079
0,20250,5,A,8.744686065,8.654447447
0,20250,6,A,5.692552812,5.555314914
0,20250,7,A,9.905275422,1.844072258
0,20250,8,A,11.11450313,2.668173539
0,20250,9,A,7.860115301,8.164582021
0,20250,10,A,8.18132136,5.84263718
0,20250,11,A,7.398000024,9.749530674
0,20250,12,A,8.15221015,9.144154754
0,20250,13,A,6.135885921,8.699826549
0,20250,14,A,2.45970772,4.276383413
0,20250,15,A,0.9069207828,4.680089123
0,20250,16,A,9.490514539,8.2206592
0,20250,17,A,7.191975653,5.513651525
0,20250,18,A,6.916414067,8.01463058
0,20250,19,A,2.858060078,6.815761605
0,20250,20,A,11.78929943,2.941841609
0,20250,21,A,6.493930688,6.049917389
0,20250,22,A,2.824656737,10.34986815
0,20250,23,A,9.027621731,5.921909299
0,20250,24,A,6.541046483,9.370716476
0,20250,25,A,0.844884882,5.452861207
0,20250,26,A,2.770385429,5.186288725
0,20250,27,A,1.835388141,4.979585423
0,20250,28,A,7.336023001,6.416713904
0,20250,29,A,9.740086507,6.703964662
0,20250,30,A,8.168054002,5.073739868
0,20250,31,A,7.197826737,4.707722257
0,20250,32,A,9.971405064,7.574677957
0,20250,33,A,10.24064717,4.366130782
0,20250,34,A,9.622177583,4.12113621
0,20250,35,A,6.281923785,4.983490338
0,20250,36,A,7.530276622,7.277724379
0,20250,37,A,0.8030027763,6.289558611
0,20250,38,A,5.651760866,7.292292953
0,20250,39,A,1.805968989,5.797994949
0,20250,40,A,6.018439807,7.934491267
0,20250,41,A,1.57262583,4.074215656
0,20250,42,A,2.182752047,7.485139484
0,20250,43,A,2.580887137,9.520800844
0,20250,44,A,3.45102252,9.632884289
0,20250,45,A,5.625113175,6.439767364
0,20250,46,A,3.696650048,10.48616606
0,20250,47,A,6.565557817,7.003905997
0,20250,48,A,1.924596785,6.526728321
0,20250,49,A,9.083409801,7.037888889
0,20250,50,A,7.28551508,8.828658112
0,20250,51,B,9.292564745,3.27982182
0,20250,52,B,4.297614177,9.024801774
0,20250,53,B,9.084647524,2.438009326
0,20250,54,B,10.03935957,9.998626859
0,20250,55,B,-0.9305385114,6.665867754
0,20250,56,B,8.692986856,3.989925556
0,20250,57,B,8.35878655,3.118169997
0,20250,58,B,3.165720357,3.721839143
0,20250,59,B,7.880212638,4.012485211
0,20250,60,B,4.976543307,3.870398632
0,20250,61,B,2.555123344,8.473096356
0,20250,62,B,10.4119072,8.54258916
0,20250,63,B,4.777079262,7.506973796
0,20250,64,B,3.122005516,7.8391666
0,20250,65,B,5.336561714,9.992218432
0,20250,66,B,4.112750342,8.048470061
0,20250,67,B,10.38550257,3.345844902
0,20250,68,B,4.774245135,5.807756943
0,20250,69,B,11.05673732,3.922246593
0,20250,70,B,10.71740252,6.742203402
0,20250,71,B,-0.7601350243,5.714172481
0,20250,72,B,10.48647939,9.375416404
0,20250,73,B,9.743890761,5.321885156
0,20250,74,B,3.82575715,6.361356504
0,20250,75,B,8.934429321,4.796288348
0,20250,76,B,9.354423392,10.49713256
0,20250,77,B,-0.05232586523,5.194987099
0,20250,78,B,10.97122225,5.799254561
0,20250,79,B,5.042373948,8.364289401
0,20250,80,B,0.0408276575,4.272028845
0,20250,81,B,8.911690173,9.788383412
0,20250,82,B,4.487733245,4.926393193
0,20250,83,B,-0.06487002819,6.2369698
0,20250,84,B,3.79252858,5.557194885
0,20250,85,B,8.297695356,10.34582479
0,20250,86,B,4.708430397,6.691374902
0,20250,87,B,5.319065199,4.755387165
0,20250,88,B,4.489572778,9.818047278
0,20250,89,B,4.137527153,4.154068355
0,20250,90,B,3.47387346,8.671993845
0,20250,91,B,11.66589837,4.729528902
0,20250,92,B,10.15247117,5.965461965
0,20250,93,B,5.308814211,9.185982027
0,20250,94,B,11.94701437,3.755577636
0,20250,95,B,4.078018349,3.362743108
0,20250,96,B,3.480766688,4.656375349
0,20250,97,B,9.528352381,9.092224379
0,20250,98,B,3.71433915,7.181427961
0,20250,99,B,10.12318834,2.641091877
0,20250,100,B,10.78767989,4.921789937
0,20500,1,A,2.853336532,6.011499216
0,20500,2,A,1.198168315,7.003206071
0,20500,3,A,8.320125901,6.78324944
0,20500,4,A,8.483173253,7.726461224
0,20500,5,A,8.84548168,8.745278594
0,20500,6,A,5.622993877,5.591974352
0,20500,7,A,10.00056063,1.877755751
0,20500,8,A,11.19763754,2.507258081
0,20500,9,A,7.841442186,8.230096166
0,20500,10,A,8.087655022,5.879239936
0,20500,11,A,7.433798599,9.672989896
0,20500,12,A,8.146228564,9.14323996
0,20500,13,A,6.110693677,8.700456358
0,20500,14,A,2.506311781,4.303994685
0,20500,15,A,0.8876597378,4.557990189
0,20500,16,A,9.415522457,8.187901259
0,20500,17,A,7.20655629,5.469149567
0,20500,18,A,6.853009469,7.942644521
0,20500,19,A,2.84752972,6.866281501
0,20500,20,A,11.74982004,2.948108179
0,20500,21,A,6.50841623,5.971821432
0,20500,22,A,2.708867601,10.41738253
0,20500,23,A,8.99785552,6.004628032
0,20500,24,A,6.555146267,9.457195152
0,20500,25,A,0.8867669877,5.421055999
0,20500,26,A,2.746584398,5.199364252
0,20500,27,A,1.760279706,4.986623624
0,20500,28,A,7.389145711,6.452023009
0,20500,29,A,9.657412085,6.598385604
0,20500,30,A,8.227157076,5.151498988
0,20500,31,A,7.226295987,4.670161804
0,20500,32,A,10.00119362,7.516719886
0,20500,33,A,10.23666476,4.317603904
0,20500,34,A,9.630994868,4.160499091
0,20500,35,A,6.302154731,4.989009015
0,20500,36,A,7.506411697,7.307134749
0,20500,37,A,0.9042661501,6.230537905
0,20500,38,A,5.702265996,7.215642817
0,20500,39,A,1.851944835,5.779730572
0,20500,40,A,5.90554139,7.966027245
0,20500,41,A,1.682574229,4.084864102
0,20500,42,A,2.157134457,7.530173223
0,20500,43,A,2.613380409,9.596355533
0,20500,44,A,3.494866472,9.730730962
0,20500,45,A,5.683779613,6.412895112
0,20500,46,A,3.657082035,10.50220278
0,20500,47,A,6.610605417,6.97343986
0,20500,48,A,2.01156919,6.612485388
0,20500,49,A,9.140420003,7.186503263
0,20500,50,A,7.145780004,8.786424891
0,20500,51,B,9.343456894,3.232923817
0,20500,52,B,4.295107549,9.118173677
0,20500,53,B,9.061774541,2.4135697
0,20500,54,B,10.03438567,9.93613592
0,20500,55,B,-0.9579350768,6.610759719
0,20500,56,B,8.741393752,3.886533438
0,20500,57,B,8.310291477,3.077232601
0,20500,58,B,3.192817765,3.720776345
0,20500,59,B,7.893059108,4.018751781
0,20500,60,B,4.941190986,3.946059561
0,20500,61,B,2.740058033,8.487443338
0,20500,62,B,10.39935831,8.433103666
0,20500,63,B,4.875705323,7.569704061
0,20500,64,B,3.244131217,7.736853028
0,20500,65,B,5.380477591,10.13461144
0,20500,66,B,4.123276914,8.119956443
0,20500,67,B,10.489926,3.326609049
0,20500,68,B,4.664973777,5.813425198
0,20500,69,B,11.03992519,3.918189147
0,20500,70,B,10.68293638,6.678597709
0,20500,71,B,-0.7946011631,5.636467004
0,20500,72,B,10.72300658,9.410456197
0,20500,73,B,9.528651378,5.231484363
0,20500,74,B,3.83660452,6.383949596
0,20500,75,B,8.771005661,4.698361372
0,20500,76,B,9.236488713,10.49479117
0,20500,77,B,-0.02298792262,5.319972119
0,20500,78,B,10.98435843,5.764618375
0,20500,79,B,4.969170122,8.434363278
0,20500,80,B,-0.007557673191,4.414625852
0,20500,81,B,9.017314626,9.720978806
0,20500,82,B,4.542791393,4.957203807
0,20500,83,B,-0.04449265187,6.266257358
0,20500,84,B,3.728922887,5.545915058
0,20500,85,B,8.286838253,10.19705111
0,20500,86,B,4.749433923,6.713063848
0,20500,87,B,5.367207577,4.749367793
0,20500,88,B,4.599349555,9.810629738
0,20500,89,B,4.092383987,4.132803368
0,20500,90,B,3.46322029,8.758159192
0,20500,91,B,11.63836237,4.683715991
0,20500,92,B,10.1264649,5.869583434
0,20500,93,B,5.429873284,9.253111211
0,20500,94,B,11.9165612,3.785764462
0,20500,95,B,4.146328454,3.321597367
0,20500,96,B,3.476529667,4.672216546
0,20500,97,B,9.794336655,9.103133908
0,20500,98,B,3.83733456,7.175223436
0,20500,99,B,10.11100268,2.665319045
0,20500,100,B,10.69221815,4.959723031
0,20750,1,A,2.812084233,6.072905311
0,20750,2,A,1.268429484,7.042491798
0,20750,3,A,8.387127824,6.737980554
0,20750,4,A,8.516582892,7.778694193
0,20750,5,A,8.686163257,8.808646232
0,20750,6,A,5.661956831,5.583860875
0,20750,7,A,9.776483257,1.840093029
0,20750,8,A,11.28299217,2.55821671
0,20750,9,A,7.808147075,8.216727484
0,20750,10,A,8.142488888,5.917076869
0,20750,11,A,7.363220557,9.661279637
0,20750,12,A,8.079511413,9.268289222
0,20750,13,A,6.049917389,8.648182449
0,20750,14,A,2.536062167,4.394195324
0,20750,15,A,0.9236925192,4.612509354
0,20750,16,A,9.263558117,8.238660482
0,20750,17,A,7.186816592,5.607640779
0,20750,18,A,6.862527888,7.912336728
0,20750,19,A,2.908002127,6.949000234
0,20750,20,A,11.79406392,3.064006672
0,20750,21,A,6.41142609,6.001107416
0,20750,22,A,2.733791462,10.45263991
0,20750,23,A,8.995802517,5.723467894
0,20750,24,A,6.431579883,9.375923401
0,20750,25,A,0.8546468762,5.49033467
0,20750,26,A,2.756341621,5.281326518
0,20750,27,A,1.801012415,4.976283782
0,20750,28,A,7.432971581,6.442286588
0,20750,29,A,9.535527285,6.576139278
0,20750,30,A,8.09906787,5.048070831
0,20750,31,A,7.270487969,4.729361908
0,20750,32,A,9.91724174,7.614670641
0,20750,33,A,10.26867354,4.255914715
0,20750,34,A,9.626781846,4.157458209
0,20750,35,A,6.337612505,4.971686229
0,20750,36,A,7.537343928,7.295722421
0,20750,37,A,0.9898048399,6.293516941
0,20750,38,A,5.67833179,7.217577896
0,20750,39,A,1.835699911,5.808892787
0,20750,40,A,5.902796258,7.927838576
0,20750,41,A,1.69513902,4.071055492
0,20750,42,A,2.139051815,7.603750872
0,20750,43,A,2.613603067,9.587536657
0,20750,44,A,3.462044127,9.740581128
0,20750,45,A,5.631684788,6.456150273
0,20750,46,A,3.67691035,10.50997903
0,20750,47,A,6.604025518,6.982213059
0,20750,48,A,2.079561482,6.700217378
0,20750,49,A,9.111089933,7.164674184
0,20750,50,A,7.125090871,8.742806093
0,20750,51,B,9.456568495,3.170884767
0,20750,52,B,4.312086525,9.157299212
0,20750,53,B,9.202145725,2.449289153
0,20750,54,B,10.02336407,9.957549331
0,20750,55,B,-0.9208725624,6.564546123
0,20750,56,B,8.826823348,3.689482463
0,20750,57,B,8.2852794,3.027907189
0,20750,58,B,3.352457866,3.639019641
0,20750,59,B,8.036250248,4.055724548
0,20750,60,B,4.992472948,4.061619533
0,20750,61,B,2.553863732,8.525685167
0,20750,62,B,10.36052132,8.529429361
0,20750,63,B,4.770699733,7.553555948
0,20750,64,B,3.157847781,7.947208264
0,20750,65,B,5.592363257,9.984316092
0,20750,66,B,4.110429506,8.200075414
0,20750,67,B,10.58956447,3.356061931
0,20750,68,B,4.663895233,5.847963765
0,20750,69,B,11.15919575,4.003712012
0,20750,70,B,10.62310329,6.765364396
0,20750,71,B,-0.821547417,5.590721038
0,20750,72,B,10.74716873,9.387636217
0,20750,73,B,9.638299044,5.220680039
0,20750,74,B,3.821981462,6.442347994
0,20750,75,B,8.861056915,4.649543527
0,20750,76,B,9.291844283,10.48280762
0,20750,77,B,-0.01700476468,5.196530124
0,20750,78,B,10.94031005,5.87623504
0,20750,79,B,5.004838768,8.440540707
0,20750,80,B,0.1967703196,4.27975445
0,20750,81,B,8.998039739,9.703422569
0,20750,82,B,4.345976987,4.97609799
0,20750,83,B,-0.02424753482,6.15226088
0,20750,84,B,3.690033935,5.568745529
0,20750,85,B,8.277886682,10.29426657
0,20750,86,B,4.693661444,6.7553632
0,20750,87,B,5.227839121,4.922739417
0,20750,88,B,4.567353831,10.02525349
0,20750,89,B,4.123970337,4.137826071
0,20750,90,B,3.453226842,8.849090598
0,20750,91,B,11.64459777,4.748564086
0,20750,92,B,10.10102605,5.978495497
0,20750,93,B,5.265808795,9.28239719
0,20750,94,B,12.04058892,3.879633912
0,20750,95,B,4.323310234,3.27545232
0,20750,96,B,3.387081456,4.561750131
0,20750,97,B,9.785876784,9.100313951
0,20750,98,B,3.760882398,7.290528337
0,20750,99,B,10.32409648,2.623457306
0,20750,100,B,10.67717643,5.003903459
0,21000,1,A,2.80899031,6.152205772
0,21000,2,A,1.296650124,7.221833004
0,21000,3,A,8.382089376,6.739869969
0,21000,4,A,8.355739354,7.840072289
0,21000,5,A,8.797951915,8.777585561
0,21000,6,A,5.703205982,5.634273704
0,21000,7,A,9.83442224,1.814786274
0,21000,8,A,11.18582868,2.523085935
0,21000,9,A,7.688987764,8.346505331
0,21000,10,A,8.143721936,5.909376157
0,21000,11,A,7.297108236,9.704098037
0,21000,12,A,8.089859344,9.215322844
0,21000,13,A,6.070113696,8.611521437
0,21000,14,A,2.453315658,4.331104476
0,21000,15,A,0.9011328647,4.660135291
0,21000,16,A,9.32277721,8.184767974
0,21000,17,A,7.295722421,5.507411501
0,21000,18,A,6.93510986,7.867537791
0,21000,19,A,2.861209109,6.918105095
0,21000,20,A,11.72318711,2.994167474
0,21000,21,A,6.499913847,6.003941543
0,21000,22,A,2.838536089,10.48816097
0,21000,23,A,8.990022307,5.869583434
0,21000,24,A,6.34490282,9.409882543
0,21000,25,A,0.8535069275,5.505182348
0,21000,26,A,2.74060124,5.309265416
0,21000,27,A,1.831718612,5.000096751
0,21000,28,A,7.335020989,6.433888124
0,21000,29,A,9.589411997,6.576469752
0,21000,30,A,8.17912806,5.065895743
0,21000,31,A,7.207186099,4.681033832
0,21000,32,A,9.901493453,7.546697017
0,21000,33,A,10.31401958,4.397306184
0,21000,34,A,9.7272142,4.073270946
0,21000,35,A,6.307508081,5.031206023
0,21000,36,A,7.614199877,7.2641581
0,21000,37,A,0.9187852642,6.315518526
0,21000,38,A,5.601810349,7.216318284
0,21000,39,A,1.806544721,5.832974634
0,21000,40,A,5.92206675,7.903751639
0,21000,41,A,1.591082297,4.086744073
0,21000,42,A,2.21679938,7.559677548
0,21000,43,A,2.740058033,9.602579592
0,21000,44,A,3.561345122,9.788632828
0,21000,45,A,5.670619814,6.475560819
0,21000,46,A,3.697909692,10.62278679
0,21000,47,A,6.592745691,7.000386114
0,21000,48,A,1.89382694,6.638156282
0,21000,49,A,9.042348172,7.239142457
0,21000,50,A,7.064849919,8.859482395
0,21000,51,B,9.617139135,3.144621853
0,21000,52,B,4.301287256,9.189212394
0,21000,53,B,9.070861069,2.386936775
0,21000,54,B,9.947867636,10.13022484
0,21000,55,B,-0.8829881509,6.718141663
0,21000,56,B,8.871448713,3.642168672
0,21000,57,B,8.395324749,3.049626625
0,21000,58,B,3.257369678,3.779583902
0,21000,59,B,8.100318176,4.130662806
0,21000,60,B,4.910079678,4.007756798
0,21000,61,B,2.512212347,8.569070077
0,21000,62,B,10.41643305,8.641221185
0,21000,63,B,4.743604114,7.554382615
0,21000,64,B,3.083152778,7.933791818
0,21000,65,B,5.559116209,9.958757789
0,21000,66,B,4.035984851,8.164401619
0,21000,67,B,10.69588261,3.407954437
0,21000,68,B,4.773246892,5.773391574
0,21000,69,B,11.20744834,4.07671756
0,21000,70,B,10.57286989,6.775139112
0,21000,71,B,-0.8565347358,5.713437244
0,21000,72,B,10.6254587,9.600764179
0,21000,73,B,9.566757762,5.168369685
0,21000,74,B,3.921670575,6.462163649
0,21000,75,B,8.918583401,4.558303517
0,21000,76,B,9.190970342,10.50913257
0,21000,77,B,-0.06767896341,5.343818153
0,21000,78,B,10.96367874,6.013087902
0,21000,79,B,4.954020309,8.411857892
0,21000,80,B,0.1064372307,4.437928678
0,21000,81,B,9.039292041,9.64012706
0,21000,82,B,4.362229483,4.98413915
0,21000,83,B,-0.03853940972,6.275030557
0,21000,84,B,3.708869861,5.712919166
0,21000,85,B,8.264079065,10.17678609
0,21000,86,B,4.693000148,6.747742549
0,21000,87,B,5.262984068,4.805929708
0,21000,88,B,4.660135291,10.04781944
0,21000,89,B,4.04272535,4.197342748
0,21000,90,B,3.460955283,8.858000314
0,21000,91,B,11.67815777,4.786481145
0,21000,92,B,10.08040561,5.878356633
0,21000,93,B,5.232429072,9.189815695
0,21000,94,B,12.05239252,3.823543428
0,21000,95,B,4.217496543,3.36946263
0,21000,96,B,3.394969778,4.792194609
0,21000,97,B,9.80135742,9.100383228
0,21000,98,B,3.706408893,7.329053578
0,21000,99,B,10.21229477,2.608539172
0,21000,100,B,10.69588261,5.105228606
0,21250,1,A,2.850976334,6.211738193
0,21250,2,A,1.234827754,7.224416016
0,21250,3,A,8.352085411,6.7597498
0,21250,4,A,8.478227049,7.820870113
0,21250,5,A,8.801085201,8.815184985
0,21250,6,A,5.721158605,5.471755389
0,21250,7,A,9.872064283,1.67868136
0,21250,8,A,11.25369028,2.549769992
0,21250,9,A,7.872184566,8.331421319
0,21250,10,A,8.092962713,5.991154905
0,21250,11,A,7.158376124,9.695235088
0,21250,12,A,8.003977409,9.343456894
0,21250,13,A,6.117621544,8.57890378
0,21250,14,A,2.395950036,4.45705943
0,21250,15,A,0.876066582,4.680501646
0,21250,16,A,9.334370366,8.170981518
0,21250,17,A,7.394865178,5.504917344
0,21250,18,A,6.939833407,7.88611707
0,21250,19,A,2.810603718,7.048177288
0,21250,20,A,11.69385738,3.051601685
0,21250,21,A,6.560472852,5.992721548
0,21250,22,A,2.776500188,10.36031033
0,21250,23,A,9.000362149,5.924729256
0,21250,24,A,6.367895833,9.322537151
0,21250,25,A,0.831973857,5.541663866
0,21250,26,A,2.704965237,5.433430114
0,21250,27,A,1.796521898,4.991528239
0,21250,28,A,7.301334273,6.519415904
0,21250,29,A,9.704682181,6.600367921
0,21250,30,A,8.259592087,5.119063974
0,21250,31,A,7.30507551,4.648797786
0,21250,32,A,9.943908304,7.640785327
0,21250,33,A,10.31916513,4.453400488
0,21250,34,A,9.767977697,4.056266182
0,21250,35,A,6.492863516,5.022751353
0,21250,36,A,7.608243471,7.340660902
0,21250,37,A,0.9031967798,6.398449263
0,21250,38,A,5.597927594,7.100024588
0,21250,39,A,1.707953841,5.81913754
0,21250,40,A,5.845860212,7.883597846
0,21250,41,A,1.592464722,4.04367006
0,21250,42,A,2.078045224,7.572788536
0,21250,43,A,2.702771937,9.500747818
0,21250,44,A,3.554797959,9.71006687
0,21250,45,A,5.790624643,6.322969823
0,21250,46,A,3.737069429,10.46485972
0,21250,47,A,6.546059739,7.08467149
0,21250,48,A,1.935394143,6.635322157
0,21250,49,A,9.116769157,7.144514119
0,21250,50,A,7.161525151,8.755249485
0,21250,51,B,9.74971332,3.126672379
0,21250,52,B,4.300513257,9.152674633
0,21250,53,B,9.203671428,2.442702956
0,21250,54,B,9.827862808,10.25680957
0,21250,55,B,-0.8958062796,6.659484669
0,21250,56,B,9.043503277,3.609357654
0,21250,57,B,8.356986433,3.137961889
0,21250,58,B,3.233051643,3.904603546
0,21250,59,B,8.198607432,4.026505493
0,21250,60,B,5.019239707,4.086181971
0,21250,61,B,2.526581535,8.41435205
0,21250,62,B,10.28819753,8.64219929
0,21250,63,B,4.749811165,7.54513817
0,21250,64,B,3.228866371,7.889232703
0,21250,65,B,5.708191179,9.866263482
0,21250,66,B,4.07671756,8.168788218
0,21250,67,B,10.62604621,3.383012862
0,21250,68,B,4.809982714,5.821675345
0,21250,69,B,11.20901499,4.04475805
0,21250,70,B,10.56027377,6.776713626
0,21250,71,B,-0.8398464332,5.626372787
0,21250,72,B,10.52094553,9.616679376
0,21250,73,B,9.581929524,5.174753247
0,21250,74,B,3.856760929,6.356809304
0,21250,75,B,8.87816402,4.63256238
0,21250,76,B,9.000558963,10.58011266
0,21250,77,B,-0.03567602124,5.19629005
0,21250,78,B,11.04333505,6.042359715
0,21250,79,B,5.005736664,8.376211708
0,21250,80,B,0.1256431834,4.311151217
0,21250,81,B,8.946782969,9.685611653
0,21250,82,B,4.296222305,4.991213336
0,21250,83,B,-0.01247078743,6.187692956
0,21250,84,B,3.734249472,5.602627522
0,21250,85,B,8.140558734,10.23057027
0,21250,86,B,4.708074557,6.713063848
0,21250,87,B,5.247859321,4.856749733
0,21250,88,B,4.733767497,10.02964638
0,21250,89,B,4.161758703,4.133732332
0,21250,90,B,3.400867912,8.798265244
0,21250,91,B,11.6681027,4.733937544
0,21250,92,B,10.08602977,5.842396279
0,21250,93,B,5.204683137,9.200946967
0,21250,94,B,12.14986778,3.778615527
0,21250,95,B,4.298992199,3.33437679
0,21250,96,B,3.343955484,4.746218763
0,21250,97,B,9.706571603,9.245868441
0,21250,98,B,3.787201994,7.175536765
0,21250,99,B,10.30850878,2.432369412
0,21250,100,B,10.73557557,5.14140792
0,21500,1,A,2.718243124,6.210203041
0,21500,2,A,1.117016225,7.247915656
0,21500,3,A,8.405580831,6.749903219
0,21500,4,A,8.537575903,7.751434611
0,21500,5,A,8.727766324,8.82897144
0,21500,6,A,5.83605728,5.461003025
0,21500,7,A,9.72326146,1.67906306
0,21500,8,A,11.18272641,2.557195157
0,21500,9,A,7.843189989,8.335162549
0,21500,10,A,8.023403779,5.904049572
0,21500,11,A,7.190181333,9.747508997
0,21500,12,A,7.945633744,9.225714642
0,21500,13,A,6.06917371,8.548855731
0,21500,14,A,2.552919023,4.493666517
0,21500,15,A,0.9757050559,4.624729167
0,21500,16,A,9.328193758,8.200211035
0,21500,17,A,7.241370574,5.546548045
0,21500,18,A,6.889134018,7.909419896
0,21500,19,A,2.844464684,6.98288315
0,21500,20,A,11.75816497,2.925449331
0,21500,21,A,6.536973212,6.10771312
0,21500,22,A,2.905610438,10.39306025
0,21500,23,A,8.881610634,5.798771185
0,21500,24,A,6.367024761,9.364271985
0,21500,25,A,0.7434431585,5.552244927
0,21500,26,A,2.728490196,5.393681699
0,21500,27,A,1.778766089,5.159267646
0,21500,28,A,7.419933021,6.549506353
0,21500,29,A,9.575633338,6.472114205
0,21500,30,A,8.218294127,5.052422616
0,21500,31,A,7.342854202,4.629115766
0,21500,32,A,9.956604621,7.573418345
0,21500,33,A,10.31038875,4.3396002
0,21500,34,A,9.721729886,4.164421065
0,21500,35,A,6.501567087,5.022029748
0,21500,36,A,7.644595784,7.408513594
0,21500,37,A,0.8233837403,6.383172548
0,21500,38,A,5.573154172,7.118698336
0,21500,39,A,1.699807299,5.895589702
0,21500,40,A,5.815944423,7.819672527
0,21500,41,A,1.77657279,4.219595372
0,21500,42,A,2.130634033,7.549651035
0,21500,43,A,2.648879429,9.46189508
0,21500,44,A,3.442853935,9.592553078
0,21500,45,A,5.674066428,6.383128901
0,21500,46,A,3.819144185,10.30961094
0,21500,47,A,6.613882119,7.072183555
0,21500,48,A,1.805770021,6.720195581
0,21500,49,A,9.1689329,7.144830568
0,21500,50,A,7.064618463,8.799831887
0,21500,51,B,9.757990545,3.197517693
0,21500,52,B,4.377826282,9.225332036
0,21500,53,B,9.236611863,2.533887857
0,21500,54,B,9.765197101,10.32135525
0,21500,55,B,-0.9862763514,6.613278943
0,21500,56,B,8.974669209,3.623957828
0,21500,57,B,8.353118292,3.056448999
0,21500,58,B,3.300289452,3.76464234
0,21500,59,B,8.201413358,4.04988822
0,21500,60,B,5.139527949,3.973945801
0,21500,61,B,2.599360861,8.432651991
0,21500,62,B,10.14646412,8.772249482
0,21500,63,B,4.729694226,7.515184896
0,21500,64,B,3.214033692,7.80016577
0,21500,65,B,5.69759101,10.01747178
0,21500,66,B,4.147273163,8.167010593
0,21500,67,B,10.67635648,3.331622306
0,21500,68,B,4.832187296,5.814369907
0,21500,69,B,11.16683907,4.109034708
0,21500,70,B,10.6161974,6.773222927
0,21500,71,B,-0.6868161472,5.675319742
0,21500,72,B,10.47241582,9.770182014
0,21500,73,B,9.677737293,5.279427557
0,21500,74,B,3.772223631,6.284835064
0,21500,75,B,8.960260771,4.653162562
0,21500,76,B,8.826732482,10.57286989
0,21500,77,B,0.05416332452,5.107097658
0,21500,78,B,11.01295238,5.854411162
0,21500,79,B,5.012629892,8.445143986
0,21500,80,B,0.1886237777,4.159436293
0,21500,81,B,8.887136609,9.740403
0,21500,82,B,4.408327791,5.040968018
0,21500,83,B,-0.08667197267,6.275300239
0,21500,84,B,3.681999991,5.560412348
0,21500,85,B,7.997907653,10.21765925
0,21500,86,B,4.642300757,6.652956726
0,21500,87,B,5.275255886,4.872179983
0,21500,88,B,4.75444718,10.05909927
0,21500,89,B,4.224167474,4.214190844
0,21500,90,B,3.528609305,8.732045364
0,21500,91,B,11.7933727,4.750373909
0,21500,92,B,10.16956815,5.94849475
0,21500,93,B,5.33063809,9.266730375
0,21500,94,B,11.9775678,3.801096011
0,21500,95,B,4.27975445,3.430320794
0,21500,96,B,3.449731574,4.675298209
0,21500,97,B,9.611470878,9.339079744
0,21500,98,B,3.817254767,7.187662109
0,21500,99,B,10.28029362,2.405614896
0,21500,100,B,10.78758811,5.041142789
0,21750,1,A,2.761069939,6.231301545
0,21750,2,A,1.132682652,7.224102687
0,21750,3,A,8.407911425,6.730422882
0,21750,4,A,8.62424982,7.871001726
0,21750,5,A,8.780057892,8.739839605
0,21750,6,A,5.849324146,5.517731235
0,21750,7,A,9.671302459,1.798411316
0,21750,8,A,11.29549366,2.401663216
0,21750,9,A,7.789660692,8.275633249
0,21750,10,A,8.179754717,5.847337108
0,21750,11,A,7.309128515,9.681072287
0,21750,12,A,8.08639541,9.226344451
0,21750,13,A,6.135627418,8.550595406
0,21750,14,A,2.632909169,4.498638169
0,21750,15,A,0.9113294256,4.685442475
0,21750,16,A,9.455974574,8.083564418
0,21750,17,A,7.393613425,5.513015562
0,21750,18,A,6.850827079,7.874366956
0,21750,19,A,2.752904503,6.992552901
0,21750,20,A,11.77893744,2.912056408
0,21750,21,A,6.722377965,6.03554935
0,21750,22,A,2.854281241,10.35243775
0,21750,23,A,8.957766613,5.693849774
0,21750,24,A,6.390311601,9.372817526
0,21750,25,A,0.9070861069,5.571294669
0,21750,26,A,2.720447445,5.460733783
0,21750,27,A,1.84707171,5.041769446
0,21750,28,A,7.517702434,6.610764419
0,21750,29,A,9.626079232,6.368089132
0,21750,30,A,8.142155293,4.928031188
0,21750,31,A,7.303546429,4.537438042
0,21750,32,A,9.949434279,7.377320341
0,21750,33,A,10.4081756,4.29874153
0,21750,34,A,9.734389624,4.278991701
0,21750,35,A,6.533526598,5.059942501
0,21750,36,A,7.727308314,7.434659463
0,21750,37,A,0.7704748659,6.426368239
0,21750,38,A,5.651565031,7.072407592
0,21750,39,A,1.762786334,5.904989558
0,21750,40,A,5.861415176,7.850275801
0,21750,41,A,1.757459749,4.230875199
0,21750,42,A,2.050820994,7.636174917
0,21750,43,A,2.528874601,9.550567055
0,21750,44,A,3.449433834,9.486021377
0,21750,45,A,5.812870969,6.354302676
0,21750,46,A,3.698523784,10.26439337
0,21750,47,A,6.630717681,7.013882622
0,21750,48,A,1.79349253,6.714003834
0,21750,49,A,9.101880594,7.006026028
0,21750,50,A,7.141070626,8.810485057
0,21750,51,B,9.782116842,3.2601834
0,21750,52,B,4.350566699,9.104387222
0,21750,53,B,9.142230347,2.518338533
0,21750,54,B,9.689566837,10.27056296
0,21750,55,B,-0.8921203392,6.513139776
0,21750,56,B,9.028226562,3.640846392
0,21750,57,B,8.393151715,3.026348341
0,21750,58,B,3.324746397,3.839612883
0,21750,59,B,8.087655022,3.882439698
0,21750,60,B,5.067734777,3.975965904
0,21750,61,B,2.604878026,8.449478629
0,21750,62,B,10.11424509,8.771945647
0,21750,63,B,4.794553232,7.522391452
0,21750,64,B,3.253578308,7.800463439
0,21750,65,B,5.581362326,9.985368945
0,21750,66,B,4.140301429,8.066417081
0,21750,67,B,10.74264807,3.302264513
0,21750,68,B,4.889499651,5.747295558
0,21750,69,B,11.27792828,3.920721094
0,21750,70,B,10.73547736,6.766025726
0,21750,71,B,-0.6770415566,5.575988299
0,21750,72,B,10.3752889,9.722679371
0,21750,73,B,9.687491624,5.156761018
0,21750,74,B,3.951088563,6.378991072
0,21750,75,B,8.86322127,4.548512399
0,21750,76,B,8.872653492,10.79190767
0,21750,77,B,0.06987226316,5.150181119
0,21750,78,B,10.97339193,5.813497626
0,21750,79,B,5.006363321,8.433237501
0,21750,80,B,0.2995420788,4.212388816
0,21750,81,B,8.792093142,9.866542351
0,21750,82,B,4.283514393,5.117281623
0,21750,83,B,-0.07494692577,6.272868747
0,21750,84,B,3.652157396,5.69725274
0,21750,85,B,8.056794524,10.33952673
0,21750,86,B,4.791106618,6.65697804
0,21750,87,B,5.214164695,4.846987739
0,21750,88,B,4.66532158,9.940152893
0,21750,89,B,4.303465075,4.229777762
0,21750,90,B,3.427500837,8.703013369
0,21750,91,B,11.75994783,4.719867104
0,21750,92,B,10.19226389,5.921909299
0,21750,93,B,5.37013775,9.201205739
0,21750,94,B,12.1458673,3.784068709
0,21750,95,B,4.171835601,3.326635816
0,21750,96,B,3.489735329,4.669525841
0,21750,97,B,9.481539688,9.338125634
0,21750,98,B,3.755869141,7.145770554
0,21750,99,B,10.23456325,2.538901114
0,21750,100,B,10.8736023,4.933900981
0,22000,1,A,2.870971103,6.223428969
0,22000,2,A,1.163566768,7.12846033
0,22000,3,A,8.292761873,6.784420135
0,22000,4,A,8.529534333,7.68084344
0,22000,5,A,8.714293197,8.656640746
0,22000,6,A,5.816574229,5.565281595
0,22000,7,A,9.691251567,1.817932156
0,22000,8,A,11.3298332,2.399020495
0,22000,9,A,7.831333387,8.292239661
0,22000,10,A,8.20110159,5.924871111
0,22000,11,A,7.204049661,9.732297605
0,22000,12,A,8.083876186,9.27704384
0,22000,13,A,6.123199145,8.57032665
0,22000,14,A,2.640462071,4.575856213
0,22000,15,A,1.008059011,4.642670009
0,22000,16,A,9.427115612,8.105809183
0,22000,17,A,7.347787955,5.456281273
0,22000,18,A,6.850086038,7.941540006
0,22000,19,A,2.817741354,7.089770197
0,22000,20,A,11.6854396,2.921905496
0,22000,21,A,6.652641824,6.053381322
0,22000,22,A,2.884197031,10.29008695
0,22000,23,A,8.964660016,5.782879603
0,22000,24,A,6.393484566,9.357762397
0,22000,25,A,0.8662982892,5.525918714
0,22000,26,A,2.740371361,5.4299835
0,22000,27,A,1.843494153,4.968361715
0,22000,28,A,7.428734702,6.4548843
0,22000,29,A,9.622350942,6.387154697
0,22000,30,A,8.199807743,5.03236959
0,22000,31,A,7.360258744,4.547472639
0,22000,32,A,9.963535623,7.369923607
0,22000,33,A,10.38644728,4.350070727
0,22000,34,A,9.704006256,4.325516241
0,22000,35,A,6.518792361,5.005150538
0,22000,36,A,7.571843825,7.430137455
0,22000,37,A,0.9725717706,6.336129621
0,22000,38,A,5.653454449,7.122477178
0,22000,39,A,1.810377632,5.828225642
0,22000,40,A,5.908300079,7.816755695
0,22000,41,A,1.745461481,4.075802894
0,22000,42,A,1.969896495,7.592577044
0,22000,43,A,2.605013434,9.403302644
0,22000,44,A,3.445669168,9.494012044
0,22000,45,A,5.682002525,6.372260612
0,22000,46,A,3.732682829,10.31195539
0,22000,47,A,6.622299897,6.974599646
0,22000,48,A,1.977243348,6.683406757
0,22000,49,A,9.147303781,7.072407592
0,22000,50,A,7.191126037,8.852554532
0,22000,51,B,9.778369495,3.268693655
0,22000,52,B,4.355583121,9.147294243
0,22000,53,B,9.209687323,2.594732536
0,22000,54,B,9.736172489,10.16160651
0,22000,55,B,-0.8964329367,6.619065288
0,22000,56,B,8.980935779,3.639624255
0,22000,57,B,8.342411587,3.058023514
0,22000,58,B,3.397107969,3.762762369
0,22000,59,B,8.120976778,3.986910743
0,22000,60,B,5.22120693,3.898056383
0,22000,61,B,2.596240235,8.440444058
0,22000,62,B,10.19404152,8.672429985
0,22000,63,B,4.831905792,7.55153417
0,22000,64,B,3.201590964,7.772427623
0,22000,65,B,5.674552953,9.986520408
0,22000,66,B,4.210137838,8.128147483
0,22000,67,B,10.64466778,3.375760691
0,22000,68,B,4.863047795,5.698170682
0,22000,69,B,11.21527211,3.951718369
0,22000,70,B,10.67552828,6.894172466
0,22000,71,B,-0.7918666597,5.541484149
0,22000,72,B,10.41730778,9.49779088
0,22000,73,B,9.684700149,5.290188335
0,22000,74,B,3.834827932,6.379995616
0,22000,75,B,8.913960627,4.59821433
0,22000,76,B,8.944105433,10.65918354
0,22000,77,B,0.05665233095,5.188910424
0,22000,78,B,11.02412596,5.932773454
0,22000,79,B,5.063823431,8.47476129
0,22000,80,B,0.1580813309,4.296222305
0,22000,81,B,8.820899721,9.776785582
0,22000,82,B,4.372743746,5.068364583
0,22000,83,B,-0.0459134882,6.117972302
0,22000,84,B,3.693830091,5.584454467
0,22000,85,B,8.092336056,10.32354855
0,22000,86,B,4.728127583,6.599952247
0,22000,87,B,5.38295273,4.818646464
0,22000,88,B,4.673975551,9.98726791
0,22000,89,B,4.378054157,4.231201187
0,22000,90,B,3.53591251,8.612148095
0,22000,91,B,11.80765332,4.632585762
0,22000,92,B,10.29378234,5.927549212
0,22000,93,B,5.351462424,9.275469327
0,22000,94,B,12.10935662,3.667842812
0,22000,95,B,4.406855062,3.431422191
0,22000,96,B,3.57287597,4.579870448
0,22000,97,B,9.480786114,9.204301237
0,22000,98,B,3.897806967,7.195589791
0,22000,99,B,10.31401958,2.50001531
0,22000,100,B,10.87376611,5.002179278
0,22250,1,A,2.803266947,6.149741655
0,22250,2,A,1.230243181,7.070001166
0,22250,3,A,8.334539013,6.911622164
0,22250,4,A,8.534695155,7.738123606
0,22250,5,A,8.72362758,8.597360861
0,22250,6,A,5.800829076,5.490964476
0,22250,7,A,9.58155509,1.84218284
0,22250,8,A,11.30799515,2.369270109
0,22250,9,A,7.782513969,8.264315634
0,22250,10,A,8.285729039,6.04802797
0,22250,11,A,7.282068466,9.789323398
0,22250,12,A,8.044904978,9.23212394
0,22250,13,A,6.186358582,8.602121581
0,22250,14,A,2.541094413,4.398192636
0,22250,15,A,0.9481730825,4.625925798
0,22250,16,A,9.484879852,8.067816131
0,22250,17,A,7.457530885,5.545759173
0,22250,18,A,6.874741372,7.961991386
0,22250,19,A,2.873490328,6.976991965
0,22250,20,A,11.72506708,2.881369202
0,22250,21,A,6.5780098,5.964578662
0,22250,22,A,2.941806794,10.31420566
0,22250,23,A,9.048301414,5.762111746
0,22250,24,A,6.393460947,9.453792184
0,22250,25,A,0.8949544672,5.467031844
0,22250,26,A,2.815842394,5.265818338
0,22250,27,A,1.839348712,4.967595607
0,22250,28,A,7.401481279,6.423707309
0,22250,29,A,9.669727946,6.383084816
0,22250,30,A,8.274975572,5.111908504
0,22250,31,A,7.396442831,4.617108513
0,22250,32,A,10.03031102,7.380311206
0,22250,33,A,10.39589438,4.237020532
0,22250,34,A,9.714759078,4.26567671
0,22250,35,A,6.587732434,5.060882486
0,22250,36,A,7.516105988,7.301027205
0,22250,37,A,0.9566754647,6.271924036
0,22250,38,A,5.70824758,7.124996402
0,22250,39,A,1.918942417,5.787692449
0,22250,40,A,5.900602958,7.87989931
0,22250,41,A,1.639596778,4.056435383
0,22250,42,A,2.100250661,7.561028978
0,22250,43,A,2.71329851,9.382765381
0,22250,44,A,3.534972524,9.531767343
0,22250,45,A,5.68557456,6.337108967
0,22250,46,A,3.839297981,10.29827443
0,22250,47,A,6.626423758,7.016976703
0,22250,48,A,1.951454198,6.665867754
0,22250,49,A,9.192745869,7.048952037
0,22250,50,A,7.153337676,8.898845276
0,22250,51,B,9.776165172,3.216419749
0,22250,52,B,4.308894004,9.020101846
0,22250,53,B,9.139116306,2.693365783
0,22250,54,B,9.792855037,10.20758235
0,22250,55,B,-0.8384671579,6.610918746
0,22250,56,B,8.966864339,3.746086678
0,22250,57,B,8.370123058,2.986855425
0,22250,58,B,3.33324878,3.863545515
0,22250,59,B,8.15221015,4.039891223
0,22250,60,B,5.321908538,3.816372725
0,22250,61,B,2.548927627,8.374331737
0,22250,62,B,10.06953732,8.701180166
0,22250,63,B,4.889805107,7.486985328
0,22250,64,B,3.220077347,7.850759756
0,22250,65,B,5.621019435,9.958808943
0,22250,66,B,4.234816211,7.960434193
0,22250,67,B,10.62703322,3.224922131
0,22250,68,B,4.77896868,5.770913286
0,22250,69,B,11.17527942,3.844651332
0,22250,70,B,10.73473005,6.870554738
0,22250,71,B,-0.720655629,5.631368294
0,22250,72,B,10.40187435,9.542911079
0,22250,73,B,9.81930689,5.277460208
0,22250,74,B,3.840154517,6.320463194
0,22250,75,B,8.957143077,4.688392537
0,22250,76,B,9.014148604,10.55979826
0,22250,77,B,-0.01808264178,5.137652654
0,22250,78,B,11.06415541,5.972964354
0,22250,79,B,5.07936887,8.47835681
0,22250,80,B,0.1569775957,4.243095012
0,22250,81,B,8.743746079,9.665871955
0,22250,82,B,4.440847406,5.016997785
0,22250,83,B,0.04304311179,6.13459291
0,22250,84,B,3.695396734,5.542781772
0,22250,85,B,8.093008371,10.33259886
0,22250,86,B,4.739605799,6.63689667
0,22250,87,B,5.343504824,4.800193146
0,22250,88,B,4.67253145,9.984945895
0,22250,89,B,4.509737595,4.227115257
0,22250,90,B,3.533212216,8.623620011
0,22250,91,B,11.73791355,4.60060287
0,22250,92,B,10.37382453,5.86594664
0,22250,93,B,5.287613873,9.254883128
0,22250,94,B,12.03649227,3.711618111
0,22250,95,B,4.36529314,3.448807177
0,22250,96,B,3.599341857,4.552868291
0,22250,97,B,9.470079409,9.260668884
0,22250,98,B,3.818534848,7.15078381
0,22250,99,B,10.25398961,2.369703705
0,22250,100,B,10.92419935,4.985056981
0,22500,1,A,2.864582388,6.077307592
0,22500,2,A,1.264172057,7.020730755
0,22500,3,A,8.372327381,6.806314512
0,22500,4,A,8.51941844,7.761194563
0,22500,5,A,8.769439019,8.673873816
0,22500,6,A,5.835430623,5.463822982
0,22500,7,A,9.433865561,1.828012203
0,22500,8,A,11.37776209,2.292809104
0,22500,9,A,7.820993545,8.275946577
0,22500,10,A,8.282265104,5.944109964
0,22500,11,A,7.211882875,9.716944507
0,22500,12,A,8.042516819,9.191805883
0,22500,13,A,6.16560927,8.454490037
0,22500,14,A,2.564255533,4.267566128
0,22500,15,A,0.8893466478,4.594852183
0,22500,16,A,9.511714317,8.124608895
0,22500,17,A,7.480718757,5.463822982
0,22500,18,A,6.87086964,7.858090698
0,22500,19,A,2.867192266,6.947391079
0,22500,20,A,11.70519446,2.890218359
0,22500,21,A,6.680164352,5.966401951
0,22500,22,A,2.880742545,10.24082982
0,22500,23,A,9.101728585,5.801851732
0,22500,24,A,6.337423875,9.264762621
0,22500,25,A,0.9381056318,5.440323342
0,22500,26,A,2.767630944,5.187467214
0,22500,27,A,1.837985182,4.9468309
0,22500,28,A,7.474714618,6.407807102
0,22500,29,A,9.584093208,6.514100229
0,22500,30,A,8.330445276,5.059547298
0,22500,31,A,7.404945208,4.556017321
0,22500,32,A,10.05189271,7.391106796
0,22500,33,A,10.37637039,4.216236931
0,22500,34,A,9.708146116,4.291183856
0,22500,35,A,6.607925593,5.003179652
0,22500,36,A,7.571214022,7.340075185
0,22500,37,A,0.9455974574,6.239446724
0,22500,38,A,5.687071145,7.032801373
0,22500,39,A,1.941364513,5.756338231
0,22500,40,A,5.855034701,7.773665345
0,22500,41,A,1.64914727,4.101927124
0,22500,42,A,2.086581903,7.546564285
0,22500,43,A,2.506001618,9.407689243
0,22500,44,A,3.360645345,9.420639632
0,22500,45,A,5.78279143,6.282550442
0,22500,46,A,3.77070319,10.17937944
0,22500,47,A,6.669016787,6.938573795
0,22500,48,A,2.011600681,6.572341549
0,22500,49,A,9.179738799,7.212224547
0,22500,50,A,7.130104127,8.847771152
0,22500,51,B,9.877249056,3.273732103
0,22500,52,B,4.257821453,9.014775261
0,22500,53,B,9.292607257,2.651601179
0,22500,54,B,9.755809966,10.25618132
0,22500,55,B,-0.7898360878,6.659317144
0,22500,56,B,8.985635707,3.57225862
0,22500,57,B,8.31605263,2.97787439
0,22500,58,B,3.425830276,3.790802911
0,22500,59,B,8.211689412,3.978651933
0,22500,60,B,5.149188132,3.69228839
0,22500,61,B,2.4113764,8.412557818
0,22500,62,B,10.10296526,8.800458544
0,22500,63,B,4.804160924,7.412502886
0,22500,64,B,3.136450278,7.735733367
0,22500,65,B,5.632080405,9.884575272
0,22500,66,B,4.137816624,8.058496574
0,22500,67,B,10.69914601,3.172333322
0,22500,68,B,4.879151937,5.777778173
0,22500,69,B,11.18238206,3.883080526
0,22500,70,B,10.79448134,6.73625016
0,22500,71,B,-0.7438010029,5.550166249
0,22500,72,B,10.43960793,9.601882786
0,22500,73,B,9.770523686,5.226006624
0,22500,74,B,3.778115467,6.30855671
0,22500,75,B,8.945216327,4.618149267
0,22500,76,B,8.980935779,10.72178912
0,22500,77,B,0.01817305499,5.153941061
0,22500,78,B,11.09527673,5.894336388
0,22500,79,B,5.034145118,8.351062807
0,22500,80,B,0.08545323666,4.218541449
0,22500,81,B,8.794505302,9.814389681
0,22500,82,B,4.471089066,4.981144272
0,22500,83,B,0.03117540191,6.124864314
0,22500,84,B,3.800361793,5.52617536
0,22500,85,B,8.122034018,10.28710316
0,22500,86,B,4.686768216,6.579899221
0,22500,87,B,5.343904751,4.730788514
0,22500,88,B,4.641356048,9.785612266
0,22500,89,B,4.459918358,4.192022461
0,22500,90,B,3.402121226,8.58112857
0,22500,91,B,11.72694705,4.613449339
0,22500,92,B,10.24928969,5.934755769
0,22500,93,B,5.323155617,9.137969492
0,22500,94,B,12.04215556,3.651530739
0,22500,95,B,4.218968715,3.361388516
0,22500,96,B,3.540140083,4.660250231
0,22500,97,B,9.437455454,9.307737441
0,22500,98,B,3.858773403,7.192838422
0,22500,99,B,10.31685371,2.322724893
0,22500,100,B,10.83552737,5.001350065
0,22750,1,A,2.901735556,5.980188406
0,22750,2,A,1.222137169,7.158855529
0,22750,3,A,8.428850902,6.681104337
0,22750,4,A,8.506869707,7.727308314
0,22750,5,A,8.761919134,8.650374176
0,22750,6,A,5.802718495,5.412553616
0,22750,7,A,9.514220945,1.675054345
0,22750,8,A,11.34716949,2.2924425
0,22750,9,A,7.794917649,8.249402267
0,22750,10,A,8.12913475,5.868738396
0,22750,11,A,7.185772688,9.605802627
0,22750,12,A,8.050036704,9.204652353
0,22750,13,A,6.071294216,8.457338482
0,22750,14,A,2.513241239,4.325823192
0,22750,15,A,0.8873967937,4.60230807
0,22750,16,A,9.442468711,8.14278195
0,22750,17,A,7.222144773,5.412945286
0,22750,18,A,6.894487367,7.848958512
0,22750,19,A,2.803977054,6.961846704
0,22750,20,A,11.67062192,2.9223003
0,22750,21,A,6.57265645,6.080777887
0,22750,22,A,2.713331576,10.26314629
0,22750,23,A,9.074876086,5.802088689
0,22750,24,A,6.326717169,9.288695256
0,22750,25,A,0.8300844389,5.498837052
0,22750,26,A,2.605057743,5.204418605
0,22750,27,A,1.704133103,4.949655534
0,22750,28,A,7.431526177,6.371222417
0,22750,29,A,9.726657691,6.44328798
0,22750,30,A,8.306197739,5.110876494
0,22750,31,A,7.445312633,4.571149987
0,22750,32,A,9.921437265,7.3901225
0,22750,33,A,10.34360158,4.285707693
0,22750,34,A,9.694290384,4.270085352
0,22750,35,A,6.523468909,4.940302443
0,22750,36,A,7.686369835,7.29603419
0,22750,37,A,0.9447091485,6.329866203
0,22750,38,A,5.650935225,7.0116313
0,22750,39,A,1.818565111,5.814055004
0,22750,40,A,5.938202383,7.732008242
0,22750,41,A,1.652095908,4.040672119
0,22750,42,A,2.044273831,7.491202015
0,22750,43,A,2.657213033,9.301025041
0,22750,44,A,3.46322029,9.527694072
0,22750,45,A,5.689353396,6.247361601
0,22750,46,A,3.588950056,10.28126966
0,22750,47,A,6.704607098,6.983329192
0,22750,48,A,1.991516164,6.570499365
0,22750,49,A,9.130299022,7.081854685
0,22750,50,A,7.126657513,8.751892621
0,22750,51,B,9.879562016,3.196577707
0,22750,52,B,4.296222305,9.083063561
0,22750,53,B,9.349533568,2.546822945
0,22750,54,B,9.710677936,10.2702827
0,22750,55,B,-0.7800477539,6.715519034
0,22750,56,B,9.035454944,3.565365392
0,22750,57,B,8.429954639,2.99661742
0,22750,58,B,3.324447399,3.760258906
0,22750,59,B,8.201374386,4.033164894
0,22750,60,B,5.037454198,3.84742622
0,22750,61,B,2.513521502,8.351458754
0,22750,62,B,10.17861127,8.712107768
0,22750,63,B,4.762593722,7.450639218
0,22750,64,B,3.188744494,7.76647438
0,22750,65,B,5.60810841,9.865912541
0,22750,66,B,4.169001473,8.037585435
0,22750,67,B,10.71583587,3.227283904
0,22750,68,B,4.810384235,5.732646204
0,22750,69,B,11.1554453,3.946673559
0,22750,70,B,10.72024452,6.792773681
0,22750,71,B,-0.7231622572,5.642106918
0,22750,72,B,10.38278514,9.675012557
0,22750,73,B,9.70788448,5.235860105
0,22750,74,B,3.795661865,6.330803036
0,22750,75,B,8.924849972,4.557050203
0,22750,76,B,8.959334722,10.63176455
0,22750,77,B,-0.01700476468,5.223611786
0,22750,78,B,11.19021527,6.051627312
0,22750,79,B,5.013571453,8.326666439
0,22750,80,B,0.06077628857,4.302520367
0,22750,81,B,8.827718126,9.697831466
0,22750,82,B,4.401085021,4.970429734
0,22750,83,B,0.0632986938,6.251379
0,22750,84,B,3.77310221,5.56032817
0,22750,85,B,8.035769176,10.16640321
0,22750,86,B,4.743167353,6.616871988
0,22750,87,B,5.376404321,4.729694226
0,22750,88,B,4.659397956,9.89401098
0,22750,89,B,4.291183856,4.220015767
0,22750,90,B,3.492589723,8.585516742
0,22750,91,B,11.6885714,4.690166021
0,22750,92,B,10.35801469,5.847650436
0,22750,93,B,5.305171676,9.10164284
0,22750,94,B,12.00204951,3.708556532
0,22750,95,B,4.211198482,3.362534764
0,22750,96,B,3.439168447,4.688759869
0,22750,97,B,9.574066695,9.266064746
0,22750,98,B,3.766870279,7.08468881
0,22750,99,B,10.31433448,2.315167221
0,22750,100,B,10.82932004,5.018868404
0,23000,1,A,2.840110604,6.049917389
0,23000,2,A,1.070380912,7.088187731
0,23000,3,A,8.263413436,6.680164352
0,23000,4,A,8.614319242,7.770231158
0,23000,5,A,8.736670206,8.758398518
0,23000,6,A,5.795637899,5.393950718
0,23000,7,A,9.526754086,1.647794762
0,23000,8,A,11.36737028,2.218491984
0,23000,9,A,7.906900672,8.212986436
0,23000,10,A,8.167430459,5.887770518
0,23000,11,A,7.173343465,9.58785315
0,23000,12,A,7.981104426,9.225332036
0,23000,13,A,6.033767586,8.506869707
0,23000,14,A,2.482695643,4.35038563
0,23000,15,A,0.8480135457,4.591743934
0,23000,16,A,9.50450776,8.107689154
0,23000,17,A,7.205309211,5.497746641
0,23000,18,A,6.864886481,7.951616903
0,23000,19,A,2.757291102,6.871294758
0,23000,20,A,11.66531628,2.831667068
0,23000,21,A,6.537599869,6.10113322
0,23000,22,A,2.908444566,10.26993316
0,23000,23,A,9.044228143,5.817257568
0,23000,24,A,6.309183367,9.334997023
0,23000,25,A,0.8632201121,5.544348415
0,23000,26,A,2.75353116,5.214726797
0,23000,27,A,1.710238462,4.94208846
0,23000,28,A,7.337555961,6.480704759
0,23000,29,A,9.708484636,6.515666871
0,23000,30,A,8.198130327,5.10915407
0,23000,31,A,7.482967898,4.629816878
0,23000,32,A,9.890215186,7.323741161
0,23000,33,A,10.29158904,4.438298689
0,23000,34,A,9.684528389,4.202696099
0,23000,35,A,6.487303627,4.920660953
0,23000,36,A,7.672118181,7.384425617
0,23000,37,A,0.9197300212,6.270685104
0,23000,38,A,5.748325291,6.963100018
0,23000,39,A,1.919963893,5.716749962
0,23000,40,A,5.810677669,7.753314582
0,23000,41,A,1.525283305,4.084550774
0,23000,42,A,1.959556654,7.460665731
0,23000,43,A,2.595926907,9.409882543
0,23000,44,A,3.445673892,9.443095368
0,23000,45,A,5.639913618,6.18667191
0,23000,46,A,3.79236646,10.25285789
0,23000,47,A,6.670276399,7.120902658
0,23000,48,A,1.86837805,6.590239063
0,23000,49,A,9.010635859,7.032414901
0,23000,50,A,7.099397931,8.747506021
0,23000,51,B,9.907134927,3.178091324
0,23000,52,B,4.137826071,8.935374032
0,23000,53,B,9.23316525,2.594673593
0,23000,54,B,9.687178296,10.17440417
0,23000,55,B,-0.7425886264,6.732176889
0,23000,56,B,9.06437295,3.612139962
0,23000,57,B,8.445143986,3.061846437
0,23000,58,B,3.210751493,3.618865846
0,23000,59,B,8.187274602,4.071390975
0,23000,60,B,5.085948769,3.83514126
0,23000,61,B,2.460103735,8.367770825
0,23000,62,B,10.22868086,8.689749653
0,23000,63,B,4.779513463,7.40959318
0,23000,64,B,3.06460626,7.639835848
0,23000,65,B,5.576307925,9.828802793
0,23000,66,B,4.10603525,8.050793781
0,23000,67,B,10.69410756,3.206027948
0,23000,68,B,4.800751553,5.646118143
0,23000,69,B,11.07710367,4.018751781
0,23000,70,B,10.79636131,6.895421055
0,23000,71,B,-0.7815717857,5.636096417
0,23000,72,B,10.34393537,9.541877308
0,23000,73,B,9.68484329,5.319657217
0,23000,74,B,3.941046305,6.33205635
0,23000,75,B,8.960882753,4.608436083
0,23000,76,B,8.995377374,10.79369326
0,23000,77,B,0.01033984163,5.033622904
0,23000,78,B,11.13318948,6.100819892
0,23000,79,B,4.989130252,8.319812572
0,23000,80,B,-0.03415281024,4.182622605
0,23000,81,B,8.788552059,9.807809782
0,23000,82,B,4.286647678,5.016389835
0,23000,83,B,-0.01033984163,6.049747341
0,23000,84,B,3.650277425,5.584141139
0,23000,85,B,8.143721936,10.25837621
0,23000,86,B,4.750627406,6.61107462
0,23000,87,B,5.146421176,4.662955248
0,23000,88,B,4.597782913,9.815016338
0,23000,89,B,4.142549617,4.111059313
0,23000,90,B,3.304676052,8.446083971
0,23000,91,B,11.67650116,4.739094082
0,23000,92,B,10.31007542,5.908122843
0,23000,93,B,5.195300428,9.11754702
0,23000,94,B,11.80935246,3.648710782
0,23000,95,B,4.195469075,3.308122665
0,23000,96,B,3.433140751,4.522270736
0,23000,97,B,9.43984872,9.226659352
0,23000,98,B,3.783442052,7.12728417
0,23000,99,B,10.2532433,2.346342623
0,23000,100,B,10.81622571,5.077792874
0,23250,1,A,2.737137307,6.079203372
0,23250,2,A,1.092576599,6.98847963
0,23250,3,A,8.284533045,6.7603005
0,23250,4,A,8.563473528,7.795110089
0,23250,5,A,8.738106165,8.748759336
0,23250,6,A,5.799851467,5.375844694
0,23250,7,A,9.526769909,1.829332251
0,23250,8,A,11.20861621,2.172094678
0,23250,9,A,7.844923617,8.208891106
0,23250,10,A,8.132932674,5.96305345
0,23250,11,A,7.291154994,9.737937518
0,23250,12,A,7.946893362,9.144784557
0,23250,13,A,5.970475222,8.620607965
0,23250,14,A,2.393263177,4.29874153
0,23250,15,A,0.7916662667,4.562945188
0,23250,16,A,9.455593867,8.118200618
0,23250,17,A,7.287486374,5.541663866
0,23250,18,A,6.836201962,7.958231443
0,23250,19,A,2.735778994,6.846774074
0,23250,20,A,11.52700863,2.807930057
0,23250,21,A,6.450136897,6.199474071
0,23250,22,A,2.908315456,10.33388839
0,23250,23,A,8.969613866,5.798604388
0,23250,24,A,6.496764814,9.348526831
0,23250,25,A,0.8511829428,5.409719489
0,23250,26,A,2.759495423,5.263919377
0,23250,27,A,1.801093475,4.885430978
0,23250,28,A,7.273921924,6.43890138
0,23250,29,A,9.661279637,6.469126505
0,23250,30,A,8.251506952,5.074668942
0,23250,31,A,7.414808991,4.728728921
0,23250,32,A,9.888021886,7.417739722
0,23250,33,A,10.35779111,4.286460311
0,23250,34,A,9.714751207,4.219282043
0,23250,35,A,6.509637672,5.06168005
0,23250,36,A,7.592890372,7.33251436
0,23250,37,A,0.7695348803,6.16755887
0,23250,38,A,5.622993877,7.016365869
0,23250,39,A,1.805278747,5.685488678
0,23250,40,A,5.795790628,7.812744658
0,23250,41,A,1.497741571,4.020581869
0,23250,42,A,1.964256582,7.437166091
0,23250,43,A,2.535575378,9.586262651
0,23250,44,A,3.400241255,9.428368926
0,23250,45,A,5.579742069,6.209828604
0,23250,46,A,3.795975193,10.17597081
0,23250,47,A,6.635007256,7.129719943
0,23250,48,A,1.80502428,6.515973902
0,23250,49,A,9.043601486,7.042372138
0,23250,50,A,7.035165581,8.727766324
0,23250,51,B,9.884491821,3.275936425
0,23250,52,B,4.24998824,8.921090029
0,23250,53,B,9.187296471,2.711945063
0,23250,54,B,9.717884492,10.12458493
0,23250,55,B,-0.8203224441,6.819540441
0,23250,56,B,8.964030207,3.640909059
0,23250,57,B,8.264702601,3.055342922
0,23250,58,B,3.18628619,3.741236231
0,23250,59,B,8.203539342,4.0169033
0,23250,60,B,4.894853002,3.699166123
0,23250,61,B,2.535767828,8.455797156
0,23250,62,B,10.18975726,8.671993845
0,23250,63,B,4.799879817,7.523644766
0,23250,64,B,2.98937465,7.694026212
0,23250,65,B,5.666365474,9.839460688
0,23250,66,B,3.986672607,7.928943886
0,23250,67,B,10.77220352,3.266489333
0,23250,68,B,4.850325711,5.651820102
0,23250,69,B,11.11313646,4.188262518
0,23250,70,B,10.7011827,6.853633005
0,23250,71,B,-0.7724571809,5.614721374
0,23250,72,B,10.3467695,9.582184893
0,23250,73,B,9.714444176,5.276200596
0,23250,74,B,3.807255021,6.330176379
0,23250,75,B,8.973162399,4.666233389
0,23250,76,B,8.907662561,10.70103543
0,23250,77,B,-0.03822608119,5.025476362
0,23250,78,B,11.14979589,6.096746621
0,23250,79,B,4.956287725,8.352579142
0,23250,80,B,0.1034933644,4.081499776
0,23250,81,B,8.779811923,9.844814038
0,23250,82,B,4.254025297,5.002549846
0,23250,83,B,-0.1291102504,6.127698442
0,23250,84,B,3.715136432,5.594167652
0,23250,85,B,8.055534912,10.22049338
0,23250,86,B,4.664521891,6.615932002
0,23250,87,B,5.181099875,4.64576469
0,23250,88,B,4.631962224,9.870004719
0,23250,89,B,4.21403261,4.196398039
0,23250,90,B,3.405991384,8.547728381
0,23250,91,B,11.7065807,4.679874989
0,23250,92,B,10.24600053,5.950093122
0,23250,93,B,5.174934073,9.207785638
0,23250,94,B,11.87828474,3.648397454
0,23250,95,B,4.10665067,3.295460414
0,23250,96,B,3.367258309,4.601363361
0,23250,97,B,9.437959299,9.201467111
0,23250,98,B,3.774113049,7.094765707
0,23250,99,B,10.19226389,2.419836271
0,23250,100,B,10.77377803,5.178895553
0,23500,1,A,2.763557673,6.048807355
0,23500,2,A,1.149602392,6.990986258
0,23500,3,A,8.316365958,6.722150375
0,23500,4,A,8.541649174,7.666835906
0,23500,5,A,8.687660271,8.687660271
0,23500,6,A,5.828850724,5.371391064
0,23500,7,A,9.649259245,1.796836801
0,23500,8,A,11.30281516,2.175980073
0,23500,9,A,7.82632013,8.252446937
0,23500,10,A,8.087655022,5.950722928
0,23500,11,A,7.288961694,9.67777844
0,23500,12,A,8.092336056,9.245385062
0,23500,13,A,6.100193235,8.447963943
0,23500,14,A,2.437034701,4.292443469
0,23500,15,A,0.8121349645,4.508466961
0,23500,16,A,9.414341571,8.166380784
0,23500,17,A,7.330957024,5.482008446
0,23500,18,A,6.950540112,7.911309317
0,23500,19,A,2.731284834,6.873174729
0,23500,20,A,11.41901438,2.811139523
0,23500,21,A,6.452993294,6.01811218
0,23500,22,A,2.889481449,10.29463503
0,23500,23,A,9.061208018,5.974130721
0,23500,24,A,6.322029837,9.247578362
0,23500,25,A,0.803374362,5.422150287
0,23500,26,A,2.696829717,5.205347409
0,23500,27,A,1.737093394,4.872258709
0,23500,28,A,7.274890254,6.439767364
0,23500,29,A,9.720704449,6.53728654
0,23500,30,A,8.466450326,5.20344697
0,23500,31,A,7.607930142,4.69679473
0,23500,32,A,9.997686873,7.522391452
0,23500,33,A,10.32401696,4.248924821
0,23500,34,A,9.675271812,4.344926786
0,23500,35,A,6.649458156,4.93617773
0,23500,36,A,7.636486685,7.327834698
0,23500,37,A,0.7344929803,6.236351183
0,23500,38,A,5.642420246,6.988166301
0,23500,39,A,1.733020123,5.674066428
0,23500,40,A,5.955122123,7.712895201
0,23500,41,A,1.532348006,4.010605239
0,23500,42,A,1.993908855,7.412593539
0,23500,43,A,2.532634543,9.442782039
0,23500,44,A,3.357315245,9.406749258
0,23500,45,A,5.549079992,6.247897572
0,23500,46,A,3.759629083,10.08009228
0,23500,47,A,6.608893804,7.014194396
0,23500,48,A,1.873735812,6.488550706
0,23500,49,A,9.199134907,7.156614585
0,23500,50,A,7.118068533,8.861371817
0,23500,51,B,9.856239613,3.246273512
0,23500,52,B,4.277643025,8.952693699
0,23500,53,B,9.178499553,2.567111594
0,23500,54,B,9.70476678,10.22853986
0,23500,55,B,-0.9455974574,6.83025028
0,23500,56,B,9.039053473,3.708037483
0,23500,57,B,8.497156522,3.038346797
0,23500,58,B,3.257050114,3.709809846
0,23500,59,B,8.140275322,3.936659705
0,23500,60,B,4.979585423,3.770542581
0,23500,61,B,2.484180857,8.346698034
0,23500,62,B,10.28347399,8.554971145
0,23500,63,B,4.839359213,7.522704781
0,23500,64,B,3.04210674,7.65962935
0,23500,65,B,5.463943249,9.853707662
0,23500,66,B,4.022256652,7.93146311
0,23500,67,B,10.74403544,3.324729078
0,23500,68,B,4.767632171,5.68872359
0,23500,69,B,11.18488869,4.167269507
0,23500,70,B,10.6771028,6.783641495
0,23500,71,B,-0.7414407893,5.630917056
0,23500,72,B,10.35550806,9.479754806
0,23500,73,B,9.756641183,5.328474502
0,23500,74,B,3.814695782,6.329236393
0,23500,75,B,8.93505913,4.657416103
0,23500,76,B,8.998669542,10.71615078
0,23500,77,B,-0.007242770137,5.086943863
0,23500,78,B,11.18770865,6.000554761
0,23500,79,B,4.986174887,8.339892363
0,23500,80,B,0.08911756304,4.043040254
0,23500,81,B,8.902644792,9.729325734
0,23500,82,B,4.244974983,5.039576146
0,23500,83,B,-0.09447571034,6.202632579
0,23500,84,B,3.571945291,5.553945085
0,23500,85,B,8.207947987,10.28032496
0,23500,86,B,4.670012226,6.603202047
0,23500,87,B,5.149554462,4.813039616
0,23500,88,B,4.554974006,9.881875584
0,23500,89,B,4.26283471,4.168836149
0,23500,90,B,3.431813435,8.531668319
0,23500,91,B,11.85767433,4.615219095
0,23500,92,B,10.31832952,5.878105658
0,23500,93,B,5.258279463,9.102193922
0,23500,94,B,11.84098447,3.537935762
0,23500,95,B,4.12522995,3.284123904
0,23500,96,B,3.409327782,4.535117206
0,23500,97,B,9.557460283,9.145119931
0,23500,98,B,3.812846125,7.126885817
0,23500,99,B,10.24854692,2.427421366
0,23500,100,B,10.85550869,5.045992366
0,23750,1,A,2.725958249,5.920969313
0,23750,2,A,1.052470547,7.077151605
0,23750,3,A,8.326351532,6.893227755
0,23750,4,A,8.492143266,7.841986557
0,23750,5,A,8.76501148,8.756509097
0,23750,6,A,5.959822051,5.374837678
0,23750,7,A,9.500939907,1.806598796
0,23750,8,A,11.35596607,2.250952191
0,23750,9,A,7.751023662,8.31438522
0,23750,10,A,8.243673738,5.999614775
0,23750,11,A,7.334736142,9.701790798
0,23750,12,A,7.997084182,9.152013159
0,23750,13,A,5.987251682,8.474355968
0,23750,14,A,2.442696594,4.314755463
0,23750,15,A,0.7909596933,4.57584368
0,23750,16,A,9.438827238,8.165559844
0,23750,17,A,7.418171137,5.591733451
0,23750,18,A,6.79609591,7.989877625
0,23750,19,A,2.764886945,6.855881526
0,23750,20,A,11.50855707,2.861002847
0,23750,21,A,6.531719056,6.15540991
0,23750,22,A,2.797689806,10.22564372
0,23750,23,A,9.062594867,5.976544978
0,23750,24,A,6.330496005,9.361752761
0,23750,25,A,0.7237889143,5.531501945
0,23750,26,A,2.630369188,5.157355865
0,23750,27,A,1.629931918,4.945914297
0,23750,28,A,7.390812173,6.500086184
0,23750,29,A,9.677465111,6.469294248
0,23750,30,A,8.40842843,5.161035381
0,23750,31,A,7.567358847,4.704675417
0,23750,32,A,9.990971353,7.473431143
0,23750,33,A,10.44061061,4.207419646
0,23750,34,A,9.765510429,4.293227577
0,23750,35,A,6.743770044,5.031116276
0,23750,36,A,7.584132997,7.391704972
0,23750,37,A,0.8592797683,6.321007565
0,23750,38,A,5.694432783,6.931767165
0,23750,39,A,1.737949931,5.76304071
0,23750,40,A,5.784886522,7.664545957
0,23750,41,A,1.590890206,4.089016099
0,23750,42,A,2.070788283,7.39894001
0,23750,43,A,2.512268188,9.320270582
0,23750,44,A,3.330589252,9.438634315
0,23750,45,A,5.576936142,6.12471548
0,23750,46,A,3.706408893,10.20380351
0,23750,47,A,6.668130042,7.108660605
0,23750,48,A,1.852436274,6.574518831
0,23750,49,A,9.14543326,7.164883594
0,23750,50,A,6.96768206,8.856960057
0,23750,51,B,9.948494293,3.251096872
0,23750,52,B,4.265301009,8.981050564
0,23750,53,B,9.221306003,2.691791268
0,23750,54,B,9.784310141,10.15623111
0,23750,55,B,-0.7736081513,6.801422495
0,23750,56,B,9.038901558,3.720149688
0,23750,57,B,8.421452256,3.177056867
0,23750,58,B,3.238148059,3.693497868
0,23750,59,B,8.154647902,4.076700413
0,23750,60,B,4.991950209,3.822921447
0,23750,61,B,2.395467498,8.317219346
0,23750,62,B,10.26017116,8.614487825
0,23750,63,B,4.718822198,7.421320171
0,23750,64,B,3.151864623,7.782513969
0,23750,65,B,5.524659102,9.901496586
0,23750,66,B,4.080095924,8.004148036
0,23750,67,B,10.87062017,3.33914219
0,23750,68,B,4.819906077,5.708562483
0,23750,69,B,11.251941,4.193902432
0,23750,70,B,10.76077795,6.875187627
0,23750,71,B,-0.8628343558,5.592363257
0,23750,72,B,10.42589006,9.46688651
0,23750,73,B,9.792374065,5.297902273
0,23750,74,B,3.695396734,6.357435962
0,23750,75,B,8.99740993,4.693944857
0,23750,76,B,9.09494528,10.70554747
0,23750,77,B,-0.05393615566,5.172259089
0,23750,78,B,11.19102458,6.071645699
0,23750,79,B,5.016997785,8.288708868
0,23750,80,B,0.1842558843,4.09914783
0,23750,81,B,8.823393879,9.800480075
0,23750,82,B,4.266568151,5.049110063
0,23750,83,B,-0.06517233514,6.242131061
0,23750,84,B,3.736954489,5.633300654
0,23750,85,B,8.168677538,10.27811124
0,23750,86,B,4.684339531,6.58925231
0,23750,87,B,5.168667502,4.766040336
0,23750,88,B,4.54702369,9.809063096
0,23750,89,B,4.17592934,4.256544521
0,23750,90,B,3.363371371,8.583954762
0,23750,91,B,11.83849201,4.670475133
0,23750,92,B,10.32126235,6.056215449
0,23750,93,B,5.229280041,9.157065776
0,23750,94,B,12.02299843,3.603435596
0,23750,95,B,4.065437733,3.393348027
0,23750,96,B,3.355780252,4.611942831
0,23750,97,B,9.531800405,9.227918964
0,23750,98,B,3.690383477,7.101904559
0,23750,99,B,10.22147307,2.420858544
0,23750,100,B,10.73306894,5.106628452
0,24000,1,A,2.771704215,6.069487038
0,24000,2,A,1.141769179,7.182429992
0,24000,3,A,8.548673085,6.83245147
0,24000,4,A,8.539855801,7.772122165
0,24000,5,A,8.76066582,8.739672808
0,24000,6,A,5.918149356,5.321258498
0,24000,7,A,9.614977112,1.765239962
0,24000,8,A,11.19057608,2.247736617
0,24000,9,A,7.847313142,8.390624821
0,24000,10,A,8.150928492,6.075126952
0,24000,11,A,7.247178783,9.682324066
0,24000,12,A,8.030297006,9.302410856
0,24000,13,A,6.028441,8.492769923
0,24000,14,A,2.491198025,4.276383413
0,24000,15,A,0.9240853492,4.581767304
0,24000,16,A,9.487713984,8.201020118
0,24000,17,A,7.344168922,5.749184976
0,24000,18,A,6.81301565,7.964498014
0,24000,19,A,2.674048596,6.924092953
0,24000,20,A,11.75326665,2.734418119
0,24000,21,A,6.52315714,6.131262643
0,24000,22,A,2.73430318,10.34928873
0,24000,23,A,8.969655952,5.842010523
0,24000,24,A,6.301350154,9.313690683
0,24000,25,A,0.8536254002,5.486834702
0,24000,26,A,2.658279285,5.164280903
0,24000,27,A,1.756510411,4.951526151
0,24000,28,A,7.474626259,6.695102841
0,24000,29,A,9.60069962,6.457387764
0,24000,30,A,8.241480438,5.205013612
0,24000,31,A,7.51643821,4.757893794
0,24000,32,A,10.10077196,7.461605716
0,24000,33,A,10.45270226,4.163372386
0,24000,34,A,9.814583349,4.391323026
0,24000,35,A,6.677483131,5.054098378
0,24000,36,A,7.661276293,7.519255015
0,24000,37,A,0.7908412206,6.33424965
0,24000,38,A,5.746538851,6.884186435
0,24000,39,A,1.819812127,5.80409777
0,24000,40,A,5.793927843,7.655192869
0,24000,41,A,1.644108822,3.992340862
0,24000,42,A,2.053315151,7.496502099
0,24000,43,A,2.500361704,9.398289387
0,24000,44,A,3.258933251,9.529301861
0,24000,45,A,5.581026748,6.128328248
0,24000,46,A,3.688774323,10.20789726
0,24000,47,A,6.678597709,7.111931072
0,24000,48,A,1.743673294,6.552639638
0,24000,49,A,9.318077282,7.293661622
0,24000,50,A,7.079971562,8.796698601
0,24000,51,B,9.928127939,3.305616037
0,24000,52,B,4.242373884,9.087787108
0,24000,53,B,9.271704659,2.655146
0,24000,54,B,9.712249253,10.22012207
0,24000,55,B,-0.7554524158,6.729478171
0,24000,56,B,9.08964519,3.689482463
0,24000,57,B,8.456752733,3.200939365
0,24000,58,B,3.333878586,3.844021526
0,24000,59,B,8.292866318,4.160689607
0,24000,60,B,5.136383642,3.890312274
0,24000,61,B,2.5195393,8.372012473
0,24000,62,B,10.24709639,8.655074104
0,24000,63,B,4.767317267,7.489654129
0,24000,64,B,3.188038713,7.774345575
0,24000,65,B,5.487322622,9.93220121
0,24000,66,B,4.130610068,8.12993548
0,24000,67,B,10.89787975,3.273656527
0,24000,68,B,4.741081614,5.8169988
0,24000,69,B,11.28855679,4.1786491
0,24000,70,B,10.7952538,6.920527669
0,24000,71,B,-0.7674966625,5.562056225
0,24000,72,B,10.43557216,9.557307554
0,24000,73,B,9.778983556,5.350084724
0,24000,74,B,3.710436504,6.427308225
0,24000,75,B,9.041496357,4.73551206
0,24000,76,B,8.905389306,10.8040667
0,24000,77,B,0.07175223436,5.212533497
0,24000,78,B,11.10749654,6.030947629
0,24000,79,B,5.05356414,8.325721729
0,24000,80,B,0.08817285389,4.16553754
0,24000,81,B,8.872393424,9.779314206
0,24000,82,B,4.281634422,5.031742933
0,24000,83,B,-0.1052783875,6.21455815
0,24000,84,B,3.697897158,5.668454435
0,24000,85,B,8.193541173,10.30255554
0,24000,86,B,4.677168828,6.6572181
0,24000,87,B,5.196577124,4.890731063
0,24000,88,B,4.573656616,9.892095157
0,24000,89,B,4.288664632,4.233556598
0,24000,90,B,3.424255761,8.649442061
0,24000,91,B,11.8240789,4.736587453
0,24000,92,B,10.31926956,6.044075778
0,24000,93,B,5.207833569,9.144179946
0,24000,94,B,11.93254331,3.591799773
0,24000,95,B,4.190729784,3.439686011
0,24000,96,B,3.385214145,4.742021646
0,24000,97,B,9.575946666,9.285491115
0,24000,98,B,3.741769357,7.192456506
0,24000,99,B,10.25280593,2.490170614
0,24000,100,B,10.76520886,5.107571603
0,24250,1,A,2.771704215,6.128079474
0,24250,2,A,1.143882977,7.156984908
0,24250,3,A,8.573354594,6.845215221
0,24250,4,A,8.607039887,7.795550635
0,24250,5,A,8.750525944,8.814766165
0,24250,6,A,5.961036394,5.34996781
0,24250,7,A,9.58848296,1.81950982
0,24250,8,A,11.18044829,2.167030782
0,24250,9,A,7.737500064,8.243190498
0,24250,10,A,8.184645161,6.12958786
0,24250,11,A,7.441942402,9.600947476
0,24250,12,A,8.131576946,9.166340533
0,24250,13,A,6.042989521,8.569456687
0,24250,14,A,2.388816746,4.278501136
0,24250,15,A,0.8816846716,4.670621665
0,24250,16,A,9.393276131,8.25401358
0,24250,17,A,7.344168922,5.691872621
0,24250,18,A,6.78553091,7.954451034
0,24250,19,A,2.752277846,7.023885754
0,24250,20,A,11.70368674,2.654002902
0,24250,21,A,6.491227246,6.138732645
0,24250,22,A,2.796653983,10.31338977
0,24250,23,A,8.995035563,5.828850724
0,24250,24,A,6.403612359,9.399539537
0,24250,25,A,0.858425713,5.456010237
0,24250,26,A,2.653892686,5.322198484
0,24250,27,A,1.831718612,4.933357773
0,24250,28,A,7.449385904,6.566112765
0,24250,29,A,9.710336126,6.570404414
0,24250,30,A,8.296120843,5.206292119
0,24250,31,A,7.570017389,4.737840768
0,24250,32,A,10.09484706,7.599870198
0,24250,33,A,10.49368594,4.144083195
0,24250,34,A,9.864652929,4.359517819
0,24250,35,A,6.712509983,4.998064863
0,24250,36,A,7.686888933,7.424006292
0,24250,37,A,0.8481803424,6.332369679
0,24250,38,A,5.711039195,6.959966733
0,24250,39,A,1.737406723,5.81913754
0,24250,40,A,5.871997166,7.734648705
0,24250,41,A,1.42808533,4.029184519
0,24250,42,A,1.926970486,7.541817821
0,24250,43,A,2.486689186,9.423909534
0,24250,44,A,3.322535778,9.522994144
0,24250,45,A,5.602314194,6.160038985
0,24250,46,A,3.767500085,10.18270501
0,24250,47,A,6.731107517,7.075613024
0,24250,48,A,1.882164506,6.621258587
0,24250,49,A,9.339405775,7.270804462
0,24250,50,A,7.045777605,8.822571943
0,24250,51,B,10.033093,3.193444422
0,24250,52,B,4.236828441,9.078380954
0,24250,53,B,9.211544008,2.708166226
0,24250,54,B,9.871089738,10.27128163
0,24250,55,B,-0.7058465687,6.594552393
0,24250,56,B,9.221885422,3.766208983
0,24250,57,B,8.498409837,3.300916109
0,24250,58,B,3.31057576,3.919913161
0,24250,59,B,8.333285699,4.155676351
0,24250,60,B,5.033833349,3.907409473
0,24250,61,B,2.54391437,8.33735897
0,24250,62,B,10.24693426,8.696815386
0,24250,63,B,4.889491778,7.566884104
0,24250,64,B,3.14895177,7.671535834
0,24250,65,B,5.634587033,9.850422462
0,24250,66,B,3.996263834,8.092605738
0,24250,67,B,10.90446598,3.270960002
0,24250,68,B,4.805420537,5.782249796
0,24250,69,B,11.31287482,4.152460446
0,24250,70,B,10.80463853,6.839379333
0,24250,71,B,-0.8034304804,5.452540037
0,24250,72,B,10.46802148,9.656532233
0,24250,73,B,9.772701238,5.340755721
0,24250,74,B,3.684616966,6.454251314
0,24250,75,B,9.100698136,4.766372559
0,24250,76,B,8.935503142,10.75656858
0,24250,77,B,-0.02255965447,4.971897183
0,24250,78,B,11.16013574,6.050373998
0,24250,79,B,5.017665192,8.356582227
0,24250,80,B,0.2360096522,4.014346475
0,24250,81,B,8.980090262,9.911573483
0,24250,82,B,4.387846559,5.164776617
0,24250,83,B,-0.002792036445,6.005980619
0,24250,84,B,3.697897158,5.623161399
0,24250,85,B,8.138708679,10.21701685
0,24250,86,B,4.72732458,6.639730802
0,24250,87,B,5.295094779,4.764168237
0,24250,88,B,4.682520874,9.908777527
0,24250,89,B,4.295734206,4.376572967
0,24250,90,B,3.376075595,8.647552646
0,24250,91,B,11.84662452,4.515048591
0,24250,92,B,10.2483497,6.002434732
0,24250,93,B,5.151747761,9.124753577
0,24250,94,B,11.97326443,3.425408815
0,24250,95,B,4.195768233,3.515892549
0,24250,96,B,3.336008905,4.773246892
0,24250,97,B,9.585004712,9.280221499
0,24250,98,B,4.013425196,7.157990367
0,24250,99,B,10.2637028,2.398843259
0,24250,100,B,10.77818348,5.140178463
0,24500,1,A,2.705647002,6.085501433
0,24500,2,A,1.259927101,7.146094905
0,24500,3,A,8.536322589,6.841215219
0,24500,4,A,8.544264446,7.757321722
0,24500,5,A,8.772885633,8.725573024
0,24500,6,A,5.977174784,5.263604473
0,24500,7,A,9.701218247,1.858872701
0,24500,8,A,11.25570094,2.169486772
0,24500,9,A,7.789126931,8.227786879
0,24500,10,A,8.276861622,6.057061458
0,24500,11,A,7.34920737,9.604857916
0,24500,12,A,8.059749889,9.105640536
0,24500,13,A,6.053008452,8.581772372
0,24500,14,A,2.525646226,4.364152063
0,24500,15,A,0.8710218353,4.448320478
0,24500,16,A,9.502001132,8.24336041
0,24500,17,A,7.326823807,5.746571917
0,24500,18,A,6.775102898,7.930658532
0,24500,19,A,2.68171437,6.944556954
0,24500,20,A,11.81825348,2.577711763
0,24500,21,A,6.531475718,6.076358111
0,24500,22,A,2.729439677,10.1860258
0,24500,23,A,9.027914794,5.785821831
0,24500,24,A,6.447987908,9.442468711
0,24500,25,A,0.8200345785,5.378173519
0,24500,26,A,2.665172513,5.302458786
0,24500,27,A,1.700703636,4.892289911
0,24500,28,A,7.474452186,6.55451961
0,24500,29,A,9.630465831,6.542299797
0,24500,30,A,8.206700971,5.159894303
0,24500,31,A,7.51201225,4.770151395
0,24500,32,A,10.11563066,7.514531474
0,24500,33,A,10.48721626,4.0994079
0,24500,34,A,9.936450828,4.432890229
0,24500,35,A,6.714677728,4.913747185
0,24500,36,A,7.568764075,7.363847214
0,24500,37,A,0.7864546212,6.332683007
0,24500,38,A,5.666233215,6.920487338
0,24500,39,A,1.676620987,5.729525579
0,24500,40,A,5.830442686,7.759153885
0,24500,41,A,1.702627256,4.05102462
0,24500,42,A,2.014032171,7.569456205
0,24500,43,A,2.446825468,9.355322025
0,24500,44,A,3.287442982,9.459075123
0,24500,45,A,5.653454449,6.097782652
0,24500,46,A,3.665627358,10.18887425
0,24500,47,A,6.620206812,7.025172131
0,24500,48,A,1.792987464,6.507256883
0,24500,49,A,9.258858189,7.32405449
0,24500,50,A,7.054639426,8.759906236
0,24500,51,B,9.946212823,3.290421965
0,24500,52,B,4.204837754,9.004220301
0,24500,53,B,9.289877714,2.664545856
0,24500,54,B,9.700651423,10.29566231
0,24500,55,B,-0.7441942402,6.571481437
0,24500,56,B,9.157026416,3.768402282
0,24500,57,B,8.470262225,3.309001245
0,24500,58,B,3.224435462,3.856789414
0,24500,59,B,8.277199891,4.168209492
0,24500,60,B,4.954408043,3.916765729
0,24500,61,B,2.474827766,8.306479741
0,24500,62,B,10.35999543,8.741393752
0,24500,63,B,4.893305525,7.465131452
0,24500,64,B,3.173815403,7.642410312
0,24500,65,B,5.646180189,9.854495733
0,24500,66,B,4.145963166,8.065076474
0,24500,67,B,11.01569128,3.226970575
0,24500,68,B,4.77356022,5.800651156
0,24500,69,B,11.23794513,4.096573772
0,24500,70,B,10.74432029,6.803027119
0,24500,71,B,-0.7173491469,5.497262536
0,24500,72,B,10.46955965,9.68843161
0,24500,73,B,9.748453708,5.340440818
0,24500,74,B,3.565931915,6.524829356
0,24500,75,B,9.094674037,4.72029437
0,24500,76,B,8.948914863,10.68592009
0,24500,77,B,0.009713184564,4.997276794
0,24500,78,B,11.13287615,5.960448709
0,24500,79,B,5.01955461,8.396574911
0,24500,80,B,0.1250196441,3.986598973
0,24500,81,B,8.935189813,9.640492344
0,24500,82,B,4.349940042,5.12636815
0,24500,83,B,0.03415281024,6.089853393
0,24500,84,B,3.701055542,5.70415384
0,24500,85,B,8.190283797,10.16952741
0,24500,86,B,4.665775205,6.59713229
0,24500,87,B,5.288289374,4.896786953
0,24500,88,B,4.610495549,9.817102573
0,24500,89,B,4.267503461,4.342328185
0,24500,90,B,3.392450553,8.59212971
0,24500,91,B,11.82901815,4.530825077
0,24500,92,B,10.30079365,6.007090574
0,24500,93,B,5.235578102,9.175645062
0,24500,94,B,12.0634619,3.430634122
0,24500,95,B,4.117854012,3.444743259
0,24500,96,B,3.419801684,4.756358328
0,24500,97,B,9.682791696,9.263558117
0,24500,98,B,3.984783189,7.213484159
0,24500,99,B,10.35086324,2.549769992
0,24500,100,B,10.84211677,5.1173829
0,24750,1,A,2.760424387,5.995854833
0,24750,2,A,1.141591943,6.993556185
0,24750,3,A,8.535318691,6.763843337
0,24750,4,A,8.462377055,7.810340375
0,24750,5,A,8.772887193,8.804687702
0,24750,6,A,6.010581274,5.35729128
0,24750,7,A,9.491177912,2.021992481
0,24750,8,A,11.10655656,2.204266239
0,24750,9,A,7.840141228,8.291712197
0,24750,10,A,8.146226991,6.010554507
0,24750,11,A,7.319981219,9.64362563
0,24750,12,A,8.016510551,9.193685854
0,24750,13,A,6.022487758,8.590215097
0,24750,14,A,2.531820519,4.351330339
0,24750,15,A,0.9008195362,4.377512953
0,24750,16,A,9.490863011,8.208262889
0,24750,17,A,7.362748201,5.551740764
0,24750,18,A,6.782622783,7.981731083
0,24750,19,A,2.657836572,6.865480251
0,24750,20,A,11.76673978,2.493468476
0,24750,21,A,6.548566367,6.185731925
0,24750,22,A,2.725641755,10.24995749
0,24750,23,A,8.975922523,5.847963765
0,24750,24,A,6.418848354,9.44466201
0,24750,25,A,0.8014282609,5.387991178
0,24750,26,A,2.718823044,5.175815116
0,24750,27,A,1.667604088,4.884760201
0,24750,28,A,7.391435716,6.534692619
0,24750,29,A,9.597930047,6.574860773
0,24750,30,A,8.239438295,5.108042367
0,24750,31,A,7.366701988,4.594852183
0,24750,32,A,10.05815928,7.436539434
0,24750,33,A,10.46485655,4.297664816
0,24750,34,A,9.84885582,4.429212161
0,24750,35,A,6.645084152,4.972319153
0,24750,36,A,7.652422794,7.358833957
0,24750,37,A,0.789147042,6.249565922
0,24750,38,A,5.655343868,7.023597617
0,24750,39,A,1.74746909,5.669219968
0,24750,40,A,5.837042927,7.742206377
0,24750,41,A,1.742988379,4.00241776
0,24750,42,A,1.997744946,7.452810472
0,24750,43,A,2.557446733,9.328460771
0,24750,44,A,3.367341758,9.511400988
0,24750,45,A,5.677199713,6.198265066
0,24750,46,A,3.712943132,10.20385705
0,24750,47,A,6.693579225,7.101378668
0,24750,48,A,1.876489778,6.493496503
0,24750,49,A,9.155397728,7.388348885
0,24750,50,A,7.025522025,8.737751691
0,24750,51,B,9.985575704,3.326006009
0,24750,52,B,4.245679582,8.992996591
0,24750,53,B,9.225645365,2.782984042
0,24750,54,B,9.683566445,10.27343469
0,24750,55,B,-0.7946011631,6.525693384
0,24750,56,B,9.162287528,3.766177806
0,24750,57,B,8.425404288,3.307809337
0,24750,58,B,3.376741614,3.834201275
0,24750,59,B,8.308532745,4.253434854
0,24750,60,B,5.198747042,3.973005815
0,24750,61,B,2.510388217,8.308532745
0,24750,62,B,10.34802911,8.626139235
0,24750,63,B,4.813232677,7.412593539
0,24750,64,B,3.165251184,7.588247414
0,24750,65,B,5.52654852,9.856780356
0,24750,66,B,4.06825769,8.124295567
0,24750,67,B,10.95615886,3.251096872
0,24750,68,B,4.929807241,5.740367691
0,24750,69,B,11.26236813,4.025881954
0,24750,70,B,10.69076959,6.726850303
0,24750,71,B,-0.6611232074,5.434996756
0,24750,72,B,10.46797897,9.560417421
0,24750,73,B,9.797893485,5.398382979
0,24750,74,B,3.653190278,6.489522043
0,24750,75,B,9.114100407,4.776693506
0,24750,76,B,8.875030735,10.68888962
0,24750,77,B,0.07247700443,5.062313037
0,24750,78,B,11.19753893,5.880448654
0,24750,79,B,5.004439264,8.31438522
0,24750,80,B,0.1901904203,3.967365902
0,24750,81,B,8.964016039,9.707231322
0,24750,82,B,4.40163925,5.087515412
0,24750,83,B,-0.008459870427,6.244011032
0,24750,84,B,3.734249472,5.699759368
0,24750,85,B,8.14058865,10.19571051
0,24750,86,B,4.652302078,6.482767375
0,24750,87,B,5.305696515,4.838353755
0,24750,88,B,4.543577076,9.85292909
0,24750,89,B,4.305577153,4.270762871
0,24750,90,B,3.332248963,8.561388872
0,24750,91,B,11.95560918,4.467844467
0,24750,92,B,10.28158457,5.949148413
0,24750,93,B,5.251386235,9.129453505
0,24750,94,B,12.01560369,3.425413539
0,24750,95,B,4.245056043,3.457837586
0,24750,96,B,3.498313086,4.76510035
0,24750,97,B,9.695413691,9.190658568
0,24750,98,B,3.939122247,7.203722164
0,24750,99,B,10.31477535,2.516028131
0,24750,100,B,10.95673671,5.022388737
0,25000,1,A,2.713519578,5.913879271
0,25000,2,A,1.05191092,6.989252818
0,25000,3,A,8.418405061,6.720819118
0,25000,4,A,8.479079515,7.717329038
0,25000,5,A,8.80500417,8.761862453
0,25000,6,A,5.969221907,5.374211021
0,25000,7,A,9.480156305,1.899810098
0,25000,8,A,11.13867429,2.242315491
0,25000,9,A,7.870499454,8.282839805
0,25000,10,A,8.242587322,5.869477941
0,25000,11,A,7.388570251,9.687047613
0,25000,12,A,8.03569602,9.114238967
0,25000,13,A,6.06478711,8.587081812
0,25000,14,A,2.653058193,4.322674162
0,25000,15,A,0.9203441125,4.512554434
0,25000,16,A,9.465370175,8.305421612
0,25000,17,A,7.308074735,5.566908069
0,25000,18,A,6.85176239,7.990033513
0,25000,19,A,2.688295526,6.770111794
0,25000,20,A,11.79331191,2.499145802
0,25000,21,A,6.581779192,6.217691435
0,25000,22,A,2.774524171,10.08228558
0,25000,23,A,9.116920363,5.838563909
0,25000,24,A,6.407332352,9.448980906
0,25000,25,A,0.848493671,5.411497116
0,25000,26,A,2.793323884,5.156134361
0,25000,27,A,1.770461332,4.758871007
0,25000,28,A,7.509807928,6.431264981
0,25000,29,A,9.600449271,6.586197281
0,25000,30,A,8.367918735,5.066475165
0,25000,31,A,7.502025097,4.701181329
0,25000,32,A,9.944638303,7.528387207
0,25000,33,A,10.50957438,4.177818759
0,25000,34,A,9.888205453,4.434706488
0,25000,35,A,6.625417598,5.027597955
0,25000,36,A,7.62159851,7.391404377
0,25000,37,A,0.8453603856,6.208604908
0,25000,38,A,5.796891214,6.956520119
0,25000,39,A,1.789105931,5.628947119
0,25000,40,A,5.873169304,7.785739335
0,25000,41,A,1.706073869,3.94417959
0,25000,42,A,1.98251509,7.393287438
0,25000,43,A,2.637259773,9.193152726
0,25000,44,A,3.47054651,9.338449935
0,25000,45,A,5.593227666,6.228031277
0,25000,46,A,3.706941566,10.13126771
0,25000,47,A,6.732042828,7.111778306
0,25000,48,A,1.847536192,6.48889224
0,25000,49,A,9.141005721,7.312048812
0,25000,50,A,7.031785099,8.839958406
0,25000,51,B,10.00761892,3.29609022
0,25000,52,B,4.26910128,8.979682465
0,25000,53,B,9.152326488,2.703398594
0,25000,54,B,9.63596016,10.22590399
0,25000,55,B,-0.9251104098,6.577683769
0,25000,56,B,9.221885422,3.612678001
0,25000,57,B,8.356254855,3.306081376
0,25000,58,B,3.55292734,3.829155282
0,25000,59,B,8.320683281,4.122080919
0,25000,60,B,5.265185351,3.905529407
0,25000,61,B,2.536858967,8.117570809
0,25000,62,B,10.49932586,8.699566756
0,25000,63,B,4.937496516,7.395488721
0,25000,64,B,3.226811549,7.493432965
0,25000,65,B,5.57536794,10.01961987
0,25000,66,B,4.221788672,8.087009471
0,25000,67,B,10.96306923,3.267658078
0,25000,68,B,4.944324272,5.723259008
0,25000,69,B,11.35565274,4.024705023
0,25000,70,B,10.6534835,6.803302466
0,25000,71,B,-0.6686430923,5.532128602
0,25000,72,B,10.50559243,9.765197101
0,25000,73,B,9.854890934,5.293835166
0,25000,74,B,3.560923684,6.522271962
0,25000,75,B,9.103760565,4.66044862
0,25000,76,B,8.833671368,10.69578285
0,25000,77,B,0.05890576445,5.197493727
0,25000,78,B,11.07491037,5.883996546
0,25000,79,B,5.086159723,8.354703722
0,25000,80,B,0.2383816086,4.102242027
0,25000,81,B,9.078694282,9.572500052
0,25000,82,B,4.468906678,5.067504474
0,25000,83,B,-0.06703048245,6.304294815
0,25000,84,B,3.786079365,5.660697219
0,25000,85,B,8.275926311,10.1262794
0,25000,86,B,4.575536587,6.475874147
0,25000,87,B,5.35059135,4.742952231
0,25000,88,B,4.640708922,9.861075632
0,25000,89,B,4.414310949,4.155775545
0,25000,90,B,3.341538046,8.424739649
0,25000,91,B,11.96222214,4.540272169
0,25000,92,B,10.24552974,5.974548493
0,25000,93,B,5.261425219,9.201258742
0,25000,94,B,12.03055611,3.439686011
0,25000,95,B,4.422363243,3.277922859
0,25000,96,B,3.629622683,4.736405068
0,25000,97,B,9.873646755,9.197300212
0,25000,98,B,4.070137661,7.188069906
0,25000,99,B,10.25166878,2.510092208
0,25000,100,B,10.97179879,4.991120902
